hindi,english
विन्यास विकल्पः,Configure Options:
छैतिज पैमाना,Profile Plugins
~ a को एक ईंट का छक्का पर ले जाएँ,Move ~ a onto the six of diamonds.
विधि,Method
Default Text below icons Text beside icons Icons only Text only,Default Text below icons Text beside icons Icons only Text only
मध्य यूरोपीय,Central European
रविशंकर श्रीवास्तव (raviratlami @yahoo. com) राजेश रंजन (rajeshkajha @yahoo. com) ल. बालसुब्रमण्यम (l. balasubramaniam @gmail. com) ,translator - credits
#-#-#-#-#gedit. gnome-2-2. hi. po (gedit VERSION) #-#-#-#-#बर्तमान फाइल को बंद करें #-#-#-#-#libgnomeui. HEAD. hi. po (libgnomeui HEAD) #-#-#-#-#वर्तमान फाइल को बंद करें,Compile current editor file
स्रोतः,Source:
पोकर,Poker
नया (_ N) _ New Game,_ New
Anjuta advanced tutorial,Anjuta advanced tutorial
शेष ताशः ~ a,Cards remaining: ~ a
इंटरफेसः,Interface:
% d%% Not ApplicableNot Applicable,% d%%
हुकुम की दुक्का के बगल में हुकुम के इक्का को रखें. ,Place the two of spades next to the ace of spades.
एक अंतर्क्रियात्मक पाइथन पहुंचनीयता अन्वेषक,An interactive Python accessibility explorer
"0, 0","0, 0"
gtk-doc सिस्टम जोड़ेंः,Add gtk - doc system:
विकल्प,Import options
#-#-#-#-#gnome-media. HEAD. hi. po (gnome-media 2.0) #-#-#-#-#सर्वर #-#-#-#-#gnome-utils. gnome-2-2. hi. po (gnome-utils 2.0) #-#-#-#-#सरवर,Step over
ओफसेट,Offset
नया कार्ड डील करें,Deal a new card
आप एक छक्का के लिए खोज रहे हैं. ,You are searching for a six.
Anjuta घर पेज (_ H) ,Anjuta Home Page
क्लिक करके ताश ले या छोड़ें,Pick up and drop cards by clicking
चिड़ी का अट्ठा,eight of clubs
वर्णन,Font description
नया खेल,New Game
पसंद (_ P)... ,_ Preferences...
फिर बांटने के लिये किसी कार्ड को दो बार क्लिक करें,Double click any card to redeal.
~ a को हुकुम का अट्ठा पर घुमाएँ. ,Move ~ a onto the eight of spades.
“% s” खेल आरंभ नहीं कर सका,Cannot start the game “% s”
GtkSourceView Editor,GtkSourceView Editor
गैर संस्करण,Unversioned
Scratchbox,Scratchbox
Anjuta शेल,Anjuta Shell
~ a को लाल पान का दुक्का पर घुमाएँ. ,Move ~ a onto the two of hearts.
नया दृश्य... ,New View...
ग्लेड अतंरफलक डिजायनर,Glade interface designer
प्रोजेक्ट साफ करें (_ C) ,_ Clean Project
~ a को काला जोकर पर ले जाएँ. ,Move ~ a onto the black joker.
छोड़ रहा हैः% s,Leaving:% s
हुकुम का दहला हटाएँ. ,Remove the two of spades.
जब व्यवसायी न हो तो हाट और शासक भी वह काम करते हैं,"When without a stapler, a staple and a ruler will work"
वर्गः,Category:
आधार खाली करें,empty foundation
एक पंजा को आप ढूंढ रहे हैं. ,You are searching for a five.
पैचेस,Patches
अत्यावश्यक,Urgent
स्पेसिंग,CVS operations
बादशाह,king
बरबादीfoundationslot hint,waste
नया दृश्य... ,New View...
#-#-#-#-#gedit. gnome-2-2. hi. po (gedit VERSION) #-#-#-#-#वर्तमान फाइल को संग्रहित करें #-#-#-#-#libgnomeui. HEAD. hi. po (libgnomeui HEAD) #-#-#-#-#वर्तमान फाइल संग्रहित करें,Clean module associated with current file
फोटो,Photos
गनोम सॉलिटेयर,GNOME Solitaire
कोरियन,Korean
न्यूनतम वृद्धि,Minimum increment
जैंगो परियोजना,Django Project
दोषमुक्त करें,DEBUG
परियोजना प्रबंधक,Project Manager
एक स्ट्रिंग देनी ही होगी,You must provide a tool command!
ऑप्टीमाइज़्ड,Optimized
मिटाकर लिखें,OVR
शीर्षकः,Caption:
चिड़ी का बादशाह हटाएँ. ,Remove the king of clubs.
"नाम (x, y) ","name (x, y)"
लाल पान का बादशाह,the king of hearts
स्मार्ट हाशिया सक्रिय करें,Enable smart indentation
हाल में खेला गया (_ R) ,_ Recently Played
भिन्न प्रकार के सॉलिटेयर खेल खेलें,Play many different solitaire games
चिड़ी का नहला,nine of clubs
विन्यास विकल्पः,Configure Options:
समूह गुण,Group doesn 't exist
निचले पटल के लिए डिफोल्ट प्लग-इन खाका,The default plugin layout for the bottom panel
नेपोलियन मकबरा,Napoleons Tomb
नया,New
पसंद (_ P)... ,_ Preferences...
एक दौर और चलें,Deal another round
% s का कोई नाम या विवरण नहीं,% s has no name or description
पथः,Path:
टर्मिनल में चलाएँ,Run in terminal
"रीसेट करें (_ R) _ Restart ""is the menu item 'Game-> Restart', implies"" Restart Game",_ Reset
लाल पान की तिक्की,three of hearts
/ बुकमार्क संशोधन,Prev bookmark
अल्ड लेंग स्याने,Auld Lang Syne
हाइपरपाठ,H _ ypertext
~ a को एक ईंट का अट्ठा पर ले जाएँ,Move ~ a onto the eight of diamonds.
मोड्यूल,Module
हुकुम का दहला हटाएँ. ,Remove the three of spades.
आधार पत्ताः ~ a,Base Card: ~ a
छह आधार,Six Foundations
प्रोजेक्ट बिल्ड करें (_ B) ,_ Build Project
हुकुम का सत्ता,seven of spades
प्रसंग फाइल नाम,Theme file name
हाशिया पैरामीटर,Indentation parameters
लाल पान का बादशाह हटाएँ. ,Remove the six of hearts.
चिड़ी की चौवा के बगल में चिड़ी के तिक्की को रखें. ,Place the four of clubs next to the three of clubs.
ऊपरी पटल के लिए डिफोल्ट प्लग-इन खाका,The default plugin layout for the top panel.
नेपोलियन मकबरा,Napoleons Tomb
घटक,Component
प्लग-इन त्रुटियां,Plugin Errors
खेलने के लिये खेल चुनें,Select the game type to play
एक और पत्ता बाँटें,Deal another card
जोड़ा गया,Added
ढूंढा जा रहा है,Searching
Qcard symbol,Q
जेनेरिक C + + प्रोजेक्ट,A generic GTKmm (C + +) project
ताज़ा करें (_ R) ,_ Refresh
ब्रेकपाइंट समायोजित करें,Jump to Breakpoint
इस प्रोग्राम के साथ आपको ग्नू-जनरल पब्लिक लाइसेंस की प्रतिलिपि मिलनी चाहिए. यदि नहीं तो देखें. slot type,"You should have received a copy of the GNU General Public License along with this program. If not, see."
फ़ॉन्टः,Font:
प्लगइन्स,Plugins
एनीमेशन,Animations
सुरक्षित खाँचा पर बेकार को ले जाएँ,Move ~ a onto an empty reserve slot.
गलियां और चौबारा,Streets And Alleys
डेवलेपर ईमेल पताः,Developer email address:
ताश के पत्तों को ढेर में वापस करें,Return cards to stock
कृपया खाली ढेर को पहले भरें. ,Please fill in empty pile first.
लीक विभेदनः,Leak resolution:
हुकुम की तिक्की,the three of spades
जोड़ें (_ A)... ,_ Add...
केनफील्ड,Canfield
सभी मिलानों को बदलें,Clear all stashes
ताशों को फेंट कर देखें,Try dealing a row of cards
आईडी,ID
विशिष्ट पंक्ति संख्या पर जाएं,Go to a particular line in the editor
गे गोरडोन्स,Gay Gordons
यह फ़ाइल (छोटि) को बान्द करे,Reload current file
विडजेट,WIDGET
ईंट का अट्ठा,the eight of diamonds
ईंट की तिक्की,three of diamonds
~ a को चिड़ी का चौवा पर ले जाएँ,Move ~ a onto the four of clubs.
~ a को चिड़ी का दहला पर ले जाएँ,Move ~ a onto the ten of clubs.
ग्लेनवुड,Glenwood
काल ग्राफ,Graph
लाल पान का बादशाह,king of hearts
न्यास,the foundation
एक% s को आप ढूंढ रहे हैं. ,You are searching for a five.
हुकुम की गुलाम के बगल में हुकुम के दहला को रखें. ,Place the jack of spades next to the ten of spades.
प्रोजेक्ट बंद करें,Install module
कार्ड थीम “% s” के साथ कार्ड दिखाएं,Display cards with “% s” card theme
ऊपरी पटल,Top panel
फ़ाइल सहेजा जा रहा है... ,Saving file...
यूजर नाम,User name
दहला मिटाएँ,Remove the tens
घटनाओं हेतु ध्वनि बजाएँ या नहीं. ,Whether or not to play event sounds.
के बारे में (_ A) ,_ About
प्लगिन के लिए प्रतीक फाइल,Icon file for the plugin
~ a को एक खाली शीर्ष स्लॉट में ले जाएँ. ,Move ~ a onto an empty top slot.
आधार पत्ताः इक्का,Base Card: Ace
चिड़ी का गुलाम,the jack of clubs
"% s is distributed in the hope that it will be useful, but WITHOUT ANY WARRANTY; without even the implied warranty of MERCHANTABILITY or FITNESS FOR A PARTICULAR PURPOSE. See the GNU General Public License for more details. ","% s is distributed in the hope that it will be useful, but WITHOUT ANY WARRANTY; without even the implied warranty of MERCHANTABILITY or FITNESS FOR A PARTICULAR PURPOSE. See the GNU General Public License for more details."
% s का कोई नाम या विवरण नहीं,% s has no name or description
मान बदलें,Change Value
विधि,Method
सफलतापूर्वक फ्लापी को फार्मेट किया,Completed... successful
सिस्टम मेनू,System:
मकड़ी,Spider
लाल पान का गुलाम,the jack of hearts
पिछली क्रिया रद्द करें,Undo the last action
ईंट का इक्का,the ace of diamonds
सीहैवन,Seahaven
लाल पान का गुलाम,jack of hearts
तिक्की मिटाएँ,Remove the threes
"यदि आप कभी जंगल में अकेले गुम हो जाएँ, तो किसी पेड़ के आगोश में जाएँ","If you 're ever lost and alone in the woods, hug a tree"
चुनें (_ S) ,_ Select
फाइल..... प्रविष्ट करें,_ Insert Macro...
अपारिभाषित,undefined
चिड़ी का पंजा,five of clubs
नेपोलियन मकबरा,Napoleons Tomb
छापा जा रहा है,Printing
~ a को हुकुम का नहला पर घुमाएँ. ,Move ~ a onto the nine of spades.
ग्लेड फाइल,Header Files
टिप्स (संकेतों) को दिखाएं (_ i) ,Show uncalled functions
अगला संदेश (_ N) ,_ Copy Message
रीढ़,Backbone
बादशाह मिटाएँ,Remove the kings
टर्मिनल में चलाएँ,Run in terminal
चीनी पारम्परिक,Chinese Traditional
प्रसंग फ़ाइल का नाम जिसमें खेला जाने वाला सॉलिटेयर खेल है. ,The name of the scheme file containing the solitaire game to play.
दुसरे ओप्शन्स,Other colors
चिड़ी का नहला,the nine of clubs
प्रवाहित करनेयोग्य विषयवस्तु,St _ reamable Content
दहला,ten
स्थान-विशिष्ट,Locale
हुकुम का दहला हटाएँ. ,Remove the two of spades.
~ a को एक ईंट का अट्ठा पर ले जाएँ,Move ~ a onto the eight of diamonds.
वस्तु जोड़ें,Add Item
मौजूद प्लगिन,Available plugins
हुकुम का दहला हटाएँ. ,Remove the three of spades.
खास,Signal:
निगरानी,Watches
अंजुटा के लिए डेव वहेल्प प्लगिन,Devhelp Plugin for Anjuta.
ग्नोम खेल वेबसाइट,GNOME Games web site
दृश्य _ (V) ,_ View
वस्तु जोड़ें,Add Item
तुर्की,Turkish
"चुने हुए आयटम को खोलने के लिए ""% s"" का उपयोग करें","The match ""% s"" was not found."
अनुप्रयोग से बाहर जाएं,Execute Program
बचा मालः ~ a,Stock left: ~ a
रिसेट करें (_ R) ,_ Reset / Revert
काल ग्राफ,Call Graph
#-#-#-#-#balsa. HEAD. hi. po (Balsa 2. x) #-#-#-#-#उपयोगकर्ता का नाम #-#-#-#-#eel. HEAD. hi. po (eel VERSION) #-#-#-#-#उपयोगकर्ता का नामः (_ U) ,Username:
अज्ञात मान,Unknown value
विषय सूची (_ C) ,_ Contents
प्रोजेक्ट विन्यस्त करें (_ o)... ,C _ onfigure Project...
सॉलिटेयर,Solitaire
घटक,Component
यूनिकोड,Unicode
जब व्यवसायी न हो तो हाट और शासक भी वह काम करते हैं,"When without a stapler, a staple and a ruler will work"
अगला संदेश,_ Next Message
प्रगतिशील राउंड,Progressive Rounds
रिडील पर बेतरतीब रूप से रखा गैप्स,Randomly Placed Gaps on Redeal
जायंट,Giant
श्रेणी,Functions
त्रुटि,ERROR
चयनित पाठ्य को हटाएं,Box comment the selected text
लाल पान का गुलाम,the jack of hearts
हुकुम का पंजा,five of spades
मदद (_ H) ,_ Help
चुने गए अनुप्रयोग,Selected application
आधार ढेर,the foundation pile
पूरा नाम,Full name
लाग सहेजें (_ a) ,S _ ave Log
दोषसुधार,Debug
संदेश अनुवाद करें,Translate messages
कमांडः,Command:
भूमिका,Role
सोलिटेयर; पत्ते; क्लोंडाइक; मकड़ी; FreeCell; धैर्य; ,solitaire; cards; klondike; spider; freecell; patience;
#-#-#-#-#gedit. gnome-2-2. hi. po (gedit VERSION) #-#-#-#-#वर्तमान फाइल को संग्रहित करें #-#-#-#-#libgnomeui. HEAD. hi. po (libgnomeui HEAD) #-#-#-#-#वर्तमान फाइल संग्रहित करें,Set current frame
से,From
संकेत,Symbols
हिस्से,Function Call Tree
वतनी,Native
कार्रवाई संपन्न करें,Perform action
आइकन फाइलः,Icon File:
हाइलाइट मोड (_ H) ,_ Highlight Mode
पुस्तक-चिह्न जोड़ें... ,Add Bookmark...
कमांड,Command
Anjuta स्थिति,Anjuta Status
सभी,All
दोहराएँ (_ R) ,_ Redo
एलीवेटर,Elevator
शेष ताशः ~ a,Cards remaining: ~ a
चिड़ी का चौवा,the four of clubs
कुंजी,Key
विधि,Method
प्राथमिकता,Priority
प्रारंभ,Start
लाइसेंसः,License:
छैतिज पैमाना,Editor text transformation
चव्वा मिटाएँ,Remove the fours
नियंत्रण (_ C) ,_ Control
जेबिल्डर प्रोजेक्ट,Build Project
पुस्तक चिह्नों को संपादित करें... ,Edit Bookmarks...
ढूंढें,Search
ताश को उलटे खिसका कर देखें,Try moving a card to the reserve
~ a को चिड़ी का सत्ता पर घुमाएँ. ,Move ~ a onto the seven of clubs.
Gnome हैलो,Gnome API
बिल्ड निर्देशिका चुनें,Select a build directory
सभी फ़ाइल का चयन करे,Select debugging target
~ a को एक खाली स्लॉट में ले जाएँ. ,Move ~ a onto an empty slot.
फ़ाइल खोलें,End of file
"चुने गए प्रकारों और स्रोतों से घटनाएं जैसे-जैसे घटित होती हैं, उन्हें दर्शाता है",Shows events as they occur from selected types and sources
बिल्ड निर्देशिका चुनें,Select a build directory
चिड़ी का दहला हटाएँ. ,Remove the three of clubs.
एस्लेरियॉट सॉलिटेयर,AisleRiot Solitaire
थाई,Thai
पंक्ति संख्या,Go to Line number:
राजा अलबर्ट,King Albert
~ a को एक ईंट का दुक्का पर ले जाएँ,Move ~ a onto the two of diamonds.
फ्रीसेल सॉलिटेयर,FreeCell Solitaire
विकल्पों को सन्ग्रहित करे,Messages options
मैनेजर प्लगिन डिबग करें,Debug Manager plugin.
लाल पान का दहला,Remove the ten of hearts.
~ a को एक हुकुम का बादशाह पर ले जाएँ,Move ~ a onto the king of spades.
छैतिज पैमाना,Editor quick navigations
~ a को एक हुकुम का चव्वा पर ले जाएँ,Move ~ a onto the four of spades.
संग्रहित नहीं करें,Do _ n 't save
क़िस्म,Type
कोः,To:
एक्सेर्साइसर पहुंचनीयता अन्वेषक,Accerciser Accessibility Explorer
जूम,Zoom In
“% s” खेल आरंभ नहीं कर सका,Cannot start the game “% s”
समायोजन,_ Settings
इक्का मिटाएँ,Remove the aces
GtkSourceview संपादक,GtkSourceview editor
शीर्ष,Header _ cpp
GtkSourceview संपादक,GtkSourceview editor
नयी,/ _ New
शीर्षकः,Header:
दस्तावेज़,Documents
ईंट का बादशाह,the king of diamonds
ऐसे फाइल सहेजें,Save file as
~ a को एक लाल पान का दहला पर ले जाएँ,Move ~ a onto the ten of hearts.
वरीय प्लगिन,Preferred plugins
नया बीएसडी लाइसेन्स विवरण के लिए देखिए प्रतिलिपीकरण और सूचना फाइलें,The New BSD License See the COPYING and NOTICE files for details.
सक्रिय प्लगिन,Activated plugins
चिड़ी की तिक्की,three of clubs
यह खेल कोई संकेत उपलब्ध कराने में असमर्थ है. ,This game is unable to provide a hint.
स्थिति पट्टी (_ S) ,_ Statusbar
प्रोजेक्ट प्लान,Project level
अज्ञात,Unknown
सिकोड़ें,Shrink
फेंटें मोड,Shuffle mode
खाली तस्वीर खाँचा पर पत्तों को ले जाएँ,Move a build of cards on to the empty Tableau slot
घड़ी,Clock
स्टाक में से पत्ता निकालें,Deal a card from stock
पॉपअप संवाद,Popup dialog
make (\\ [\\d + \\])?: \\s + Leaving\\s + directory\\s + '(. +)' ,make (\\ [\\d +\\])?: \\s + Leaving\\s + directory\\s + '(. +)'
नाम,NAME
मौजूदा मान,Current value
गाढ़ा,Bold
मदद,_ Help
अज्ञात,unknown
बायीँ डीलः ~ a,Deals left: ~ a
अंकः,Score:
ताश के पत्तों को ढेर में वापस करें,Return cards to stock
अट्ठा मिटाएँ,Remove the eights
Copyright (c) Naba Kumar,Copyright (c) Naba Kumar
स्पाइडर तीन डेक,Spider Three Decks
Icon:% s,Anjuta status to use in loading and unloading of plugins
आधार पर एक पत्ता ले जाएँ,Move a card to the Foundation
खेल चुनें... (_ S) ,_ Select Game…
अधिकतम मान,Maximum value
ईंट का दहला के बगल में ईंट का नहला को रखें. ,Place the ten of diamonds next to the nine of diamonds.
मिलाएं,Merge…
वर्तमान शब्द के लिए दस्तावेज खोजें,Online documentation and resources
चिड़ी का छक्का,the six of clubs
फाइल चयन करें,Shell scripts files
ब्लाक दस,Block Ten
~ a को चिड़ी का नहला पर ले जाएँ,Move ~ a onto the nine of clubs.
प्रविष्ट,INS
परियोजना तयशुदा,Project name
ढूंढा जा रहा है,Searching
ई-मेल पताः,Email address:
नया प्रोजेक्ट बनाएं,Save glade project...
~ a को एक आधार पर ले जाएँ. ,Move ~ a onto the foundation.
डेवलेपर को इस बग को रिपोर्ट करें. ,Please report this bug to the developers.
त्यागें (_ A) ,_ Abort
जेम्सटाउन,Jamestown
एस्लेरियाट के लिये सहायता देखें,View help for Aisleriot
अद्यतन करें (_ U) ,_ Update
लेखक,Author
स्पेसर का आकार,_ White Space
लाल पान का इक्का,the ace of hearts
कोई संकेत उपलब्ध नहीं है,No hint available
छक्का मिटाएँ,Remove the sixes
यह चयन याद रखें,Remember this selection
c/. h फाइलों को आपस में बदलें,Swap. h /. c
मान,Value
ईंट का दहला,Move ~ a onto the ten of diamonds.
स्तंभ,Column
साराटोगा,Saratoga
कानफिगर (_ n) ,_ Configure
चलाने के लिए प्रोग्राम चुनेंः,Select Program to run:
आधार पत्ताः ~ a,Base Card: ~ a
ट्रेज,Treize
ईंट का पंजा,the five of diamonds
शीर्ष,cvs _ header
बचा मालः 0,Stock left: 0
ईटैलिक,Italic
~ a को एक खाली आधार में ले जाएँ. ,Move ~ a onto an empty foundation slot.
मोन्ते कार्लो,Monte Carlo
सोलिटेयर; पत्ते; क्लोंडाइक; मकड़ी; FreeCell; धैर्य; ,solitaire; cards; klondike; spider; freecell; patience;
संपादक,Editor tabs
एक खाली फाउन्डेशन स्लाट,an empty foundation slot
~ a को एक हुकुम का चव्वा पर ले जाएँ,Move ~ a onto the four of spades.
तिथि तथा समय प्रविषश्ट करें,no end time
प्लग-इन दृश्य (% d) ,Plugin View (% d)
चीनी (सरल) ,Chinese Simplified
स्तर छोडें (_ l) ,File filter:
वेलेंटाइन,Valentine
यूआरआई,URI
~ a को एक ईंट का इक्का पर ले जाएँ,Move ~ a onto the ace of diamonds.
पसंदीदा,Favorite
किसी वस्तु को तस्वीर के खाली खाँचे में ले जाएँ,Move something into the empty Tableau slot
चिड़ी का इक्का,Move ~ a onto the ace of clubs.
लपेट,Plait
टिप्पणीः परिवर्तन सत्रांत (लोगआउट) के बाद ही प्रभाव में आएंगे। ,Note: Changes only take effect after logout.
चीनी पारम्परिक,Chinese Traditional
चार मूलाधार,Four Foundations
लाल पान का पंजा,Move ~ a onto the five of hearts.
हाइलाइट बक्से का सीमांत रंग,The border color of the highlight box
संगतता ही कुंजी है,Consistency is key
सहेज रहे हैं,Saving
यात्रा जांच,Enable braces check
"चुने गए प्रकारों और स्रोतों से घटनाएं जैसे-जैसे घटित होती हैं, उन्हें दर्शाता है",Shows events as they occur from selected types and sources
चार सूइट,Four Suits
रविशंकर श्रीवास्तव (raviratlami @yahoo. com) राजेश रंजन (rajeshkajha @yahoo. com) ,translator - credits
अज्ञात मान,Unknown value
कार्य के,Additional build options:
लाल पान का इक्का,ace of hearts
~ a को एक हुकुम का छक्का पर ले जाएँ,Move ~ a onto the six of spades.
स्पाइडर तीन डेक,Spider Three Decks
अगला मिलान बदलें,Replace next match
#-#-#-#-#file-roller. gnome-2-2. hi. po (File Roller hindi) #-#-#-#-#नामः #-#-#-#-#gnome-desktop. HEAD. hi. po (gnome-desktop VERSION) #-#-#-#-#नाम: ,Name:
छवि (_ I) ,_ Image
~ a को एक सुरक्षित खाँचा पर ले जाएँ,Move ~ a onto an empty reserve slot.
अतिरिक्त में से एक ताश के पत्ते को खाली खाँचा पर ले जाएँ,Move a card from the reserve on to the empty tableau slot
पास,Pass
सत्ता मिटाएँ,Remove the sevens
सिन्योर,Signora
लाल पान का पंजा,five of hearts
हुकुम का पंजा,the five of spades
प्लगिन चुनें,Select an Image File
बतौर रूट संस्थापित करेंः,Install as root:
~ a को एक तस्वीर में ले जाएँ,Move ~ a onto the tableau.
डायरेक्टरी का निर्माण करें,Ignore Directories:
भराई के रंग को हाइलाइट करें,Highlight fill color
लेखकः,Author:
व्यवसाय,Business
सीमांत रंगः,Border color:
एक पत्ता या पत्तों के समूह खाली खाँचा पर ले जाएँ,Move a card or build of cards on to the empty slot
(क्रियान्वित नहीं हुआ है) ,(not implemented)
मद (_ e): ,It _ ems:
"सूर्य किरणें आपको विटामिन डी देती हैं, कम्प्यूटरों के मॉनीटर्स नहीं... ",Monitors won 't give you Vitamin D - - but sunlight will...
मौजूद प्लगिन,Available Plugins
ऊपरी पटल के लिए डिफोल्ट प्लग-इन खाका. ,The default plugin layout for the top panel.
फाइल चयन करें,Selected text:
अंजूटा,Macro Plugin
बदलाव त्यागें (_ D) ,_ Discard changes
पत्ते बाँटें,Deal the cards
एक खाली खाँचा,an empty slot
टैग लिस्ट प्लगइन,Sample action
Kcard symbol,K
एटी-एसपीआई सत्यापक,AT - SPI Validator
मान (_ V): ,_ Value:
सत्यापन,V _ alidate
चिड़ी का चौवा,four of clubs
अंतराष्ट्रीयकरण जोड़ेंः,Add internationalization:
दृश्य,View
शीर्षकः,Title:
नया (_ N) _ New Game,_ New
गनोम सॉलिटेयर,GNOME Solitaire
प्रोजेक्ट में सोर्स जोड़ें,Add to Project
दुसरे ओप्शन्स,Colors:
चिड़ी का चौवा,the four of clubs
"% s जिस पर कार्रवाई हो सकती है, वह न तो फोकस करने योग्य है न ही चयनीय",actionable% s is not focusable or selectable
सी + + सोर्स कोड,C # source files
घड़ी,Clock
चिड़ी का गुलाम,the jack of clubs
चिड़ी का दहला,ten of clubs
सिग्नल,Signal
हुकुम का सत्ता,seven of spades
आपरेशन चलाएँ,Signal operations
तिहरी चोटी,Triple Peaks
चिड़ी का पंजा,five of clubs
अज्ञात रंग,Unknown color
C + +/GObject Class,C + + / GObject Class
ईंट का नहला के बगल में ईंट का अट्ठा को रखें. ,Place the nine of diamonds next to the eight of diamonds.
लाल पान की छक्का के बगल में लाल पान के पंजा को रखें. ,Place the six of hearts next to the five of hearts.
चेतावनी,WARN
सोना खदान,Gold Mine
लाल पान की दुक्का के बगल में लाल पान के इक्का को रखें. ,Place the two of hearts next to the ace of hearts.
प्रोफ़ाइल,Profiles
ताशों को फेंट कर देखें,Try dealing a row of cards
संस्थापित प्लगिन,Installed plugins
एनीमेशन,Animations
हाशिया पैरामीटर,Indentation parameters
रेग्युलर एक्सप्रेशन खोजना,Search Expression
औज़ार,Tools
प्रतिशतः,Percentage:
परिभाषा खिड़की दिखाएं/छिपाएं... (_ S) ,Show / Hide indentation guides
Specify File List,All Project Files
सिस्टम कालः,System call:
एस्लेरियाट के लिये सहायता देखें,View help for Aisleriot
"% s "","" This file is too big. Unable to allocate memory. ",Could not get file info
बेगम मिटाएँ,Remove the queens
वर्ग जनक,Class Generator
#-#-#-#-#gedit. gnome-2-2. hi. po (gedit VERSION) #-#-#-#-#वरीयता #-#-#-#-#gnome-applets. gnome-2-2. hi. po (gnome-applets 2. x) #-#-#-#-#वरीयता #-#-#-#-#gnome-media. HEAD. hi. po (gnome-media 2.0) #-#-#-#-#वरियताएँ #-#-#-#-#nautilus. HEAD. hi. po (nautilus 2. x) #-#-#-#-#प्राथमिकताएँ,Todo List Preferences
सांख्यिकी (_ t) ,S _ tatistics
कोई नहीं,none
सार्ट सूचक,Sorted in alphabetical order
पंजीकृत करें,Register
अद्यतन,Up - to - date
मूल में वापस करें (_ R) ,_ Revert to Original
जेनेरिक Xlib प्रोजेक्ट,A shared or a static library project
बेकार को भण्डार में ले जाएँtableauslot hint,% s on stock
कुलः,Total:
आप एक अठा के लिए खोज रहे हैं. ,You are searching for an eight.
~ a को एक ईंट का दुक्का पर ले जाएँ,Move ~ a onto the two of diamonds.
सॉलिटेयर,Solitaire
लाल पान का पंजा,five of hearts
हुकुम का दहला,the ten of spades
विषय सूची (_ C) ,_ Contents
'% s' फाइल में लिखने की त्रुटिः% s,Error contains
सत्यापन,V _ alidate
वरीयताएं (_ P) ,_ Preferences
लाल जोकर,red joker
रंग-पट्टिका,Palette
लाल पान का पंजा,five of hearts
शक्तिशाली डिबगिंग औजार,Remote debugging
योजना अपवाद उत्पन्न हुआ,A scheme exception occurred
डैरक्टरी चुनो,Select directory
नया खेल (_ N) ,_ New Game
पाँच मूलाधार,Five Foundations
को भेजें,Vendor tag:
पाइलेअन,Pileon
प्राथमिकताः,Priority:
पथः,Path:
अन्वेषण और प्रतिस्थापन,Find & Replace
कार्य,Task
~ a को एक क्लब का दोनों पर ले जाएँ,Move ~ a onto the two of clubs.
इस समय चुने गए एक्सेसेबेल से काम लेने के लिए अंतर्क्रियात्मक कन्सोल,Interactive console for manipulating currently selected accessible
नाम,NAME
लॉग देखिए,View Log
संदेश अनुवाद करें,Translate messages
यह फाइल मौजूद नहीं है। क्या आप इस फाइल का निर्माण करना चाहते हैं? ,"File ""% s"" already exists. Do you want to overwrite it?"
नमूना SDL प्रोजेक्ट,A sample SDL project
अतिरिक्त में से एक ताश के पत्ते को खाली तस्वीर खाँचा पर ले जाएँ,Move a card from the reserve onto the empty tableau slot
पुस्तक चिह्नों को संपादित करें... ,Edit Bookmarks...
पूर्णस्क्रीन,Fullscreen
पसंद (_ P)... ,_ Preferences...
हुकुम का बादशाह हटाएँ. ,Remove the king of spades.
वर्तमान फाइल को प्रिंट करें,Install module associated with current file
कुंजी बंधन,Key binding
रेखांकित,Underline - Squiggle
पसंद (_ P)... ,_ Preferences...
फिर बांटें,Redeal.
अनडू,U _ ndo
रेखांकित,Underline - Plain
घटना रेकोर्डिंग शुरू करो/रोको,Start / stop event recording
4number,4
चिड़ी की चिड़ी के बगल में चिड़ी के दहला को रखें. ,Place the jack of clubs next to the ten of clubs.
फाइल चुनें,Choose Icon
लाल पान का बादशाह हटाएँ. ,Remove the eight of hearts.
0 फाइल्स,Profiles
परियोजना नामः,Project name:
घटक,Co _ mponent
~ a को एक हुकुम का अट्ठा पर ले जाएँ,Move ~ a onto the eight of spades.
/ View/Todo List/Hide Completed Items,/ View / Sorting / Sort Descending
हुकुम का अट्ठा,eight of spades
जेब्राcard symbol,Zebra
% u फाइल्स,_ Build (% s)
अगली चाल हेतु संकेत प्राप्त करें,Get a hint for your next move
ट्रेज,Treize
मान,Value
संस्थापित करें (_ I) ,_ Install
प्रोजेक्ट साफ करें (_ C) ,Create File / Project
लेखकः,Author:
पंक्ति संख्या प्रदर्शित करें,Display process _ tree
तेरह,Thirteen
चिड़ी की चिड़ी के बगल में चिड़ी के दहला को रखें. ,Place the jack of clubs next to the ten of clubs.
चेतावनी,WARN
विन्यास विकल्पः,Configure Options:
एक्सेरसाइसर आपके डेस्कटोप में मौजूद अनुप्रयोग नहीं देख पाया। इस समस्या के समाधान के लिए आपको डेस्कटोप पहुंचनीयता को सक्रिय करना होगा। क्या आप इसे सक्रिय करना चाहते हैं? ,Accerciser could not see the applications on your desktop. You must enable desktop accessibility to fix this problem. Do you want to enable it now?
अंजूटा,Anjuta Plugins
~ a को एक लाल पान का चव्वा पर ले जाएँ,Move ~ a onto the four of hearts.
चिड़ी का नहला,nine of clubs
~ a को एक खाली कोने स्लॉट में ले जाएँ. ,Move ~ a onto an empty corner slot.
उर्ध्वाधर पैमाना,Subversion popup operations
हुकुम का बादशाह,the king of spades
सभी चुनें,Select All
रॉयल ईस्ट,Royal East
सफेदसिर (व्हाइटहेड) ,Whitehead
शतरंज,Chessboard
लाल पान का दहला को हटायें. ,Remove the ten of hearts.
एक पत्ता या पत्तों के समूह खाली खाँचा पर ले जाएँ,Move a card or build of cards on to the empty slot
नया,New
चिड़ी की गुलाम के बगल में चिड़ी के दहला को रखें. ,Place the queen of clubs next to the jack of clubs.
विकल्प,Options...
अंजुटा बार बार पूछे जाने वाले प्रश्न,Anjuta frequently asked questions
पथः,Path:
एक दहला को आप ढूंढ रहे हैं. ,You are searching for a ten.
हाइलाइट किया गया भराई का रंग और पारदर्शिता। ,The color and opacity of the highlight fill.
यह चयन याद रखें,Delete the selection
प्राथमिकता,Priority
मान बदलें,Changes:
पूरा प्रोजेक्ट संस्थापित करें,Install whole project
लिखकर काट दें,Strike - Out
प्रलेख,_ Document
प्रोग्राम चुनें,Select Program
प्रतिशतः,Percentage:
~ a को एक ईंट का अट्ठा पर ले जाएँ,Move ~ a onto the eight of diamonds.
प्रोजेक्ट विन्यस्त करें,Configure file
7number,7
ईंट का गुलाम,the jack of diamonds
नया त्वरक... ,New accelerator...
~ a को लाल जोकर पर ले जाएँ. ,Move ~ a onto the red joker.
लाल पान का बादशाह,the king of hearts
ईंट का सत्ता,the seven of diamonds
पुनःआरंभ करें (_ R) ,_ Restart
कार्य प्रबंधक,Task Manager
पूरा प्रोजेक्ट साफ करें,Clean whole project
एक दौर और चलें,Deal another round
नई pluginviews उपलब्ध है,Available new pluginviews
जाएँ पिछली स्थिति पर,Goto previous history
ईंट का अट्ठा,the eight of diamonds
अपवाद,EXCEPT
सूचना,INFO
भूमिका,Role
प्रोजेक्ट में सोर्स जोड़ें,Add to project
खाली,_ Clean
व्यवसाय,Business
चिड़ी की तिक्की,the three of clubs
एक खाली फाउण्डेशन जगह,an empty foundation place
डायलाग 1,dialog1
आठ बन्द,Eight Off
स्तंभ,Column
स्तंभ,Col
परियोजना विकल्प,Project doesn 't exist
"जब तक अत्यधिक आपात् स्थिति न हो, रक्त-बन्ध की सिफारिश नहीं की जाती",Tourniquets are not recommended unless in the direst emergency
प्रोजेक्ट फिर जेनरेट करें,Regenerate project
एक खाली खाँचा,an empty slot
पुन लोड करें,_ Reload
दक्षिण यूरोपीय,South European
चिड़ी का सत्ता,the seven of clubs
जाल स्थल,Web site
भिन्न प्रकार के सॉलिटेयर खेल खेलें,Play many different solitaire games
अल्फा,Alpha
नक़ल... ,Copy...
जीताः,Wins:
सापेक्ष स्थिति,Relative position
चुने गए एक्सेसेबेल,Selected accessible
नया दृश्य... ,New View...
लोड किया जा रहा है... ,Loading...
डायरेक्टरी का निर्माण करें,Choose file or directory to remove:
~ a को चिड़ी का छक्का पर घुमाएँ. ,Move ~ a onto the six of clubs.
चयन करें (_ S) ,_ Select
SamplePlugin,SamplePlugin
अल्फा,Alpha
संपादित करेंmenu,_ Edit
विजेट्स,Widgets
लाल पान की बेगम के बगल में लाल पान के गुलाम को रखें. ,Place the queen of hearts next to the jack of hearts.
बाल्सा को कान्फिगर करो,Parameter
मुख्य खेलः,Main game:
डिफोल्टों को शामिल करें,Include defaults
हुकुम का दहला हटाएँ. ,Remove the ace of spades.
हिस्से,Icon
अन्य,Others
लाल पान का सत्ता,seven of hearts
प्रोजेक्ट विन्यस्त करें,Configure project
आईडी,ID
जीटीके + ,GTK +
उपयोक्ता नामः,Hostname:
अवधि को हाइलाइट रकें,Highlight duration
वर्तमान दस्तावेज में शैल आउटपुट को प्रविष्ट करें,Go to the end of the current block
हुकुम का चव्वा,four of spades
नमूना फाइल आपरेशन,Sample file operations
दिखाएं,Show
एडीटर,Editor
प्रकारः,Mode:
वृश्चिक,Scorpion
C/C + +/Java/Vala,C / C + + / Java / Vala
पॉपअप संवाद,Popup dialog
निर्देश,Command
श्रेणी,Options:
#-#-#-#-#gedit. gnome-2-2. hi. po (gedit VERSION) #-#-#-#-#बदलें/परिवर्तित करें #-#-#-#-#gtkhtml. HEAD. hi. po (GtkHTML 2. x) #-#-#-#-#बदलो #-#-#-#-#nautilus. HEAD. hi. po (nautilus 2. x) #-#-#-#-#बदलना,Open _ With
मध्यम,Medium
रीयल्मः,Realm:
दिखाएं,Show
पूर्ण स्क्रीन छोड़ें (_ L) ,_ Leave Fullscreen
टिप्पणी (_ m) ,Co _ mment
मौजूद प्लगिन,Available plugins
“% s” के लिए मदद नहीं दिखा सका,Could not show help for “% s”
लाल पान का सत्ता,the seven of hearts
कार्य प्रबंधक,Task Manager
रूकें,Stop
कोई तारीख़ नहीं,No Date
एक और पत्ता बाँटें,Deal another card
गैप,Gaps
नमूना फाइल आपरेशन,Glade designer operations
एक चव्वा को आप ढूंढ रहे हैं. ,You are searching for a four.
% s गायब नाम या सूचक,% s missing name or label
जायंट,Giant
pixbut आब्जेक्ट,Pixbuf Object
अद्यतन करें (_ U) ,_ Update
नया,New
ताशों को फेंट कर देखें,Try dealing a row of cards
शीर्ष पैनल pluginview के लिए लेआउट. ,The layout for the top panel pluginview.
परियोजना नामः,Project Loaded
टैग लिस्ट प्लगइन,_ Sample action
अगला कार्ड या कार्ड्स की डील करें,Deal next card or cards
नियत तारीख़,Due date
पड़ोसी,Neighbor
अंजूटा विकास स्ट्डियो,Develop software in an integrated development environment
आसंधि (नोड) को ताजा करें (_ N) ,Refresh _ Node
एक खाली पठारी ढेर,an empty tableau pile
फंक्शन नाम,Function Name
वेलेंटाइन,Valentine
इस खेल में अब तक कोई संकेत समर्थन उपलब्ध नहीं है. ,This game does not have hint support yet.
स्तर,CVS: Status
संशोधन करें,/ Item / _ Edit
वर्तमान फाइल संग्रहित करें,Patch file
~ a को एक ईंट का सत्ता पर ले जाएँ,Move ~ a onto the seven of diamonds.
एक प्रोजेक्ट खोलें,Open last working Project
लागू नहीं,N / A
चुनें एक फ़ोल्डर,Select A Folder
पाँच आधार,Five Foundations
C + + और जावा सपोर्ट प्लगिन,C + + and Java support Plugin
एपीआई विचरक,API Browser
संपादित करें,_ Edit
वितरण पैकेज रिपोसिटरीज़ से नए कार्ड गेम प्रसंग संस्थापित करें,Install new card themes from the distribution packages repositories
<dead> ,< dead >
चुनी गई पंक्तियां,Selected rows
खेलने के लिये खेल चुनें,Select the game type to play
किसी वस्तु को तस्वीर के खाली खाँचे में ले जाएँ,Move something into the empty Tableau slot
छापा जा रहा है,Printing
चिड़ी की नहला के बगल में चिड़ी के अट्ठा को रखें. ,Place the nine of clubs next to the eight of clubs.
नया कार्ड डील करें,Deal a new card
सोना खदान,Gold Mine
वुड,Wood
सीमांत रंगः,Border color:
जिप्सी,Gypsy
हुकुम का दहला हटाएँ. ,Remove the ten of spades.
कृपया खाली ढेर को पहले भरें. ,Please fill in empty pile first.
अद्यतन,Update
तालिकाslot type,tableau
कैनसास,Kansas
निरपेक्ष स्थिति,Absolute position
ईंट का इक्का,ace of diamonds
लाल पान का दहला हटाएँ. ,Remove the ace of hearts.
चुनी गई आसंधियों (नोड) के शिशुओं को ताजा करें,Refresh selected node 's children
Kcard symbol,K
वर्तमान दस्तावेज का सूछ्म विवरण दीजिए,Add one more view of current document
चव्वा मिटाएँ,Remove the fours
शॉर्टकट्स,Shortcuts
टैग,Tags
एमडीआई-जेड-क्रम,MDI - Z - order
प्रतियां,Completed
चिड़ी की दुक्की के बगल में चिड़ी के इक्का को रखें. ,Place the two of clubs next to the ace of clubs.
प्लगिन चुनें,Select an Image File
~ a को एक ईंट की तिक्की पर ले जाएँ,Move ~ a onto the three of diamonds.
बहुत अधिक चयनीय शिशु हैं,Too many selectable children
पसंद जोड़ें... (_ A) ,_ Add Bookmark...
Wx विजेट,Wx Widgets
एथेना,Athena
टर्मिनल में चलाएं,Terminal
समूह,Add _ Group...
फाइल जोड़ें,_ Attach to Process...
निर्देशिका बिल्ड करेंः,Build library as
टूलबार में सिर्फ आइकान दर्शाएं,Open all code folds in the editor
Qcard symbol,Q
चयनित फाइल चलाने योग्य नहीं है,The target executable of this Project is not executable
प्लग-इन दृश्य,Plugin View
~ a को एक चिड़ी का पंजा पर ले जाएँ,Move ~ a onto the five of clubs.
इस खेल के बारे में,About this game
मुख्य वर्गः,Main Class:
दृश्य,View
अंजूटा दस्तावेज मैनेजर,Document Manager
स्टाक में से पत्ता निकालें,Deal a card from stock
ढूंढा जा रहा है,Searching
~ a को एक हुकुम का बादशाह पर ले जाएँ,Move ~ a onto the king of spades.
लाइसेंसः,License:
प्रतीक,Icons
बदलाव त्यागें (_ D) ,_ Discard changes
निचला पटल,Bottom panel
हुकुम की गुलाम के बगल में हुकुम के दहला को रखें. ,Place the jack of spades next to the ten of spades.
विषय सूची (_ C) ,_ Contents
पूर्ण स्क्रीन छोड़ें (_ L) ,_ Leave Fullscreen
फिर बांटने के लिये किसी कार्ड को दो बार क्लिक करें,Double click any card to redeal.
भिन्न प्रकार खेल खेलें,Play a different game
मौजूदा चयन,Copy the selection
परियोजना में जोड़ें,Add to Project
दृश्य,View
प्रारंभ,Start
सत्यापन,V _ alidate
Aisleriot पता नहीं कर सका कि आपने कौन सा खेल अंतिम बार प्राप्त किया. ,Aisleriot cannot find the last game you played.
लपेट,Plait
कार्य डायरेक्टरी,Ignore directories
अनडू,_ Undo:% s
कैनसास,Kansas
पुस्तक चिह्न संपादित करें (_ E)... ,_ Edit Bookmarks...
नीचे,Bottom
लाल पान की छक्का के बगल में लाल पान के पंजा को रखें. ,Place the six of hearts next to the five of hearts.
खेल पुनः प्रारंभ करें,Statistics of games played
गैप,Gaps
ईंट का अट्ठा,eight of diamonds
प्रोजेक्ट विन्यस्त करें,Configure Project
परियोजना नामः,Group name:
चिड़ी का दहला हटाएँ. ,Remove the seven of clubs.
युकान,Yukon
खाली बची अतिरिक्त जगह पर कुछ ले जाएँ,Move something on to an empty reserve
क्रियान्वित करें,_ Kill Execution
सार्वत्रिक फटाफट कुंजियां,Global Hotkeys
ईंट का पंजा के बगल में ईंट का छक्का को रखें. ,Place the five of diamonds next to the four of diamonds.
एक अट्ठा को आप ढूंढ रहे हैं. ,You are searching for an eight.
% s संबंध के लिए अन्योन्य गायब है,Missing reciprocal for% s relation
तिथि तथा समय प्रविषश्ट करें,Insert current date & time
सत्ता मिटाएँ,Remove the sevens
छापें... (_ P) ,_ Print...
ब्रेकपाइंट समायोजित करें,Toggle Breakpoint
ईंट का बेगम के बगल में ईंट का गुलाम को रखें. ,Place the queen of diamonds next to the jack of diamonds.
एग्नेस,Agnes
बढ़ने के लिये क्लिक करें (_ C) ,_ Click to Move
हुकुम की दहला के बगल में हुकुम के नहला को रखें. ,Place the ten of spades next to the nine of spades.
C + +/GObject Class,C + + / GObject Class
अंत,End
सक्षम,Enabled
शिशु,Children
~ a को एक चिड़ी का पंजा पर ले जाएँ,Move ~ a onto the five of clubs.
संशोधनः,Start Revision:
खाली बची अतिरिक्त जगह पर कुछ ले जाएँ,Move something on to an empty reserve
चिल्ड्रन,Children
प्लगिन अंतरफलक लागू करें,Implement plugin interfaces
~ a को एक खाली कोने स्लॉट में ले जाएँ. ,Move ~ a onto an empty corner slot.
Icon:% s,Anjuta status to use in loading and unloading of plugins
फाइल% s नहीं मिली,Could not open:% s
लाल पान की बेगम,the queen of hearts
सोना खदान,Gold Mine
खोलें '% s' ,Open '% s'
फाइल% d लोड हो रही है,Loading
recent menu label _ BAR _ ,Unknown item
"नाम (x, y) ","name (x, y)"
झांकें,Peek
दाएं बाजू के खाली स्थान पर कुछ ले जाएँ,Move something onto an empty right - hand tableau slot
वस्तु,Item
कोई विवरण नहीं,(no description)
ब्लाक दस,Block Ten
~ a को एक हुकुम की बेगम पर ले जाएँ,Move ~ a onto the queen of spades.
एक खाली संस्थापन के ढेर,an empty foundation pile
अंतर्क्रियात्मक% s कार्रवाई करने योग्य नहीं है,interactive% s is not actionable
असीमित पुनः सौदों,Unlimited redeals
“% s” खेल आरंभ नहीं कर सका,Cannot start the game “% s”
डैरक्टरी चुनो,Select file to add:
को,To
~ a को एक हुकुम का पंजा पर ले जाएँ,Move ~ a onto the five of spades.
हाल का खोलें (_ R) ,Open _ Recent
बढ़ने के लिये क्लिक करें (_ C) ,_ Click to Move
कार्रवाई (_ o) ,Acti _ on
make (\\ [\\d + \\])?: \\s + Leaving\\s + directory\\s + `(. +) ',make (\\ [\\d +\\])?: \\s + Leaving\\s + directory\\s + `(. +) '
आप एक दहला के लिए खोज रहे हैं. ,You are searching for a ten.
चुनें कि कार्ड खींचना है या गंतव्य के बजाय श्रोत पर क्लिक करना है. ,Select whether to drag the cards or to click on the source then the destination.
अभिभावक में% s सूची शिशु सूची सेमेल नहीं खाती,% s index in parent does not match child index
ई-मेल पताः,Email address:
हुकुम की बेगम के बगल में हुकुम के वादशाह को रखें,Place the king of spades next to the queen of spades.
विल औ द विस्प,Will O The Wisp
रेंडर के लिए पिक्सबफ,The pixbuf to render.
काटें (_ u) ,C _ ut
सभी बंद करें,_ Clean Module
मदद,_ Help
ताश बांटना बाकीः,Redeals left:
एक पत्ता बांटें,Deal a card
लागू नहीं,N / A
टिप्पणी,Bo _ x Comment / Uncomment
स्कोप,Scope
~ a को एक ईंट का चव्वा पर ले जाएँ,Move ~ a onto the four of diamonds.
ब्रेकपाइन्ट टॉगल करें,Toggle Breakpoint
हुकुम का नहला,nine of spades
खाली,Idle
अंजूटा symbol ब्राउजर फैक्ट्री,Symbol browser actions
जनरल का पेशेंस,General 's Patience
ईंट का नहला,the nine of diamonds
कार्ड चालों में एनीमेशन उपयोग करें या नहीं,Whether or not to animate card moves
गुणधर्म,Property
रॉयल ईस्ट,Royal East
ऑप्टीमाइज़्ड,Optimized
वर्गः,Category:
फ़ाइल,_ Files
टूलटिप प्रदर्शित करें,Show tooltips
मूलभूत जीयूआई अनुप्रयोग पहुंचनीयता का परीक्षण करता है,Tests fundamental GUI application accessibility
"क्या आप निश्चित ही ""% s"" को ट्रेश से स्थायी तौर पर डिलीट करना चाहते हैं","Are you sure you want to remove all the completed todo items in the category ""% s""?"
चेतावनी,WARN
कोई चाल बाकी नहीं,There are no more moves
पत्तों के ढेर को आसपास ले जाने की कोशिश करें,Try moving card piles around
"बधाई, आप जीत गए! ","Congratulations, you have won!"
अज्ञात,unknown
मेक्रोज़,Macros:
दहला मिटाएँ,Remove the tens
लाल पान का नहला,the nine of hearts
लाल पान का बादशाह हटाएँ. ,Remove the king of hearts.
डेक में से पत्ता निकालें,Deal a card from the deck
किसी वस्तु को तस्वीर के खाली खाँचे में ले जाएँ,Move something into the empty Tableau slot
इधर को जाएँ,Goto
ईंट का पंजा,the five of diamonds
सफलतापूर्वक फ्लापी को फार्मेट किया,Completed... unsuccessful with
"इस समय जिसे प्राप्त किया गया हो, उसकी विभिन्न विधियों (मेथड) में विचरण करें",Browse the various methods of the current accessible
देखें (_ V) ,_ View
"एक्सेर्साइसर सर्वाधिकार (c) 2006,2007 आईबीएम निगम (बीएसडी) ","accerciser Copyright (c) 2006, 2007 IBM Corporation (BSD)"
नया फिल्टर,New File
~ a को एक खाली फील्ड में ले जाएँ,Move ~ a onto an empty edge slot.
“% s” के लिए मदद नहीं दिखा सका,Could not show help for “% s”
साराटोगा,Saratoga
आधार से पत्तों को नीचे की ले जाने की कोशिश करें,Try moving cards down from the foundation
सूचना,No Limit
प्रोजेक्ट बंद करें,Building the whole Project:
वर्णनः,Description:
- Integrated Development Environment,- Integrated Development Environment
प्रोग्राम,Program
ब्रेकपाइंट को समायोजित करें,Deactivate all breakpoints
पंजीकृत करें,Register
~ a को एक खाली कोने स्लॉट में ले जाएँ. ,Move ~ a onto an empty corner slot.
(कोई विवरण नहीं) ,(no description)
इंडेन्टेशन,_ Indentation Guides
वर्णन,Description
~ a को एक ईंट का बादशाह पर ले जाएँ,Move ~ a onto the king of diamonds.
हाँ,Yes
शिफ्ट,Shift
त्रुटि में शामिल है,Error: cant bind port
विकल्प... (_ P) ,_ Preferences...
सब से बुराः,Worst:
एक दौर और चलें,Deal another round
हुकुम का बादशाह हटाएँ. ,Remove the six of spades.
दो सूट,Two Suits
लाल पान का दुक्का,the two of hearts
चिड़ी का दहला हटाएँ. ,Remove the five of clubs.
अज्ञात रंग,Unknown color
त्रुटि! गलत चाल पर संकेत दिखाएं. ,Bug! make - hint called on false move.
पंक्ति संख्या प्रदर्शित करें,Whether to display line numbers
चिड़ी की दुक्की के बगल में चिड़ी के इक्का को रखें. ,Place the two of clubs next to the ace of clubs.
Generic gcj compiled java,Generic gcj compiled java
क्रिया,Actions
हीरा खदान,Diamond Mine
मिटाएँ,Delete tags
पहला नियम,First Law
संदेश का प्रकार,Truncate long messages
सोल,Sol
हुकुम का छक्का,six of spades
क्या आप निश्चित हैं कि आप% s को स्थायी तौर पर डिलीट करना चाहते हैं,Are you sure you want to reload '% s'? Any unsaved changes will be lost.
लड़ी,Thread
आगे,Forward
निर्देश पुस्तिका,Main class
कोई संकेत उपलब्ध नहीं है,No hint available
C + + समर्थन जोड़ेंः,Add C + + support:
तिक्की मिटाएँ,Remove the threes
त्यागें (_ A) ,_ Abort
अभिभावक में% s सूची शिशु सूची सेमेल नहीं खाती,% s index in parent does not match child index
एक नया खेल प्रारंभ करें,Start a new game
पूर्ण स्क्रीन (_ F) ,_ Full Screen
उत्तमः,Best:
हुकुम की पंजा के बगल में हुकुम के चव्वा को रखें. ,Place the six of spades next to the five of spades.
में जाएँ,Goto
स्रोतः,Source files:
ऑप्टीमाइज़्ड,Optimized
समय,Time
जीताः,Wins:
बेसिक सूचना,Basic information
कार्य डायरेक्टरी,Add directory
पंक्तियां,Rows
पिछला संदेश,_ Previous Message
देखें (_ V) ,_ View
समयः,Time:
चौदह,Fourteen
प्रसंग फाइल नाम,Theme file name
अनुप्रयोग से बाहर जाएं,_ Execute Program...
ऊपरी पटल,Top panel
लगता है मुझे तुरंत अपनी पीठ खुजानी पड़ेगी... ,I could sure use a backrub right about now...
सामान्य,General
अनुप्रयोग की पहुंचनीयता का सत्यापन करता है,Validates application accessibility
हुकुम का गुलाम,the jack of spades
पढ़ने में विफल '% s':% s,Failed to read file
छह मूलाधार,Six Foundations
स्थिति पट्टी (_ S) ,_ Statusbar
प्रोग्राम,Program
आठ बन्द,Eight Off
ढूंढें (_ F)... ,_ Find...
संघीय चौराहा,Union Square
लाल पान का अट्ठा,the eight of hearts
टूटते तारे,Falling Stars
make (\\ [\\d + \\])?: \\s + Entering\\s + directory\\s + `(. +) ',make (\\ [\\d +\\])?: \\s + Entering\\s + directory\\s + `(. +) '
मुख्य वर्गः,Main Class:
गुण,Properties
श्वानपुच्छ,Dogtail
निम्न,Low
प्रोजेक्ट (_ P) ,_ Project
बाहर,Quit
सहेजें (_ S) ,_ Save
लाल पान की बेगम,the queen of hearts
हुकुम के पत्ते,spades
औजार बक्सा,Toolkit
कार्य प्रबंधक,Task manager
संघीय चौराहा,Union Square
हाल का खोलें (_ R) ,Open _ Recent
ईंट की बेगम,queen of diamonds
अंतर्क्रियात्मक% s कार्रवाई करने योग्य नहीं है,interactive% s is not actionable
बाहर (_ Q) ,_ Quit
भिन्न प्रकार के सॉलिटेयर खेल खेलें,Play many different solitaire games
नाम बदलें (_ R) ,_ Rename
रेडहेड,Redheads
हाल में खेले गए खेल के नाम. ,A list of recently played games.
फ़ाइल (_ F) ,_ File
जब व्यवसायी न हो तो हाट और शासक भी वह काम करते हैं,"When without a stapler, a staple and a ruler will work"
लाल पान का छक्का,the six of hearts
#-#-#-#-#balsa. HEAD. hi. po (Balsa 2. x) #-#-#-#-#दिनांक #-#-#-#-#gnome-utils. gnome-2-2. hi. po (gnome-utils 2.0) #-#-#-#-#तारीख,Due date:
प्लग-इन दृश्य (% d) ,Plugin View (% d)
अल्फा,Alpha
निर्देशिका बिल्ड करेंः,Build Directory:
"इस समय जिसे प्राप्त किया गया हो, उसकी विभिन्न विधियों (मेथड) में विचरण करें",Browse the various methods of the current accessible
प्रोफाईलिंग पुन सेट करें,Enable VFS file monitoring
पिछली चाल पूर्ववत करें,Redo the undone move
ऊपर जायें,Move Up
पिछला ढूंढें (_ P) ,Find _ Previous
हॉपस्कॉच,Hopscotch
श्रीमती ज़ेन,Lady Jane
~ a को लाल जोकर पर घुमाएँ. ,Move ~ a onto the red joker.
टिप्पणी (_ m) ,Co _ mment
निजी,Personal
कैनसास,Kansas
एक से अधिक विडजेट फोकस में है,more than one focused widget
नया (_ N) ,_ New
केनफील्ड,Canfield
बादशाह मिटाएँ,Remove the kings
फाइल को बदलने में असमर्थ,Unable to read file:% s.
लपेट,Plait
सफलतापूर्वक पूर्ण,Completed successfully
~ a को एक हुकुम का दहला पर ले जाएँ,Move ~ a onto the ten of spades.
चिड़ी की बेगम के बगल में चिड़ी के वादशाह को रखें. ,Place the king of clubs next to the queen of clubs.
घड़ी,Clock
ईंट का बादशाह हटाएँ. ,Remove the king of diamonds.
छक्का मिटाएँ,Remove the sixes
आप एक नहला के लिए खोज रहे हैं. ,You are searching for a nine.
पाइलेअन,Pileon
लाल पान का बादशाह हटाएँ. ,Remove the jack of hearts.
जब व्यवसायी न हो तो हाट और शासक भी वह काम करते हैं,"When without a stapler, a staple and a ruler will work"
विस्तारः,Extents:
एक दहला को आप ढूंढ रहे हैं. ,You are searching for a ten.
~ a को एक ईंट का बादशाह पर ले जाएँ,Move ~ a onto the king of diamonds.
बाध्य करें,Force
निर्देश,Debugger Command...
"% s में% s स्थिति है, पर उसके साथ% s स्थिति नहीं है",% s has% s state without% s state
<dead> ,< dead >
अट्ठा,eight
~ a को एक हुकुम की बेगम पर ले जाएँ,Move ~ a onto the queen of spades.
निगरानी,Branches
Acard symbol,A
सभी बंद करें,Close All
मत रिपोर्ट करें (_ D) ,_ Don 't report
जेनेरिक Xlib डाक एप्लेट,A generic Xlib dock applet
प्लगिन के द्वारा लागू अंतरफलक,Interface implemented by the plugin
ज़ूम इन,Zoom In
खेल चुनें,Select Game
हाइलाइट बक्से का भराई रंग,The fill color of the highlight box
फाइल्स डिलीट कर दी,All breakpoints removed.
चिड़ी का दहला हटाएँ. ,Remove the queen of clubs.
लाल पान की तिक्की,three of hearts
सबको हटाओ,_ Remove all
किसी वस्तु को तस्वीर के खाली खाँचे में ले जाएँ,Move something into the empty Tableau slot
आईपाइथन कन्सोल,IPython Console
Anjuta के लिए ग्लेड प्लगिन,Glade Plugin for Anjuta.
प्रोजेक्ट,Projects:
प्रोग्राम पैरामीटर,Program Parameters
चेतावनी,WARN
निरसक,Eliminator
पंक्तियां,Licenses
हुकुम का छक्का,Move ~ a onto the six of spades.
खेल फ़ाइल उपयोग में,The game file to use
ईंट का अट्ठा के बगल में ईंट का सत्ता को रखें. ,Place the eight of diamonds next to the seven of diamonds.
बनाएँ,_ Create tag…
लोड,Loaded
चयनित पाठ्य को हटाएं,Stream comment the selected text
चिड़ी की बेगम के बगल में चिड़ी के वादशाह को रखें. ,Place the king of clubs next to the queen of clubs.
बच्चों के बिना अनुप्रयोग छिपाएँ/दिखाएँ (_ H) ,_ Hide / Show Applications without children
ईंट का अट्ठा के बगल में ईंट का सत्ता को रखें. ,Place the eight of diamonds next to the seven of diamonds.
हाल में खेले गए खेल के नाम. ,A list of recently played games.
भराई के रंग को हाइलाइट करें,Highlight fill color
पैरामीटर्सः,ParamSpec
ईंट का चव्वा,the four of diamonds
तीन पत्ते बांटें,Three card deals
एटी-एसपीआई सत्यापक,AT - SPI Validator
निम्न,Low
जोड़ें (_ A)... ,_ Add...
Purge items after% d days,Auto purge completed items
gtk-doc सिस्टम जोड़ेंः,Add gtk - doc system:
फाइल (F) ,_ File
डेवलेपर को इस बग को रिपोर्ट करें. ,Please report this bug to the developers.
हुकुम का दहला हटाएँ. ,Remove the four of spades.
सारांशः,Summary:
हाइलाइट किया गया भराई का रंग और पारदर्शिता। ,The color and opacity of the highlight fill.
सीहैवन,Seahaven
प्रोजेक्ट साफ करें (_ C) ,_ Clean Project
ईंट का गुलाम के बगल में ईंट का दहला को रखें. ,Place the jack of diamonds next to the ten of diamonds.
नाम,Name
एक नया खेल प्रारंभ करें,Start a new game
कुत्ते के कान में कभी सीटी नहीं बजाएँ,Never blow in a dog 's ear
चुनी गई कोशिका,Selected Cell
न्यासslot type,foundation
ढूंढें (_ S) ,_ Search
प्लग-इन दृश्य,Plugin View
ईंट का पंजा,Move ~ a onto the five of diamonds.
कोई चाल संभव नहीं. वापस लें या फिर शुरू करें,No moves are possible. Undo or start again.
आधार पर एक पत्ता ले जाएँ. ,Play a card to foundation.
प्रोग्राम,Program
खेल बदलें,Change Game
ढूंढें (_ S) ,_ Search
पहुंचनीय आसंधि (नोड) को चुनते समय हाइलाइट बक्से की अवधि,The duration of the highlight box when selecting accessible nodes.
सौभाग्य,Fortunes
एक जैसे पत्ते,Same suit
बीयर रिवर,Bear River
स्रोतः,Source:
एनीमेशन (_ A) ,_ Animations
पूरा प्रोजेक्ट संस्थापित करें,Install whole project
ऐसे सहेजें... (_ A) ,Save _ As…
दृश्य,View
प्रोजेक्ट संस्थापित करें (_ I) ,Initializing Project…
अत्यावश्यक,Urgent
कोई चाल नहीं. ,No moves.
~ a को खाली फाउन्डेशन स्लाट में ले जाएँ,Move ~ a onto an empty foundation slot.
घटना रोजनामचा मिटाओ,Clear event log
हुकुम का पंजा,the five of spades
नया (_ N) ,_ New
पासवर्डः,Password:
% s संबंध के लिए अन्योन्य गायब है,Missing reciprocal for% s relation
चिड़ी की तिक्की,the three of clubs
चिड़ी की तिक्की,three of clubs
फ़ाइलः% s,File:% s
दिखाएँ,Show
आईडी,Id
"% s जिस पर कार्रवाई हो सकती है, वह न तो फोकस करने योग्य है न ही चयनीय",actionable% s is not focusable or selectable
% d:% 02d,% d:% 02d
प्रोग्राम चलाएं,Run Program
हुकुम की बेगम,the queen of spades
प्रसंग फ़ाइल का नाम जिसमें खेला जाने वाला सॉलिटेयर खेल है. ,The name of the scheme file containing the solitaire game to play.
चिड़ी का बादशाह हटाएँ. ,Remove the six of clubs.
इस खेल के बारे में,About this game
अंजूटा,About Anjuta
एक से अधिक विडजेट फोकस में है,more than one focused widget
अनुपस्थित,Missing
Jcard symbol,J
परिवर्तनीय,Variables
विएतनामी,Vietnamese
लाल पान का चव्वा,the four of hearts
पूरा स्क्रीन मोड टॉगल करें,Toggle fullscreen mode
नियंत्रण की शैली का चयन करें,Select the style of control
पुनःआरंभ करें (_ R) ,_ Restart
एक पत्ता या पत्तों के समूह खाली खाँचा पर ले जाएँ,Move a card or build of cards on to the empty slot
स्क्रैचबाक्स विकल्प,Scratchbox Options
ऊपरी पटल,Top panel
हुकुम का दहला,the ten of spades
जेनेरिक Xlib प्रोजेक्ट,A generic minimal and flat project
टैग सूची विन्डो प्रदर्शित करे,Show in main window
आधार पत्ताः,Base Card:
Anjuta स्थिति,Anjuta Manual
प्रोजेक्ट संस्थापित करें (_ I) ,Install directory:
~ a को एक ईंट की तिक्की पर ले जाएँ,Move ~ a onto the three of diamonds.
प्रोजेक्ट सहायक,Project Assistant
सारणी सूचना,Table Information
रंग,Color
डैरक्टरी चुनो,Select file to remove:
~ a को एक लाल पान का पंजा पर ले जाएँ,Move ~ a onto the five of hearts.
अंतराफलक के विभिन्न गुणों को देखने देता है,Allows viewing of various interface properties
घड़ी,Clock
शीर्षक,Title
मिले-जुले,Mixed
अल्ड लेंग स्याने,Auld Lang Syne
~ a को ईंट का सत्ता पर घुमाएँ. ,Move ~ a onto the seven of diamonds.
सत्रें,_ Subversion
प्रस्तुत स्थिति के लिए बुकमार्क मीनू में जोड़ें,Toggle a bookmark at the current line position
फाइल कापी करें,Close file
टूल्स,/ _ ToDo
हुकुम की बेगम के बगल में हुकुम के वादशाह को रखें,Place the king of spades next to the queen of spades.
~ a को एक लाल पान का इक्का पर ले जाएँ,Move ~ a onto the ace of hearts.
प्रोग्रामः,Program:
प्रस्तुत स्थिति के आखिरी अंशों को दिखाएँ,Paste the content of clipboard at the current position
अंगूठा और पॉकेट,Thumb And Pouch
एक ही खाका में प्लगिन देखें. ,View plugins in a single layout.
लाल पान का अट्ठा,eight of hearts
"% s जिस पर कार्रवाई हो सकती है, वह न तो फोकस करने योग्य है न ही चयनीय",actionable% s is not focusable or selectable
फाइल% s संग्रहित करें,Missing file% s
संदेश सहेजें,Save message
विषय सूची (_ C) ,_ Contents
लाल पान का दहला,ten of hearts
"इस समय जिसे प्राप्त किया गया हो, उसकी विभिन्न विधियों (मेथड) में विचरण करें",Browse the various methods of the current accessible
लपेट,Plait
फ्रीसेल,Freecell
लाल पान का बादशाह हटाएँ. ,Remove the nine of hearts.
ईंट का इक्का,ace of diamonds
पड़ोसी,Neighbor
बाध्य करें,Force
एक खाली खाँचा,an empty slot
"% s is distributed in the hope that it will be useful, but WITHOUT ANY WARRANTY; without even the implied warranty of MERCHANTABILITY or FITNESS FOR A PARTICULAR PURPOSE. See the GNU General Public License for more details. ","% s is distributed in the hope that it will be useful, but WITHOUT ANY WARRANTY; without even the implied warranty of MERCHANTABILITY or FITNESS FOR A PARTICULAR PURPOSE. See the GNU General Public License for more details."
एक चव्वा को आप ढूंढ रहे हैं. ,You are searching for a four.
पुनःआरंभ करें (_ R) ,_ Restart
निरपेक्ष स्थिति,Absolute position
किसी वस्तु को खाली तस्वीर खाँचे में ले जाएँ,Move something onto an empty tableau slot.
तालिकाslot type,tableau
राज्य,States
ईंट का दुक्का,the two of diamonds
कठिन,Hard
साइरिलिक/यूक्रेनी,Cyrillic / Ukrainian
आधार पत्ताः ~ a,Base Card: ~ a
चाल वापस लें (_ U) ,_ Undo Move
हुकुम का पंजा,the five of spades
यह एक डायरेक्टरी है,Ignore Hidden Directories
सारांशः,Summary:
इस प्रोग्राम के साथ आपको ग्नू-जनरल पब्लिक लाइसेंस की प्रतिलिपि मिलनी चाहिए. यदि नहीं तो देखें. ,"You should have received a copy of the GNU General Public License along with this program. If not, see."
एक दौर और चलें,Deal another round
चिड़ी की तिक्की,Move ~ a onto the three of clubs.
त्रुटि पर जारी रखें,Continue on errors
स्थितिः,Position:
काला जोकर,the black joker
कड़ी की विशेषताएँ,Breakpoint properties
हाइलाइट किए गए सीमांत का रंग और अपारदर्शिता। ,The color and opacity of the highlight border.
पैरामीटर्सः,Parameters:
पैरामीटर्सः,Parameters:
सूची,Disp
पुस्तक-चिह्न जोड़ें... ,Add Bookmark...
बेकार को भण्डार में ले जाएँ,Move waste to stock
Anjuta advanced tutorial,Anjuta advanced tutorial
डेक में से पत्ता निकालें,Deal a card from the deck
खाली,_ Clear
नमूना SDL प्रोजेक्ट,A sample SDL project
लाल पान का बादशाह हटाएँ. ,Remove the nine of hearts.
दस आरपार,Ten Across
चिड़ी का इक्का,the ace of clubs
एकल लेआउट दृश्य,Single layout view
कोरियाई,Korean
एटी-एसपीआई सत्यापक,AT - SPI Validator
के साथ खोलेंः,Open With
make (\\ [\\d + \\])?: \\s + Entering\\s + directory\\s + '(. +)' ,make (\\ [\\d +\\])?: \\s + Entering\\s + directory\\s + '(. +)'
रैण्डर होने वाला pixbut,Text in the entry
लाल पान का बादशाह हटाएँ. ,Remove the king of hearts.
कोई डील फिर नहीं,No redeals
#-#-#-#-#file-roller. gnome-2-2. hi. po (File Roller hindi) #-#-#-#-#नामः #-#-#-#-#gnome-desktop. HEAD. hi. po (gnome-desktop VERSION) #-#-#-#-#नाम: ,Name
डील (_ D) ,_ Deal
हुकुम का पंजा,Move ~ a onto the five of spades.
चौदह,Fourteen
लाल पान का चव्वा,four of hearts
बादशाह मिटाएँ,Remove the kings
ताश के पत्तों को ढेर में वापस करें,Return cards to stock
हिब्रू,Hebrew
पहला नियम,First Law
बिल्ड निर्देशिका चुनें,Select a build directory
अभी सक्रिय प्लगिन,Currently activated plugins
स्वतःपूर्ण (C/C + +/Java केवल) ,Autocompletion (C / C + + / Java only)
ग्लेड फाइल,Glade File
विकल्प... ,Options...
वेस्ट हैवन,Westhaven
चिड़ी की तिक्की के बगल में चिड़ी के दुक्की को रखें. ,Place the three of clubs next to the two of clubs.
make (\\ [\\d + \\])?: \\s + Leaving\\s + directory\\s + `(. +) ',make (\\ [\\d +\\])?: \\s + Leaving\\s + directory\\s + `(. +) '
कुछ,something
हाथापाई,Scuffle
जोकर,jack
ग्लेड फाइल,_ Glade
चिड़ी का चौवा,the four of clubs
चिड़ी का नहला,the nine of clubs
सोर्सफोर्ज,Select source file
प्रोग्राम,Info _ Program
प्रोग्राम चलाएं,Run Program
ईंट का दुक्का,two of diamonds
उन प्लग-इनों की सूची जिन्हें डिफोल्ट रूप से निष्क्रिय किया गया है,A list of plugins that are disabled by default
अस्थायी स्पॉट उपयोग स्वीकारें,Allow temporary spots use
मौजूदा मान,Current value
चोर,Thieves
पूरा स्क्रीन मोड टॉगल करें,Toggle fullscreen mode
प्लग-इन दृश्य (% d) ,Plugin View (% d)
मान बदलें,Change Value
एस्लेरियॉट के बारे में,About AisleRiot
चेतावनी,Meaning
कालटिप्स दिखाएँ,Show calltips
एसलिरियोट एक नियम आधारित सॉलिटेयर कार्ड इंजन देता है जो कई भिन्न खेल खेलने के लिए अनुमति देता है. एसलियेरॉट ग्नोम खेल का हिस्सा है. ,AisleRiot provides a rule - based solitaire card engine that allows many different games to be played.
गोल्फ,Golf
अंत,End
ओडेसा एक बढ़िया खेल है. सच में. ,Odessa is a better game. Really.
दस्तावेज़,Documents
ईंट का छक्का,the six of diamonds
न्यूनतम मान,Minimum value
फाईल का नाम% s,Release tag:
पुष्टिकरण,Configuration:
प्रगतिशील राउंड,Progressive Rounds
निरपेक्ष स्थिति,Absolute position
नाम (_ N): ,_ Name:
चुनी गई आसंधियों (नोड) के शिशुओं को ताजा करें,Refresh selected node 's children
जाल स्थल,Web site
हीरा खदान,Diamond Mine
ज़ूम इन,Zoom In
चव्वा मिटाएँ,Remove the fours
ध्वनि (_ S) ,_ Sound
#-#-#-#-#gedit. gnome-2-2. hi. po (gedit VERSION) #-#-#-#-#पिछली क्रिया निरस्त करें #-#-#-#-#libgnomeui. HEAD. hi. po (libgnomeui HEAD) #-#-#-#-#अंतिम प्रक्रिया को निरस्त करें,Undo last action
हुकुम की दुक्का के बगल में हुकुम के तिक्की को रखें. ,Place the four of spades next to the three of spades.
उपकरण-पट्टी छुपाएँ या दिखाएँ,Show or hide statusbar
खोलें (_ O) ,_ Open…
बहुल स्कोरिंग,Multiplier Scoring
फ़ॉन्ट,Font
Memcheck Addrcheck Helgrind,Memcheck Addrcheck Helgrind
विजेट नहीं मिलाः% s,File not found
जोड़ें (_ A)... ,_ Add...
ताशों को फेंट कर देखें,Try dealing a row of cards
C + + और जावा सपोर्ट प्लगिन,JS Support Plugin
यूनानी,Greek
स्क्रैचबाक्स विकल्प,Scratchbox Options
न्यासslot type,Five Foundations
चिड़ी का इक्का,ace of clubs
डिबग करें (_ D) ,_ Debug
अनुप्रयोगः,Application:
मदद फ़ाइल “% s.% s” नहीं मिली,Help file “% s.% s” not found
पंक्ति संख्याएं दिखाएं,Show Line Numbers
#-#-#-#-#gedit. gnome-2-2. hi. po (gedit VERSION) #-#-#-#-#बांये #-#-#-#-#gtkhtml. HEAD. hi. po (GtkHTML 2. x) #-#-#-#-#बांया #-#-#-#-#libgnomeprintui. gnome-2-2. hi. po (libgnomeprintui) #-#-#-#-#बांये,Left
आप सत्ता के लिए खोज रहे हैं. ,You are searching for a seven.
कोई विवरण नहीं,No description
डाक,Mail
चिड़ी का गुलाम,jack of clubs
Pixbuf वस्तु,Pixbuf Object
जोड़ें,_ Attach
चयनित पाठ्य का रंग चुनें,Make the selected text lowercase
gtk-doc सिस्टम जोड़ेंः,Add gtk - doc system:
Qcard symbol,Q
पूरा प्रोजेक्ट बिल्ड करें,Build whole project
प्रवाहित करनेयोग्य विषयवस्तु,St _ reamable Content
पथः,Path:
हिब्रू दृश्य,Hebrew Visual
अनियत चौड़ाई,Available Plugins
मूल,Basic
शीर्षकः,Header:
अंत,End
ई-मेल पताः,Author Email Address:
"रीसेट करें (_ R) _ Restart ""is the menu item 'Game-> Restart', implies"" Restart Game",_ Reset
लाल पान की तिक्की,three of hearts
#-#-#-#-#gedit. gnome-2-2. hi. po (gedit VERSION) #-#-#-#-#फोन्ट चयन #-#-#-#-#gtk +. gtk-2-2. hi. po (gtk22 VERSION) #-#-#-#-#फोन्ट चयन #-#-#-#-#libgnomeprintui. gnome-2-2. hi. po (libgnomeprintui) #-#-#-#-#फोन्ट का चयन,_ Enter Selection / I - Search
आधार से पत्तों को नीचे की ले जाने की कोशिश करें,Try moving cards down from the foundation
क्या आपने मदद फ़ाइल पढ़ ली है? ,Have you read the help file?
"सिर्फ इसलिए कि हापस्काच बोर्ड पारपथ जैसे दिखता है, इसका मतलब यह नहीं कि वह यही है",Just because a crosswalk looks like a hopscotch board doesn 't mean it is one
स्ट्रिंग,String
वर्तमान खेल पुनःप्रारंभ करें,Restart the game
प्लग-इन जिसमें हैं एक्सेसेबेलों को तेजी से चुनने के लिए कई विधियां,Plugin with various methods of selecting accessibles quickly.
"कार्ड थीम “% s” के साथ कार्ड दिखाएं% I6d "", else to""% 6dscore",Display cards with “% s” card theme
C + + समर्थन जोड़ेंः,Add C + + support:
आप चौका के लिए खोज रहे हैं. ,You are searching for a four.
सामान्य नाम,Object contains
सॉलिटेयर,Solitaire
"जब तक अत्यधिक आपात् स्थिति न हो, रक्त-बन्ध की सिफारिश नहीं की जाती",Tourniquets are not recommended unless in the direst emergency
5number,5
पुस्तक-चिह्नों को प्रबंधित करें। ,Manage bookmarks.
नमूना फाइल आपरेशन,Start a bisect operation
विंडो ऊंचाई,Window height
ताश थीमः,Card themes:
घटनाओं हेतु ध्वनि बजाएँ या नहीं. ,Whether or not to play event sounds
रिपोर्ट करें (_ R) ,_ Report
~ a को एक हुकुम का अट्ठा पर ले जाएँ,Move ~ a onto the eight of spades.
प्रकटन,Appearance
लाल जोकर,Remove the red joker.
टिप्पणीः परिवर्तन सत्रांत (लोगआउट) के बाद ही प्रभाव में आएंगे। ,Note: Changes only take effect after logout.
पूर्ण स्क्रीन छोड़ें (_ L) ,_ Leave Fullscreen
लाल पान का इक्का,the ace of hearts
स्कीमाः,Sche _ ma:
न्यास,Six Foundations
नाम बदलें (_ R) ,_ Rename
- Integrated Development Environment,- Integrated Development Environment
Query expression to evaluate,Add expression to watch
ऊपरी पटल के लिए डिफोल्ट प्लग-इन खाका,The default plugin layout for the top panel
लगता है मुझे तुरंत अपनी पीठ खुजानी पड़ेगी... ,I could sure use a backrub right about now...
छवि (_ I) ,_ Image
साइरिलिक/यूक्रेनी,Cyrillic / Ukrainian
सत्र प्रबंधक में कनेक्शन अक्षम करें,Disable connection to session manager
गे गोरडोन्स,Gay Gordons
श्रेणी,Due date: \t% s
फ़ॉन्ट,Font
ताश प्रसंग इंस्टाल करें... ,Install card themes…
अतिरिक्त बाकीः,Reserve left:
हुकुम का चव्वा,the four of spades
जेब्राcard symbol,Zebra
"यह प्रायः होता है जब आप एसलिरियोट के पुराने संस्करण को चलाते हैं जिसने खेल नहीं खेला है जो आप अंतिम में खेले हैं. मूलभूत खेल, Klondike, बदले में आरंभ हो रहा है. ","This usually occurs when you run an older version of Aisleriot which does not have the game you last played. The default game, Klondike, is being started instead."
स्रोत,Source
संशोधन,Revision
खाली तस्वीर खाँचा पर बादशाह को ले जाएँ,Move a King on to the empty tableau slot
शब्द की सभी पुनरावत्तियों को छोड़ें,Find the next occurrence of current word
सभी मिटाएँ,Remove all
ताश के खेलः,Card games:
फोल्डर,_ Open All Folds
काला जोकर,black joker
"यदि आप कभी जंगल में अकेले गुम हो जाएँ, तो किसी पेड़ के आगोश में जाएँ","If you 're ever lost and alone in the woods, hug a tree"
GTKmm,GTKmm
श्रेणी,Category
पहुंचनीय आसंधि (नोड) को चुनते समय हाइलाइट बक्से की अवधि,The duration of the highlight box when selecting accessible nodes
विजेट नहीं मिलाः% s,Widget not found:% s
उच्च,High
मेक्रो जोड़ें (_ A)... ,_ Add Macro…
शीर्षकः,Caption:
पत्तों हेतु ग्राफ़िक्स सहित फ़ाइल का नाम. ,The name of the file with the graphics for the cards.
सॉलिटेयर के बारे में,About Solitaire
न्यूनतम वृद्धि,Minimum increment
प्रतीक,Icon
कुछ न करें (h) ,Do not show these symbols:
% s का कोई पाठ अंतराफलक नहीं है,% s has no text interface
क्या विंडो सबसे बड़े आकार का होना चाहिए,Whether the window is maximized
परियोजना,Project
खोलें,Open
सीधा ऊपर,Straight Up
छैतिज पैमाना,Time Propagation
ईंट का दुक्का,the two of diamonds
लाल पान का दुक्का,two of hearts
पंक्ति संख्या प्रदर्शित करें,Show Line Markers
चिड़ी की गुलाम के बगल में चिड़ी के दहला को रखें. ,Place the queen of clubs next to the jack of clubs.
"माउस के अधीन जो एक्सेसेबल है, उसे जांचें",Inspect accessible under mouse
सफेदसिर (व्हाइटहेड) ,Whitehead
#-#-#-#-#gedit. gnome-2-2. hi. po (gedit VERSION) #-#-#-#-#काटें #-#-#-#-#gnome-utils. gnome-2-2. hi. po (gnome-utils 2.0) #-#-#-#-#काटो #-#-#-#-#gtkhtml. HEAD. hi. po (GtkHTML 2. x) #-#-#-#-#काटो,Cu _ t
खाली तस्वीर खाँचा पर बादशाह को ले जाएँ. ,Move a king onto an empty tableau slot.
से,From
राजा अलबर्ट,King Albert
चल रहा है... ,Running...
लाग लोड करें (_ L) ,_ Load Log
फ्रेम,Frame
C + + और जावा सपोर्ट प्लगिन,C + + and Java support Plugin
सभी,Everything
वर्तमान फ़ाइल एक भिन्न नाम से सहेजें,Preview the current file in print format
निश्चित आईकन को लचीला बनाएँ,Make the selected text uppercase
इनेबल,Enabled
खाली तस्वीर खाँचा पर बादशाह को ले जाएँ. ,Move a king onto an empty tableau slot.
रेग्युलर एक्सप्रेशन,Blame revision
C + + और जावा सपोर्ट प्लगिन,JavaScript Support Plugin
चिड़ी की दुक्की,two of clubs
कार्रवाई (_ o) ,Acti _ on
सहायता,Help
~ a को एक ईंट का चव्वा पर ले जाएँ,Move ~ a onto the four of diamonds.
चिड़ी का चौवा,four of clubs
अल्ड लेंग स्याने,Auld Lang Syne
#-#-#-#-#gedit. gnome-2-2. hi. po (gedit VERSION) #-#-#-#-#वरीयता #-#-#-#-#gnome-applets. gnome-2-2. hi. po (gnome-applets 2. x) #-#-#-#-#वरीयता #-#-#-#-#gnome-media. HEAD. hi. po (gnome-media 2.0) #-#-#-#-#वरियताएँ #-#-#-#-#nautilus. HEAD. hi. po (nautilus 2. x) #-#-#-#-#प्राथमिकताएँ,_ Preferences
ट्रेज,Treize
कोई संकेत उपलब्ध नहीं है,No hint available.
नियम नामः,Rule name:
समूह गुण,Group properties
नहीं लिखें,No write
सीवीएस,CVS
आंट मेरी,Aunt Mary
चेतावनी,WARN
जैंगो परियोजना सूचना,Django Project information
सफलतापूर्वक पूर्ण,Completed unsuccessfully with status code% d
Anjuta घर पेज (_ H) ,Anjuta _ Home Page
लेखक,Author
चुनें कि कार्ड खींचना है या गंतव्य के बजाय श्रोत पर क्लिक करना है. ,Select whether to drag the cards or to click on the source then the destination.
चयन (_ S) ,_ Selection
गुण,Properties
मिटाकर लिखें,OVR
ईंट का सत्ता,the seven of diamonds
प्रोजेक्ट खोलें,Recent Projects:
~ a को लाल पान का इक्का पर घुमाएँ. ,Move ~ a onto the ace of hearts.
जेनेरिक,Generic
C + + समर्थन जोड़ेंः,Add C + + support:
प्लेयर का निर्माण नहीं हो सकता,Cannot open:% s & s
एक खाली आधार,an empty foundation
~ a को पट्ट से बाहर ले जाएँ,Move ~ a onto the unknown card.
पंक्तियाँ,Lines
निगरानी,Watches
ईंट का दहला,ten of diamonds
निर्देश चलाएं,Build commands
संस्करण,Version
Anjuta घर पेज (_ H) ,Anjuta _ Home Page
पूर्ण स्क्रीन (_ F) ,_ Full Screen
अभिभावक में% s सूची शिशु सूची सेमेल नहीं खाती,% s index in parent does not match child index
अपने अनुप्रयोग को पहुंचनीयता व्यायाम का लाभ दें,Give your application an accessibility workout
~ a को चिड़ी का सत्ता पर ले जाएँ,Move ~ a onto the seven of clubs.
मद (_ e): ,It _ ems:
एक दौर और चलें,Deal another round
सभी फ़ाइलें,Apply mailbox files
एक फाइल खोलें,Open file
सफलतापूर्वक फ्लापी को फार्मेट किया,Completed... unsuccessful
हुकुम का दुक्का,two of spades
साफ़ करें (_ C) ,_ Clear
/ बुकमार्क संशोधन,Next bookmark
खण्डन बिन्दु,Breakpoints
छपाई,Print
चिड़ी की बेगम,the queen of clubs
एस्लेरियाट के लिये सहायता देखें,View help for Aisleriot
प्रोफाइल प्लगिन,Profile Plugins
फ़ाइल,File
चुने गए स्तंभ,Selected columns
डिबग (खराबी दूर करें) ,Debug
फाइल चयन करें,Help display
विविध रंग,Alternating colors
परियोजना तयशुदा,Project Defaults
जोड़ा,Doublets
एकल प्लग-इन दृश्य,_ Single plugins view
मदद,_ Help
ब्रेकपाइंट समायोजित करें,Toggle breakpoint
श्वानपुच्छ,Dogtail
एक% s को आप ढूंढ रहे हैं. ,You are searching for a king.
एक पत्ते बांट,Single card deals
लेआउट,_ Reset Dock Layout
शिफ्ट,Shift
अगला दस्तावेज़,Next Document
हुकुम का नहला,Move ~ a onto the nine of spades.
#-#-#-#-#gnome-desktop. HEAD. hi. po (gnome-desktop VERSION) #-#-#-#-#टिप्पणी: #-#-#-#-#libgnomeprintui. gnome-2-2. hi. po (libgnomeprintui) #-#-#-#-#टिप्पणीः,Co _ mment
ताश को फिर से जमाने की कोशिश करें,Try rearranging the cards
एक हाथ और बांटें,Deal another hand
चिड़ी का दहला,ten of clubs
इस समय चुने गए एक्सेसेबेल से काम लेने के लिए अंतर्क्रियात्मक कन्सोल,Interactive console for manipulating currently selected accessible
दाएं बाजू के खाली स्थान पर कुछ ले जाएँ,Move something onto an empty right - hand tableau slot
सॉलिटेयर के बारे में,About Solitaire
श्रीमती ज़ेन,Lady Jane
जोड़ें (_ A) ,_ Add
बाहर,_ Quit
रुक गया,Stopped
अंतिम पूर्ववत् किए क्रिया को दोहराएँ,Redo the last undone action
संपादित करेंmenu,_ Edit
(क्रियान्वित नहीं हुआ है) ,(not implemented)
make (\\ [\\d + \\])?: \\s + Entering\\s + directory\\s + '(. +)' ,make (\\ [\\d +\\])?: \\s + Entering\\s + directory\\s + '(. +)'
मूल में वापस करें (_ R) ,_ Revert to Original
घटना रेकोर्डिंग शुरू करो/रोको,Start / stop event recording
आधार पत्ताः रानी,Base Card: Queen
सूचना,Unknown notification
अगला दस्तावेज़,Next Document
टर्मिनल में चलाएं,Run in Terminal
~ a को चिड़ी की बेगम पर ले जाएँ,Move ~ a onto the queen of clubs.
वर्तमान शब्द,Info _ Current Frame
ढूंढें,Search
#-#-#-#-#gnome-desktop. HEAD. hi. po (gnome-desktop VERSION) #-#-#-#-#टिप्पणी: #-#-#-#-#libgnomeprintui. gnome-2-2. hi. po (libgnomeprintui) #-#-#-#-#टिप्पणीः,Comments
वर्ग इंहेरीटेंस,Class Inheritance
चाल फिर चलें (_ R) Reset,_ Redo Move
मिनट्स को अपडेट करें,Update delete
कोई डील फिर नहीं,No redeals
इस खेल के बारे में,About this game
रेडहेड,Redheads
निचला पटल,Bottom panel
प्रोजेक्ट बंद करें,Close project
पूरा स्क्रीन मोड टॉगल करें,Toggle fullscreen mode
मान बदलें,Changes:
नमूना फाइल आपरेशन,Start a bisect operation
~ a को एक खाली फील्ड में ले जाएँ,Move ~ a onto an empty left slot.
प्रोजेक्ट इंपोर्ट सहायक,Project Import Assistant
ऊपरी पटल,Top panel
इंडेन्टेशन,Enable adaptive indentation
~ a को एक लाल पान का छक्का पर ले जाएँ,Move ~ a onto the six of hearts.
टैग लिस्ट प्लगइन,Sample Plugin for Anjuta.
काल चेनः,Call chain:
नोर्डिक,Nordic
क़िस्मः,Type:
मादा मकड़ी,Spiderette
विषय सूची (_ C) ,_ Contents
फाइल सहायक,File Assistant
अज्ञात पत्ता,the unknown card
संदेश सहेजें,Copy message
बेकार को भण्डार में ले जाएँ,Move waste to stock
चुने गए अनुप्रयोग,Selected application
आर्मेनियाई,Armenian
स्थितिः,Repository:
प्रोजेक्ट नाम,project name
सूचक बनाएं,Indicators
पूर्व संदेश (_ P) ,_ Previous Message
मोड,Unloaded
एक नया प्रोजेक्ट बनाएं,Could not create a new glade project.
हुकुम की अट्ठा के बगल में हुकुम के सत्ता को रखें. ,Place the eight of spades next to the seven of spades.
पुष्टि कर रहे हैं,Validating
प्लग-इन त्रुटियां,Plugin Errors
एक नया खेल प्रारंभ करें,Start a new game
चुनी गई आसंधियों (नोड) के शिशुओं को ताजा करें,Refresh selected node 's children
सार्वत्रिक फटाफट कुंजियां,Global Hotkeys
ईंट का गुलाम,the jack of diamonds
Cachegrind,Cachegrind
नहीं पढ़ा,No read
दोषमुक्त करें,DEBUG
ऑस्मोसिस,Osmosis
शीर्षकः,Caption:
अनियत चौड़ाई,Search Variable
& lt; bgt; चुनी गई कोशिकाlt;/bgt; ,Selected Cell
हुकुम की तिक्की,the three of spades
पियर से प्रमाण पत्र लेने में असमर्थ,Unable to build user interface for tool list
काला जोकर,the black joker
सभी मिटाएँ,Remove all
पुस्तक चिह्न संपादित करें (_ E)... ,_ Edit Bookmarks...
खोलें (_ O) ,_ Open
पैच प्लगिन,Patch Plugin
% I6d,% 6d
पहुंचनीय,_ Accessible
ताश बांटना बाकीः,Redeals left:
कोई संकेत उपलब्ध नहीं है,No hint available.
ईंट का सत्ता के बगल में ईंट का छक्का को रखें. ,Place the seven of diamonds next to the six of diamonds.
गैप,Gaps
उत्तमः,Best:
~ a को चिड़ी की दुक्की पर घुमाएँ. ,Move ~ a onto the two of clubs.
चिड़ी का बादशाह हटाएँ. ,Remove the nine of clubs.
~ a को एक खाली बाएं स्लॉट में ले जाएँ. ,Move ~ a onto an empty left slot.
न्यूनतम वृद्धि,Minimum increment
आधार पत्ताः इक्का,Base Card: Ace
चिड़ी की दुक्की,Move ~ a onto the two of clubs.
लाल पान का सत्ता,seven of hearts
झांकें,Peek
कार्ड थीम “% s” के साथ कार्ड दिखाएं,Display cards with “% s” card theme
0 फाइल्स,Profile
पेज हैडर प्रिंट करें,Add page header
<dead> ,< dead >
चलाने के लिए लक्ष्य लोड करें,Load Target to run
इस समय चुने गए एक्सेसेबेल से काम लेने के लिए अंतर्क्रियात्मक कन्सोल,Interactive console for manipulating currently selected accessible
हुकुम का चव्वा,the four of spades
रविशंकर श्रीवास्तव (raviratlami @yahoo. com) राजेश रंजन (rajeshkajha @yahoo. com) ल. बालसुब्रमण्यम (l. balasubramaniam @gmail. com) ,translator - credits
घटनाओं हेतु ध्वनि बजाएँ या नहीं. ,Whether or not to play event sounds
~ a को एक ईंट का छक्का पर ले जाएँ,Move ~ a onto the six of diamonds.
लिख रहा है% s,Printing
Swap. h/. c,Swap. h /. c
अनुप्रयोग,Application
नीचे जायें,Move Down
एक्सेर्साइसर,Accerciser
Swap. h/. c,Swap. h /. c
एक खाली खाँचाstockslot hint,% s on reserve
रंग-पट्टिका,Palette
एथेना,Athena
हुकुम का छक्का,six of spades
ईंट का बादशाह,the king of diamonds
पूर्वनिर्धारित (_ a) ,Default format
अगला कार्ड या कार्ड्स की डील करें,Deal next card or cards
ब्रेकपाइंट समायोजित करें,_ Breakpoints
लाल जोकर,red joker
चिड़ी की नहला के बगल में चिड़ी के अट्ठा को रखें. ,Place the nine of clubs next to the eight of clubs.
"दिखाता है सूचना अभी चलने वाले एल्बम, कलाकार एवं बीते समय की",Display information about the current frame of execution
एक पत्ता बांटें,Deal a card
तस्वीर में एक खाली खाँचा,an empty slot on tableau
मुख्य खेलः,Main game:
रोकें,Stopped
खेलने के लिये खेल चुनें,Select the game type to play
ऊपरी पटल के लिए डिफोल्ट प्लग-इन खाका. ,The default plugin layout for the top panel.
हुकुम की दुक्का के बगल में हुकुम के तिक्की को रखें. ,Place the four of spades next to the three of spades.
समायोजन,Leaving:% s
काला जोकर,black joker
सभी ढेर भरने लायक पत्ते होते तक पहले जैसा करें,Undo until there are enough cards to fill all tableau piles
मेक्रो जोड़ें (_ A)... ,_ Add Macro...
4number,4
कानफिगर (_ n) ,Configure
ताज़ा करें (_ R) ,_ Refresh
उचित बनाने के लिए जाम,Zoom Out
अनियत चौड़ाई,Info _ Global Variables
उपयोक्ता द्वारा कमांड रद्द,Command canceled by user
खेलें “% s”,Play “% s”
~ a को एक ईंट का चव्वा पर ले जाएँ,Move ~ a onto the four of diamonds.
प्रोजेक्ट संस्थापित करें (_ I) ,_ Install Project
प्रोजेक्ट बंद करें,Installing the Project:
ग्लेनवुड,Glenwood
मिटाया,Deleted
विकल्पों को सन्ग्रहित करे,Stack frame operations
अल्ड लेंग स्याने,Auld Lang Syne
अंकः,Score:
श्रेणी,Parameters
~ a को एक हुकुम का गुलाम पर ले जाएँ,Move ~ a onto the jack of spades.
खेल बदलें,Change Game
आधार पर एक पत्ता ले जाएँ,Move a card to the Foundation
लोड,_ Load Log
पसंद जोड़ें... (_ A) ,_ Add Bookmark...
खोजें,_ Search
उभारें,Highlight style
हुकुम की दुक्का के बगल में हुकुम के इक्का को रखें. ,Place the two of spades next to the ace of spades.
& lt; bgt; सारणी सूचनाlt;/bgt; ,Table Information
एक्सेरसाइसर आपके डेस्कटोप में मौजूद अनुप्रयोग नहीं देख पाया। इस समस्या के समाधान के लिए आपको डेस्कटोप पहुंचनीयता को सक्रिय करना होगा। क्या आप इसे सक्रिय करना चाहते हैं? ,Accerciser could not see the applications on your desktop. You must enable desktop accessibility to fix this problem. Do you want to enable it now?
मदद फ़ाइल “% s.% s” नहीं मिली,Help file “% s.% s” not found
चलाने के लिए लक्ष्य लोड करें,Load Target to run
स्तंभ,Col
हुकुम की तिक्की के बगल में हुकुम के दुक्का को रखें. ,Place the three of spades next to the two of spades.
~ a को एक हुकुम का छक्का पर ले जाएँ,Move ~ a onto the six of spades.
ईस्टहैवन,Easthaven
ब्रेकपाइन्ट टॉगल करें,Toggle Breakpoint
ईंट का दहला,the ten of diamonds
स्थान (_ L): ,Location:
वस्तुओं की प्रति साईट दर्शाई गई अधिकतम संख्या,Maximum number of independent jobs (0 = = no limit)
इसाबेल,Isabel
पथः,First Path:
लाल पान की बेगम के बगल में लाल पान के गुलाम को रखें. ,Place the queen of hearts next to the jack of hearts.
लाल पान का दुक्का,the two of hearts
ईंट का बादशाह,king of diamonds
उचित संस्थापन ढेर,the appropriate Foundation pile
स्थिति,Condition
टेरेस,Terrace
पूरी लाइन फेंटें,Deal a row
सबवर्सन,Subversion
लकीर,Line
डिफ़ॉल्ट गनोम प्रसंग,Default GNOME Theme
डाक,Mail
दहला मिटाएँ,Remove the tens
~ a को चिड़ी की बेगम पर ले जाएँ,Move ~ a onto the queen of clubs.
आर्गुमेंट्स,Arguments
शीर्षकः,Title:
गनोम सॉलिटेयर,GNOME Solitaire
वस्तु का संपादन करें,Edit Item
सार्वत्रिक फटाफट कुंजियां,Global Hotkeys
अल्ड लेंग स्याने,Auld Lang Syne
ईंट का छक्का,six of diamonds
~ a को एक लाल पान का सत्ता पर ले जाएँ,Move ~ a onto the seven of hearts.
कुलः,Total:
जीता,Wins
#-#-#-#-#gedit. gnome-2-2. hi. po (gedit VERSION) #-#-#-#-#बर्तमान फाइल को बंद करें #-#-#-#-#libgnomeui. HEAD. hi. po (libgnomeui HEAD) #-#-#-#-#वर्तमान फाइल को बंद करें,Close current glade project
पूर्वावलोकन,Preview
सभी बंद करें,Clean All
~ a को चिड़ी का गुलाम पर ले जाएँ,Move ~ a onto the jack of clubs.
इक्का मिटाएँ,Remove the aces
पथः,Path:
साराटोगा,Saratoga
रोमानियाई,Romanian
हॉपस्कॉच,Hopscotch
जापानी,Japanese
कुंजी,Key
अंजूटा,Select a plugin
के साथ खोलेंः,Open with:
डिफ,Diff
स्वचालित,Automatic
क्रिया,Action
ईस्टहैवन,Easthaven
कोई सीमा नहीं,No Limit
वैश्विक,Global
सुधारें,Modify
हुकुम का छक्का,six of spades
चिड़ी का दहला,Move ~ a onto the ten of clubs.
डिबग करें (_ D) ,_ Debug
टेरेस,Terrace
ऑप्टीमाइज़्ड,Optimized
क्लिक करके ताश ले या छोड़ें,Pick up and drop cards by clicking
हाइलाइट किया गया भराई का रंग और पारदर्शिता। ,The color and opacity of the highlight fill.
एक्सेर्साइसर पहुंचनीयता अन्वेषक,Accerciser Accessibility Explorer
पुष्टि कर रहे हैं,Validating
सिन्योर,Signora
अक्षम,Disabled
पुस्तक चिह्न संपादित करें (_ E)... ,_ Edit Bookmarks...
हटाएं (_ m) ,Re _ move
वरीयताएं (_ P) ,_ Preferences
लाल पान की तिक्की,Move ~ a onto the three of hearts.
भारी भरकम,Jumbo
निरसनकर्ता,Eliminator
लाल पान की बेगम के बगल में लाल पान के गुलाम को रखें. ,Place the queen of hearts next to the jack of hearts.
% d चुने हुए आयटम्स को हमेशा के लिए डिलीट करना चाहते हैं,Are you sure you want to reset the preferences to their default settings?
ईंट का गुलाम,jack of diamonds
एक अट्ठा को आप ढूंढ रहे हैं. ,You are searching for an eight.
चिड़ी का बादशाह,the king of clubs
~ a को एक ईंट का बादशाह पर ले जाएँ,Move ~ a onto the king of diamonds.
पासवर्डः,Password:
मदद,Help
ताश को उलटे खिसका कर देखें,Try moving a card to the reserve
पता,Address
हुकुम का अट्ठा,eight of spades
क्लिपबोर्ड से चुने हुए टेक्स्ट को काटें,Enter the selected text as the search target
आधार पत्ताः,Base Card:
Anjuta वरीयता,Anjuta Preferences
चुनें (_ S) ,_ Select
हाथापाई,Scuffle
सभी चुनें,Select All
हेलसिंकी,Helsinki
एक खाली संस्थापन के ढेर,an empty foundation pile
अंजुटा के लिए डेव वहेल्प प्लगिन,Devhelp Plugin for Anjuta.
चिड़ी की बेगम,the queen of clubs
राजा अलबर्ट,King Albert
पाठ (_ x) ,Te _ xt
अभिभावक में% s सूची शिशु सूची सेमेल नहीं खाती,% s index in parent does not match child index
input widget,Git: Push complete.
केमेलॉट,Camelot
बिल्ड (_ B) ,_ Build
फोन्ट स्टाइल,Fold style:
साइरिलिक/यूक्रेनी,Cyrillic / Ukrainian
एक खाली चित्र जगह,an empty tableau place
~ a को एक ईंट का गुलाम पर ले जाएँ,Move ~ a onto the jack of diamonds.
ईंट का चव्वा के बगल में ईंट का तिक्की को रखें. ,Place the four of diamonds next to the three of diamonds.
दृश्य,View
सहेजें,Save
संदेश,Messages
% d:% 02d,% d:% 02d
डिफाल्ट किया गया,Load _ user defaults
भराई का रंगः,Fill color:
ओडेसा एक बढ़िया खेल है. सच में. ,Odessa is a better game. Really.
फ्रीसेल सॉलिटेयर,Freecell Solitaire
अंजुता प्लगिन,Anjuta Plugin
इसाबेल,Isabel
अंजुता प्लगिन,Anjuta Plugin
असीमित पुनः सौदों,Unlimited redeals
खेल (_ G) ,_ Game
हाइलाइट बक्से का भराई रंग,The fill color of the highlight box
लाल पान का छक्का,six of hearts
लाल पान का बादशाह हटाएँ. ,Remove the eight of hearts.
स्रोत,Source
एस्लेरियॉट,AisleRiot
ताश को उलटे खिसका कर देखें,Try moving a card to the reserve
प्रोग्राम चलाएँ,Kill program
नमूना क्रिया,Tag _ Implementation
पहला नियम,First Law
जेम्सटाउन,Jamestown
वर्तमान विन्यास अति प्राकृतिक रूप से ताश के रंग के योग्य हो इस हेतु ध्येय कीजिए. ,Aim to place the suits in the order which fits the current layout most naturally.
चयन (_ S) ,_ Selection
खास,Signals
शॉर्टकटः,Shortcut:
Generic gcj compiled java,Generic gcj compiled java
वर्ग इंहेरीटेंस,Class Inheritance
श्रीमान् टॉमी,Sir Tommy
संशोधनः,Revision:
सभी ढेर भरने लायक पत्ते होते तक पहले जैसा करें,Undo until there are enough cards to fill all tableau piles
स्वयं,Self
प्रलेख,_ Document
चिड़ी का बादशाह,the king of clubs
लाल पान का पंजा,the five of hearts
किसी वस्तु को खाली तस्वीर खाँचे में ले जाएँ,Move something onto an empty tableau slot.
अगला संदेश,Next message
नया खेल,New Game
टैग सूची विन्डो प्रदर्शित करे,Show in main window
CVS प्लगिन,CVS Plugin
मत रिपोर्ट करें (_ D) ,_ Don 't report
प्रत्येक पंक्ति क प्रिंट करें,Add line number every:
लाल जोकर,the red joker
आधार पर एक पत्ता ले जाएँ,Move ~ a onto the foundation.
स्वचालित हाशिया,Indent:
नया मेनू (_ N) ,_ New Menu
वर्णनः,Description:
Qcard symbol,Q
पंक्ति ~ a में श्रृंखला में जोड़ें. ,Add to the sequence in row ~ a.
काटें (_ u) ,C _ ut
सीहैवन,Seahaven
नाम,Name:
मैक्रो प्लगिन,Macro Plugin
प्लग-इन जिसमें हैं एक्सेसेबेलों को तेजी से चुनने के लिए कई विधियां,Plugin with various methods of selecting accessibles quickly.
सोर्स जोड़ें,Add _ Source File
~ a को पट्ट से बाहर ले जाएँ,Move ~ a off the board
रिफ्रेश,_ Refresh
हुकुम का अट्ठा,eight of spades
बहुल स्कोरिंग,Multiplier Scoring
बचा मालः 0,Stock left: 0
~ a को एक लाल पान का दहला पर ले जाएँ,Move ~ a onto the ten of hearts.
भिन्न प्रकार खेल खेलें,Play a different game
गुणधर्म,Attributes
डायरेक्टरी का निर्माण करें,Choose directories
~ a को ईंट का गुलाम पर घुमाएँ. ,Move ~ a onto the jack of diamonds.
फाइल चयन करें,Delete Theme
जेनेरिक,Generic
~ a कोचिड़ी का चौवा पर घुमाएँ. ,Move ~ a onto the four of clubs.
चार मूलाधार,Four Foundations
संदेश,Log Message:
% (rolename) s अभिभावक सूची% (num1) d पंक्ति और स्तंभ सूची% (num2) d से मेल नहीं खाते,% (rolename) s parent index% (num1) d does not match row and column index% (num2) d
ईंट का दहला,the ten of diamonds
~ a को एक ईंट का पंजा पर ले जाएँ,Move ~ a onto the five of diamonds.
एक खाली फाउण्डेशन जगह,an empty foundation place
घटनाओं को मानिटर करें (_ M) ,_ Monitor Events
घटक,Co _ mponent
आंट मेरी,Aunt Mary
प्रोफाइल प्लगिन,Profile Plugins
/ बुकमार्क संशोधन,_ First Bookmark
एकार्डियन,Accordion
"% s में% s स्थिति है, पर उसके साथ% s स्थिति नहीं है",% s has% s state without% s state
चिड़ी का गुलाम,jack of clubs
इंटरफेसः,Interface:
कर्नल,Kernel signals
ईंट का दुक्का,two of diamonds
अपडेट (अद्यतन) ,Update
सबवर्सन,Subversion
भूलभुलैया,Labyrinth
ब्रेकपाइंट को समायोजित करें,Remove a breakpoint
~ a को एक लाल पान का चव्वा पर ले जाएँ,Move ~ a onto the four of hearts.
ईंट का दहला हटाएँ. ,Remove the ace of diamonds.
"जब आप सड़क पार करें, तो दोनों तरफ देखें",Look both ways before you cross the street
लाल पान का बादशाह,king of hearts
स्थितिः,Position type
एक्सेर्साइसर,Accerciser
संग्रह,Col _ lection
न्यासslot type,foundation
प्रक्रिया बाहर. ,Process exited.
स्वचालित,Automatic
शॉर्टकटः,Shortcut:
संशोधनः,Use revision / tag:
सभी चुनें,Select All
राज्य,States
पासवर्डः,Password:
कमांड,Command
टारबाल बिल्ड करें (_ T) ,Build _ Tarball
बचा मालः,Stock left:
पिता विडगेट,Pressing tab inserts indentation
चेतावनीः,warning:
"फोकस योग्य% s में सारणी अंतराफलक है, लेकिन कोई चयनीय अंतराफलक नहीं हैbutton has focused state without focusable state","focusable% s has a table interface, but not a selection interface"
एक% s को आप ढूंढ रहे हैं. ,You are searching for a six.
सॉफ्ट,Soft
चिड़ी का बादशाह हटाएँ. ,Remove the jack of clubs.
मुख्य वर्गः,Main Class:
2number,2
मेकफाइल आधारित परियोजना,Makefile - based project
चिड़ी की बेगम,queen of clubs
छैतिज पैमाना,Build Autotools
अज्ञात पत्ता,face - down card
नमूना क्रिया,Implementation
आरक्षितslot type,reserve
अंगूठा और पॉकेट,Thumb And Pouch
प्रोजेक्ट विन्यस्त करें,Configure Project
फाइल चयन करें,Shell Script File
खाली खाँचा पर कुछ रखें,Place something on empty slot
सॉलिटेयर,Solitaire
भूमिका,Role
प्रोजेक्ट लोड करने में असमर्थ,Failed to refresh project:% s
चिड़ी का अट्ठा,the eight of clubs
परियोजना विकल्प,Project root URI
आपरेशन चलाएँ,Run operations
संपादन,Edit
चिड़ी की छक्का के बगल में चिड़ी के पंजा को रखें. ,Place the six of clubs next to the five of clubs.
पूरे दस्तावेज का चयन करें,Select the current code block
हुकुम का दहला,the ten of spades
एक खाली तस्वीर,an empty tableau
उचित संस्थापन ढेर,the appropriate Foundation pile
ईंट का चव्वा,the four of diamonds
छैतिज पैमाना,Thread operations
Specify File List,All Project Files
सभी,Everything
हुकुम का गुलाम,jack of spades
एक अट्ठा को आप ढूंढ रहे हैं. ,You are searching for an eight.
फ़ाइल सहेजा जा रहा है... ,Saving file...
एटी-एसपीआई सत्यापक,AT - SPI Validator
WIDTHxHEIGHT + XOFF + YOFF,WIDTHxHEIGHT + XOFF + YOFF
Anjuta वरीयता,To - do List Preferences
हाइलाइट बक्से का सीमांत रंग,The border color of the highlight box
माॅड्यूल फाइल नाम,Module name:
लाॅगिन,_ Log
डेस्कटोप,Des _ ktop
पिछली चाल पूर्ववत करें,Redo the undone move
सभी,Everything
सभी मिटाएँ,Remove all
सभी चुनें (_ A) ,Select _ All
नीचे के पैनल के लिए लेआउट,The layout for the bottom panel
सांख्यिकी% Id% d,Statistics
#-#-#-#-#gnome-desktop. HEAD. hi. po (gnome-desktop VERSION) #-#-#-#-#टिप्पणी: #-#-#-#-#libgnomeprintui. gnome-2-2. hi. po (libgnomeprintui) #-#-#-#-#टिप्पणीः,All Comments
खेल चुनें... (_ S) ,_ Select Game…
निर्देशिका बिल्ड करेंः,Build Directory:
ईंट का दहला हटाएँ. ,Remove the five of diamonds.
घटक,Co _ mponent
घटना रोजनामचा मिटाओ,Clear event log
स्वचालित हाशिया,Auto Indent
प्रोजेक्ट साफ करें (_ C) ,_ Clean Project
~ a को एक खाली आधार में ले जाएँ. ,Move ~ a onto an empty foundation slot.
एक्सेर्साइसर,Accerciser
हाइलाइट अवधिः,Highlight duration:
क्वातोर्जे,Quatorze
जाल स्थल,Web site
के साथ खोलेंः,Open with:
गुणधर्म,Property
चिड़ी की छक्का के बगल में चिड़ी के पंजा को रखें. ,Place the six of clubs next to the five of clubs.
तेरह,Thirteen
चिड़ी का चौवा,four of clubs
एलीवेटर,Elevator
इस विंडो को बन्द करें,Close this window
कुत्ते के कान में कभी सीटी नहीं बजाएँ,Never blow in a dog 's ear
चिड़ी की चौवा के बगल में चिड़ी के तिक्की को रखें. ,Place the four of clubs next to the three of clubs.
अपवाद,EXCEPT
हुकुम की दहला के बगल में हुकुम के नहला को रखें. ,Place the ten of spades next to the nine of spades.
साराटोगा,Saratoga
पुस्तक चिह्न संपादित करें (_ E)... ,_ Edit Bookmarks...
डेवलेपर को इस बग को रिपोर्ट करें. ,Please report this bug to the developers.
और ताश बांटें,Deal more cards
मछली पकड़ने के तांत से अपने दांत साफ मत करिए,Fishing wire makes bad dental floss
रिसेट करें (_ R) ,_ Reset tree…
चिड़ी का दहला,ten of clubs
इतिहास क्रमांक,History sizes
पाठ (_ x) ,Te _ xt
प्रथम आधार ढेर हेतु अतिरिक्त में से एक ताश का पत्ता चुनें,Select a card from the reserve for first foundation pile
कोई संकेत अभी उपलब्ध नहीं है,No hint available right now
ओडेसा एक बढ़िया खेल है. सच में. ,Odessa is a better game. Really.
जीताः,Wins:
शब्दकोष,Binary
हुकुम का नहला,nine of spades
अंजूटा दस्तावेज मैनेजर,Plugin Manager
स्थान-विशिष्टः,Locale:
कुत्ते के कान में कभी सीटी नहीं बजाएँ,Never blow in a dog 's ear
% (rolename) s अभिभावक सूची% (num1) d पंक्ति और स्तंभ सूची% (num2) d से मेल नहीं खाते,% (rolename) s parent index% (num1) d does not match row and column index% (num2) d
ढूंढें (_ F)... ,_ Find Symbol...
सोल,Sol
सत्र,New association
लगता है मुझे तुरंत अपनी पीठ खुजानी पड़ेगी... ,I could sure use a backrub right about now...
झांकें,Peek
आधार से पत्तों को नीचे की ले जाने की कोशिश करें,Try moving cards down from the foundation
छोड़ रहा हैः% s,Leaving:% s
जेब्राcard symbol,Zebra
केमेलॉट,Camelot
अभिभावक में% s सूची शिशु सूची सेमेल नहीं खाती,% s index in parent does not match child index
दिखाएँ,Show
चिड़ी की तिक्की,three of clubs
मोड्यूल,Java Module
मदद (_ H) ,_ Help
पत्तों को फिर फेंटें,Reshuffle cards
4number,4
कुछ न करें (h) ,Do not show tabs
चल रहा है... ,Running…
विकल्प,HTML export options:
#-#-#-#-#eel. HEAD. hi. po (eel VERSION) #-#-#-#-#Y #-#-#-#-#gtk +. gtk-2-2. hi. po (gtk22 VERSION) #-#-#-#-#y #-#-#-#-#libgnomecanvas. HEAD. hi. po (PACKAGE VERSION) #-#-#-#-#Y,% Y
खोज का तरीका,Search Target
अनियत चौड़ाई,Select Target to Profile
पुस्तक चिह्नों को संपादित करें... ,Edit Bookmarks...
संस्थापित प्लगिन,Installed plugins
प्रोग्राम,Program
पुस्तक-चिह्नों को प्रबंधित करें। ,Manage bookmarks.
उपकरण-पट्टी दिखाएँ या नहीं,Whether or not to show the toolbar
हैडर (शीर्षक) क्लिक किए जाने योग्य,* Output Header File:
एक खाली खाँचा,an empty slot
स्तंभ,Column
टर्मिनल,Terminal
कोई चाल बाकी नहीं,There are no more moves
जीता,Wins
मिलाएं,Merge
ठहरें (_ P) ,_ Pause
स्पाइडर तीन डेक,Spider Three Decks
अक्षम,Disabled
ईंट का दहला हटाएँ. ,Remove the ten of diamonds.
चिड़ी का गुलाम,the jack of clubs
एकल प्लग-इन दृश्य,_ Single plugins view
प्रतिशतः,Percentage:
रविशंकर श्रीवास्तव (raviratlami @yahoo. com) राजेश रंजन (rajeshkajha @yahoo. com) ,translator - credits
बेकर्स दर्जन,Bakers Dozen
चिड़ी की तिक्की,the three of clubs
चिड़ी का नहला,nine of clubs
अनुप्रयोग की पहुंचनीयता का सत्यापन करता है,Validates application accessibility
अंजूटा वरीयता,Anjuta Preferences
से,From
अंतराफलक दर्शक,Interface Viewer
बिल्ड% d:% s,Build% d:% s
#-#-#-#-#eel. HEAD. hi. po (eel VERSION) #-#-#-#-#पंक्ति व्रेप #-#-#-#-#gtk +. gtk-2-2. hi. po (gtk22 VERSION) #-#-#-#-#लाइन व्रैप,Line _ Wrapping
बचा मालः,Stock left:
पुस्तक-चिह्नों को प्रबंधित करें। ,Manage bookmarks.
पिछली चाल पूर्ववत करें,Undo the last move
उपकरण-पट्टी छुपाएँ या दिखाएँ,Show or hide statusbar
खेल (_ G) ,_ Game
चौदह,Fourteen
पंजी ताजा करें (_ R) ,_ Refresh Registry
पुस्तक चिह्न संपादित करें (_ E)... ,_ Edit Bookmarks...
उचित संस्थापन ढेर,the appropriate Foundation pile
लाल पान की पंजा के बगल में लाल पान के चव्वा को रखें. ,Place the five of hearts next to the four of hearts.
पिछली क्रिया रद्द करें,Redo the last action
दृश्य,View
छवि (_ I) ,_ Image
~ a को एक खाली आधार में ले जाएँ,Move ~ a to an empty foundation
लाल पान का अट्ठा,the eight of hearts
हुकुम की पंजा के बगल में हुकुम के चव्वा को रखें. ,Place the five of spades next to the four of spades.
विजेट्स,Widgets
दक्षिण यूरोपीय,South European
~ a को एक हुकुम की बेगम पर ले जाएँ,Move ~ a onto the queen of spades.
नया बीएसडी लाइसेन्स विवरण के लिए देखिए प्रतिलिपीकरण और सूचना फाइलें,The New BSD License See the COPYING and NOTICE files for details.
चीनी पारम्परिक,Chinese Traditional
"पाठ्य ""% s"" नहीं मिला था","The match ""% s"" was not found. Wrap search around the document?"
बाल्सा सूचना,Basic Information
चलाएँ (_ R) ,_ Run
रोकें,Stop:
हुकुम का दहला,ten of spades
GtkSourceView Editor,GtkSourceView Editor
सफलतापूर्वक फ्लापी को फार्मेट किया,File loaded successfully
स्वयं से,itself
लाल पान का सत्ता,the seven of hearts
पुस्तक चिह्न संपादित करें (_ E)... ,_ Edit Bookmarks...
मिलान,Width
~ a को चिड़ी का बादशाह पर ले जाएँ,Move ~ a onto the king of clubs.
स्टाकslot type,stock
रोकें,Stop
पंक्ति ~ a के सबसे बायें के स्लॉट में दो को रखें. ,Place a two in the leftmost slot of row ~ a.
चल रहा है... ,Running...
वर्तमान विन्यास अति प्राकृतिक रूप से ताश के रंग के योग्य हो इस हेतु ध्येय कीजिए. ,Aim to place the suits in the order which fits the current layout most naturally.
प्रस्तुत स्थिति के आखिरी अंशों को दिखाएँ,Jump to breakpoint location
बाहर,/ _ Quit
उत्तमः,Best:
कार्रवाई संपन्न करें,Perform action
घटना रेकोर्डिंग शुरू करो/रोको,Start / stop event recording
हुकुम की नहला के बगल में हुकुम के अट्ठा को रखें. ,Place the nine of spades next to the eight of spades.
प्रोजेक्ट संस्थापित करें (_ I) ,Install directories:
~ a को एक हुकुम का पंजा पर ले जाएँ,Move ~ a onto the five of spades.
आईडी,ID
लाल पान का अट्ठा,eight of hearts
सारणी (_ T) ,_ Table
बीयर रिवर,Bear River
"जब आप सड़क पार करें, तो दोनों तरफ देखें",Look both ways before you cross the street
सापेक्ष स्थिति,Relative position
लोड किया जा रहा है... ,Loading…
ईंट की बेगम,queen of diamonds
एपीआई विचरक,API Browser
लाल पान का चव्वा,Move ~ a onto the four of hearts.
संपादन... ,Edit...
हाइलाइट किए गए सीमांत का रंग और अपारदर्शिता। ,The color and opacity of the highlight border.
सीमांत (बोर्डर) के रंग को हाइलाइट करें,Highlight border color
संदेश,Message colors
हुकुम का बादशाह,king of spades
हाँ,Yes
उत्तमः,Best:
विरोधी,Conflicted
"बधाई, आप जीत गए! ","Congratulations, you have won!"
पसंद (_ P)... ,_ Preferences...
खेल फ़ाइल उपयोग में,The game file to use
समूह,Add _ Group
एक अंतर्क्रियात्मक पाइथन पहुंचनीयता अन्वेषक,An interactive Python accessibility explorer
चयनित,Cut selection
पुष्टि कर रहे हैं,Validating
Kcard symbol,K
उच्च,High
* ,*
चयनित पाठ्य को हटाएं,Delete the style selected in the combo style selector.
दस्तावेज़ यूआरआई को 'Type = Link' डेस्कटॉप प्रविष्टि में पास नहीं कर सका,Can 't pass document URIs to a' Type = Link 'desktop entry
चिड़ी का चौवा,four of clubs
सफलतापूर्वक पूर्ण,Completed unsuccessfully
डिबगर,Debugger:
हीरा खदान,Diamond Mine
चिड़ी का छक्का,the six of clubs
'% s' फाइल में लिखने की त्रुटिः% s,Error saving to suppression file `% s':% s
लोड,Load
प्रोजेक्ट में सोर्स जोड़ें,Add a group to project
गनोम सॉलिटेयर,GNOME Solitaire
दो सूट,Two Suits
ईंट का दुक्का,two of diamonds
सोर्सफोर्ज,Python Source File
हुकुम का अट्ठा,eight of spades
% s मुफ़्त सॉफ़्टवेयर है; इसे आप मुफ़्त सॉफ़्टवेयर फाउण्डेशन द्वारा प्रकाशित ग्नू जनरल पब्लिक लाइसेंस के तहत वितरित कर सकते हैं या परिवर्धित कर सकते हैं; लाइसेंस के% d संस्करण या इसके (अपने विकल्प अनुसार) बाद के संस्करण के तहत. ,"% s is free software; you can redistribute it and / or modify it under the terms of the GNU General Public License as published by the Free Software Foundation; either version% d of the License, or (at your option) any later version."
एक्सेर्साइसर,Accerciser
ईंट की तिक्की,the three of diamonds
अगली चाल हेतु संकेत प्राप्त करें,Get a hint for your next move
हुकुम का बादशाह हटाएँ. ,Remove the nine of spades.
हाशिया पैरामीटर,Indentation parameters
चुनी गई आसंधियों (नोड) के शिशुओं को ताजा करें,Refresh selected node 's children
पिछला हिस्सा,_ Previous Bookmark
अतिरिक्त में से एक ताश के पत्ते को खाली खाँचा पर ले जाएँ,Move a card from the reserve on to the empty tableau slot
दरी,Carpet
मेक्रो जोड़ें (_ A)... ,_ Add Macro...
~ a को एक हुकुम का दुक्का पर ले जाएँ,Move ~ a onto the two of spades.
आइकन फाइलः,Icons only
दृश्य,View
उपकरण-पट्टी छुपाएँ या दिखाएँ,Show or hide the toolbar
मौजूदा बफर,Current buffer
आधार ढेर,the foundation pile
वर्ग जनक,Class Generator
हुकुम का अट्ठा,the eight of spades
ग्लेड फाइल,Glade File
डिफ़ॉल्ट,Default
लाल पान का छक्का,six of hearts
कुछ नहीं,None
लाल पान का छक्का,the six of hearts
सत्ता मिटाएँ,Remove the sevens
ताश थीमः,Card themes:
उन प्लग-इनों की सूची जिन्हें डिफोल्ट रूप से निष्क्रिय किया गया है,A list of plugins that are disabled by default.
प्रोजेक्ट खोलें,Import Project
सताने वाला किला,Beleaguered Castle
Anjuta के लिए ग्लेड प्लगिन,Glade Plugin for Anjuta.
अज्ञात रंग,Unknown color
झांकें,Peek
मादा मकड़ी,Spiderette
हुकुम का बादशाह हटाएँ. ,Remove the eight of spades.
ईंट का दुक्का,two of diamonds
कई कमांड एक साथ चलाएँः,Run several commands at a time:
"माउस के अधीन जो एक्सेसेबल है, उसे जांचें",Inspect accessible under mouse
क्रियान्वित करें,Executing:
पुस्तक-चिह्नों को प्रबंधित करें। ,Manage bookmarks.
युकान,Yukon
संस्करण नियंत्रण सिस्टम प्लगिन,A version control system plugin
परियोजना नामः,Group name:
ढूंढ रहे हैं... ,Searching...
हुकुम का नहला,the nine of spades
स्थिति पट्टी (_ S) ,_ Statusbar
लाल जोकर,red joker
ईंट का नहला,nine of diamonds
यूनानी,Greek
Git संस्करण नियंत्रण,Git version control
न्यास,the foundation
प्रोफ़ाइल नाम,Profile Name
छपाई,Print
संगतता ही कुंजी है,Consistency is key
लाल पान का सत्ता,seven of hearts
निर्देश चलाएं,Build popup commands
इस खेल के लिये सहायता दिखायें,View help for this game
चिड़ी की दुक्की,two of clubs
#-#-#-#-#libgnomeprintui. gnome-2-2. hi. po (libgnomeprintui) #-#-#-#-#स्थान (_ L): #-#-#-#-#nautilus. HEAD. hi. po (nautilus 2. x) #-#-#-#-#स्थान,_ Location:
ईंट का दहला हटाएँ. ,Remove the seven of diamonds.
दुक्की मिटाएँ,Remove the twos
चिड़ी की सत्ता के बगल में चिड़ी के छक्का को रखें. ,Place the seven of clubs next to the six of clubs.
फिर से ढूंढो,_ Find Usage
संशोधनः,Bad revision:
वुड,Wood
फाइल का नाम ढूंढो,Message Manager
3number,3
Aisleriot पता नहीं कर सका कि आपने कौन सा खेल अंतिम बार प्राप्त किया. ,Aisleriot cannot find the last game you played.
ईंट का दहला हटाएँ. ,Remove the ace of diamonds.
एक्सेर्साइसर पसंद,accerciser Preferences
योजना अपवाद उत्पन्न हुआ,A scheme exception occurred
रविशंकर श्रीवास्तव (raviratlami @yahoo. com) राजेश रंजन (rajeshkajha @yahoo. com) ,translator - credits
“% s” खेल आरंभ नहीं कर सका,Cannot start the game “% s”
हुकुम की बेगम,queen of spades
#-#-#-#-#gedit. gnome-2-2. hi. po (gedit VERSION) #-#-#-#-#इसी स्ट्रिंग को पुनः खोजें #-#-#-#-#libgnomeui. HEAD. hi. po (libgnomeui HEAD) #-#-#-#-#वही स्ट्रिंग को पुन खोजें,Basic Search & Replace
पता,Address:
स्वचालित,Autoplay
खोलने के लिए कोई लाग फाइल नहीं है,No file to print!
सफलतापूर्वक पूर्ण,Completed successfully
मिले-जुले,Mixed
जाँचने के लिए प्रोग्रामः,Program to test:
काला जोकर,Remove the black joker.
% s आधार परreserveslot hint,% s on foundation
एथेना,Athena
वतनी,Native
जोड़ा,Doublets
संपादित करें,_ Edit
एकल प्लग-इन दृश्य,_ Single plugins view
"यदि आप कभी जंगल में अकेले गुम हो जाएँ, तो किसी पेड़ के आगोश में जाएँ","If you 're ever lost and alone in the woods, hug a tree"
विकल्पों को सन्ग्रहित करे,Debugger operations
सभी मिटाएँ,Remove bookmark
% s झांकी परwasteslot hint,% s on tableau
~ a को एक हुकुम का नहला पर ले जाएँ,Move ~ a onto the nine of spades.
देखें (_ V) ,_ View
अभिभावक में% s सूची शिशु सूची सेमेल नहीं खाती,% s index in parent does not match child index
आप पहले एक खंड को चयन करें,You need to select a to do item before you can edit it
फ़ाइलनाम,Filename
चयनित पाठ्य को हटाएं,Delete the selected text from the editor
अंजूटा,Quit Anjuta Test Shell
एडाप्टिव हाशिया सक्रिय करें,Enable adaptive indentation
5number,5
पंक्ति संख्याएं दिखाएं,Show Line Numbers
पुनःआरंभ करें (_ R) ,_ Restart
मेकफाइल आधारित परियोजना,Makefile backend for project manager
परियोजना बन्द करें,Import project
पसंद जोड़ें... (_ A) ,_ Add Bookmark...
ईंट का दहला,the ten of diamonds
एक प्रोजेक्ट खोलें,_ Run to Cursor
बिल्ड (_ B) ,_ Build
नया दृश्य... ,_ New view...
काला जोकर,Remove the black joker.
~ a को एक हुकुम की बेगम पर ले जाएँ,Move ~ a onto the queen of spades.
मौजूदा बफर,Current
बदलें (_ R) ,_ Replace
गैप,Gaps
मोड्यूल,Lisp Module
चिड़ी का अट्ठा,Move ~ a onto the eight of clubs.
लाल पान का अट्ठा,the eight of hearts
विकल्प,Options
खोलें (_ O) ,_ Open
पंक्ति ~ a के सबसे बायें के स्लॉट में दो को रखें. ,Place a two in the leftmost slot of row ~ a.
अरबी,Arabic
"एक्सेर्साइसर सर्वाधिकार (c) 2006,2007 आईबीएम निगम (बीएसडी) ","accerciser Copyright (c) 2006, 2007 IBM Corporation (BSD)"
#-#-#-#-#gedit. gnome-2-2. hi. po (gedit VERSION) #-#-#-#-#बदलें/परिवर्तित करें #-#-#-#-#gtkhtml. HEAD. hi. po (GtkHTML 2. x) #-#-#-#-#बदलो #-#-#-#-#nautilus. HEAD. hi. po (nautilus 2. x) #-#-#-#-#बदलना,Release
लाल पान का गुलाम,jack of hearts
फेंटें मोड,Shuffle mode
नया प्रोजेक्ट बनाएं,_ End of Block
गोल्फ,Golf
ईंट का छक्का,six of diamonds
अगला कार्ड या कार्ड्स की डील करें,Deal next card or cards
नोर्डिक,Nordic
खोजें,Basic Search
टारबाल बिल्ड करें (_ T) ,Build _ Tarball
वर्तमान में क्रियान्वित हो रहे प्रोग्रामों को दिखाएंः,Attach to a running program
री-लोड,Reload
लाल पान का दहला हटाएँ. ,Remove the ten of hearts.
Anjuta,Anjuta
लीक विभेदनः,Leak resolution:
त्रुटि,ERROR
सारणी (_ T) ,_ Table
~ a को एक चिड़ी की तिक्की पर ले जाएँ,Move ~ a onto the three of clubs.
सभी मिलानों को बदलें,Replace all matches
~ a को एक ईंट का सत्ता पर ले जाएँ,Move ~ a onto the seven of diamonds.
घड़ी,Clock
सत्र के परिवर्तन स्वयं में संग्रहित करें,Commit your changes to the CVS tree
पोकर,Poker
चीनी (सरल) ,Chinese Simplified
स्वतः पूर्ण (_ A) ,_ AutoComplete
उपकरण-पट्टी दिखाएँ या नहीं,Whether or not to show the toolbar
ईंट का अट्ठा,the eight of diamonds
एकार्डियन,Accordion
#-#-#-#-#gedit. gnome-2-2. hi. po (gedit VERSION) #-#-#-#-#कापी #-#-#-#-#gnome-utils. gnome-2-2. hi. po (gnome-utils 2.0) #-#-#-#-#प्रतिलिपि #-#-#-#-#gtkhtml. HEAD. hi. po (GtkHTML 2. x) #-#-#-#-#प्रतिलिपि,Copy
#-#-#-#-#file-roller. gnome-2-2. hi. po (File Roller hindi) #-#-#-#-#आप्ने आप #-#-#-#-#gtkhtml. HEAD. hi. po (GtkHTML 2. x) #-#-#-#-#आटोमेटिक,Automake Build
ईंट का नहला,Move ~ a onto the nine of diamonds.
स्थान-विशिष्टः,Locale:
अंतिम प्रविष्ट घटना को हाइलाइट करो,Highlight last event entry
लेखक,Author Name:
बिल्ड (_ B) ,_ Build
न्यूनतम मान,Minimum value
... ,...
एक पंजा को आप ढूंढ रहे हैं. ,You are searching for a five.
ब्राउज़... ,Browse...
एस्लेरियॉट के बारे में,About AisleRiot
~ a को लाल पान का अट्ठा पर घुमाएँ. ,Move ~ a onto the eight of hearts.
कोई चाल बाकी नहीं,There are no more moves
त्रुटि,error:
हाल में खेले खेल के नाम,Recently played games
परियोजना नामः,Target _ name:
इसाबेल,Isabel
कार्य,Task
लाल पान की नहला के बगल में लाल पान के अट्ठा को रखें. ,Place the nine of hearts next to the eight of hearts.
टूटते तारे,Falling Stars
डालो,Inspect memory
त्रुटि पर जारी रखें,Continue on errors
फाइल% s नहीं मिली,Could not open file
चुनें कि कार्ड खींचना है या गंतव्य के बजाय श्रोत पर क्लिक करना है. ,Select whether to drag the cards or to click on the source then the destination.
भराई का रंगः,Fill color:
ताश को उलटे खिसका कर देखें,Try moving a card to the reserve
चिड़ी का दहला हटाएँ. ,Remove the ten of clubs.
नोर्डिक,Nordic
समय,Time
#-#-#-#-#balsa. HEAD. hi. po (Balsa 2. x) #-#-#-#-#दिनांक #-#-#-#-#gnome-utils. gnome-2-2. hi. po (gnome-utils 2.0) #-#-#-#-#तारीख,_ Date
फाइल को बदलने में असमर्थ,Failed to write data to file.
चुनें (_ S) ,_ Select
दरी,Carpet
भेजने के लिए कोई दस्तावेज नहीं,No Gtodo Client to save.
पुस्तक-चिह्न जोड़ें... ,Add Bookmark...
भूलभुलैया,Labyrinth
लॉग देखिए,View Log
ईंट की तिक्की,the three of diamonds
डाक,Mail
मिटाया,Deleted
~ a को हुकुम का दुक्का पर घुमाएँ. ,Move ~ a onto the two of spades.
ईंट का चव्वा,four of diamonds
प्लगइन्स,Plugins
इस खेल के लिये सहायता दिखायें,View help for this game
बचा भंडारः ~ a,Stock remaining: ~ a
क्वातोर्जे,Quatorze
ज़ूम,Zoom
अंजूटा,Anjuta Shell
ऐसे सहेजें... (_ A) ,Save _ As...
एक आईकन चुनें,Menu icon:
परियोजना में जोड़ें,Add to Project
~ a को एक खाली शीर्ष स्लॉट में ले जाएँ. ,Move ~ a onto an empty top slot.
ऑस्मोसिस,Osmosis
स्थान-विशिष्टः,Locale:
आटोमेक बिल्ड,Automake Build
चिड़ी की दुक्की,two of clubs
साराटोगा,Saratoga
आधार पत्ताः जोकर,Base Card: Jack
संदर्भ मदद (_ C) ,_ Context Help
न्यास,the foundation
पंक्तियां,Rows
शब्द को जोड़ें,AutoComplete the current word
अनुप्रयोग,Application
वर्तमान फ़ाइल एक भिन्न नाम से सहेजें,Save the current file with a different name
जीता,Wins
स्थान-विशिष्टः,Locale:
एकल लेआउट दृश्य,Single layout view
डेवलेपर ईमेल पताः,Developer email address:
बार बार पूछे जाने वाले प्रश्न (_ F) ,_ Frequently Asked Questions
प्रोग्राम चलाएं,Run Program
हेक्स #,Hex
अनुप्रयोग,Application
चिड़ी का अट्ठा,eight of clubs
चिड़ी का दहला,Remove the ten of clubs.
सभी,All
अंतिम प्रविष्ट घटना को हाइलाइट करो,Highlight last event entry
#-#-#-#-#gtk +. gtk-2-2. hi. po (gtk22 VERSION) #-#-#-#-#व = द्धि (ऊंचाई) #-#-#-#-#libgnomecanvas. HEAD. hi. po (PACKAGE VERSION) #-#-#-#-#बढ़ाए,Western
जीटीके + ,GTK +
एक पत्ता या पत्तों के समूह खाली खाँचा पर ले जाएँ,Move a card or build of cards on to the empty slot
डिफ़ॉल्ट गनोम प्रसंग,Default GNOME Theme
लिपि प्रकार,Script Type
स्टाकslot type,stock
हिस्से,Action
सूचना,INFO
हॉपस्कॉच,Hopscotch
व्यंजक पर सहायता,Single step over function
स्टाक में से पत्ता निकालें,Deal a card from stock
Gdb,Gdb
चाल वापस लें (_ U) ,_ Undo Move
कार्य,Tasks
बचा मालः,Stock left:
सुधारें,Modify
चुने गए स्तंभ,Selected columns
एकवर्ण,Monochrome
स्थिर घोषणाओं को छोड़ दें,Help operations
Jcard symbol,J
जानकारी,Information
तिक्की मिटाएँ,Remove the threes
Generic java (automake) ,Generic java (automake)
मोन्ते कार्लो,Monte Carlo
मोड्यूल,Python Module
पंजा मिटाएँ,Remove the fives
आर्गुमेंट्सः,Arguments:
प्रसंग फाइल नाम,Theme file name
% s भण्डार परtableauslot hint,% s on stock
स्पेसिंग,CVS popup operations
परिवर्तनीय,Variable
"0, 0","0, 0"
बेकार को भण्डार में ले जाएँ,Move waste to stock
1number,1
पूर्ण स्क्रीन (_ F) ,_ Full Screen
मध्य यूरोपीय,Central European
दहला मिटाएँ,Remove the tens
गंतव्यः,Source / Destination Paths:
आपरेशन चलाएँ,Run operations
चिड़ी का दहला हटाएँ. ,Remove the three of clubs.
बेसिक सूचना,Basic information
hotkey संयोजन,Hotkey combination
मूलभूत मेनू लेआउट फिर भंडारित करें,Restore the default menu layout
लाल पान का दुक्का,two of hearts
सिग्नल,Signal
पहुंचनीय,_ Accessible
रविशंकर श्रीवास्तव (raviratlami @yahoo. com) राजेश रंजन (rajeshkajha @yahoo. com) ल. बालसुब्रमण्यम (l. balasubramaniam @gmail. com) ,translator - credits
प्रोजेक्ट विन्यस्त करें,Configure Project
रेखांकित,Underlined
~ a को एक हुकुम का इक्का पर ले जाएँ,Move ~ a onto the ace of spades.
स्कीमाः,Sche _ ma:
शीर्ष,Header _ csharp
कंट्रोल,Ctrl
और ताश बांटें,Deal more cards
डेक में से नया पत्ता चलें,Deal a new card from the deck
अगला मिलान बदलें,Replace next match
हुकुम का बादशाह,Move ~ a onto the king of spades.
"एक्सेर्साइसर सर्वाधिकार (c) 2006,2007 आईबीएम निगम (बीएसडी) ","accerciser Copyright (c) 2006, 2007 IBM Corporation (BSD)"
हाल में खेले गए खेल के नाम. ,A list of recently played games.
जोड़ा गया,Added
आइकान में अवैध हैडर,Inline the declaration and implementation
श्रेणी,Category
इंडेन्टेशन,View Indentation Guides
वर्तमान पाठ्य में एक संदेश प्रविष्ट करें,Insert name of current user
लाल पान की तिक्की के बगल में लाल पान के दुक्का को रखें. ,Place the three of hearts next to the two of hearts.
ईंट का बादशाह,Remove the king of diamonds.
एक अंतर्क्रियात्मक पाइथन पहुंचनीयता अन्वेषक,An interactive Python accessibility explorer
परियोजना नामः,Branch name:
#-#-#-#-#gedit. gnome-2-2. hi. po (gedit VERSION) #-#-#-#-#चिपकाएं #-#-#-#-#gnome-utils. gnome-2-2. hi. po (gnome-utils 2.0) #-#-#-#-#चिपकाओ #-#-#-#-#gtkhtml. HEAD. hi. po (GtkHTML 2. x) #-#-#-#-#चिपकाओ,Case
% (rolename) s सूची% (num) d पंक्ति और स्तंभ से मेल नहीं खातेparent indexrow and column index,% (rolename) s index% (num) d does not match row and column
हुकुम का सत्ता,the seven of spades
पीथ्रेड्स,Thread
समय% Id% d,Time
एस्केलेटर,Escalator
उपकरण-पट्टी (_ T) ,_ Toolbar
हाइलाइटन,Highlighting
इस विंडो को बन्द करें,Close this window
पंक्ति,Row
अरबी,Arabic
वृश्चिक,Scorpion
(क्रियान्वित नहीं हुआ है) ,(not implemented)
हाइपरपाठ,H _ ypertext
अगला संदेश (_ N) ,_ Next Message
बेकार को भण्डार में वापस ले जाएँ,Move waste back to stock
% s मुफ़्त सॉफ़्टवेयर है; इसे आप मुफ़्त सॉफ़्टवेयर फाउण्डेशन द्वारा प्रकाशित ग्नू जनरल पब्लिक लाइसेंस के तहत वितरित कर सकते हैं या परिवर्धित कर सकते हैं; लाइसेंस के% d संस्करण या इसके (अपने विकल्प अनुसार) बाद के संस्करण के तहत. ,"% s is free software; you can redistribute it and / or modify it under the terms of the GNU General Public License as published by the Free Software Foundation; either version% d of the License, or (at your option) any later version."
सारणी (_ T) ,_ Table
मौजूदा मान,Current value
अंश व्यू,Next Help
डायरेक्ट्री,Directories
डायलाग 1,dialog4
प्रवाहित करनेयोग्य विषयवस्तु,St _ reamable Content
सेल्टिक,Celtic
कोड समाप्ति सक्रिय करें,Enable code completion
हुकुम का दहला,ten of spades
नीचे का एक खाली खाँचा,an empty bottom slot
स्थिति,Position:
प्रोजेक्ट फिर जेनरेट करें,Regenerate project
छापा जा रहा है... ,Git: Pushing...
रीढ़,Backbone
वितरण सूची,Build project tarball distribution
अंगूठा और पॉकेट,Thumb And Pouch
खाली अस्थायी खाँचा पर पत्ता ले जाएँ,Move a card to an empty temporary slot
आल्ट,Alt
चिपचिपा,Stack
कोई विवरण नहीं,No description
सीधा ऊपर,Straight Up
फ़ाइलः% s,File:% s
खाली बची अतिरिक्त जगह पर कुछ ले जाएँslot type,Move something on to an empty reserve
मौजूदा पंक्ति को उभारें,Highlight current line
क्या पंक्ति संख्याएं दिखाना है,Whether to display line numbers
लाल पान का दहला हटाएँ. ,Remove the two of hearts.
आगे,Forward
सबवर्सन,Session
छैतिज पैमाना,Editor edit operations
लोकप्रिय ताश का खेल फ्रीसेल खेलें,Play the popular FreeCell card game
पूर्ण स्क्रीन (_ F) ,_ Full Screen
"% s में% s स्थिति है, पर उसके साथ% s स्थिति नहीं है",% s has% s state without% s state
अगला संदेश (_ N) ,_ Copy Message
नया प्रोजेक्ट बनाएं,Save glade project
हुकुम की पंजा के बगल में हुकुम के चव्वा को रखें. ,Place the five of spades next to the four of spades.
ध्वनि,Sound
फाइलनाम बदलें,Glade File
दक्षिण यूरोपीय,South European
स्थिति,Condition
खाली,_ Clean (% s)
न्यूनतम वृद्धि,Minimum increment
घटनाओं हेतु ध्वनि बजाएँ या नहीं. ,Whether or not to play event sounds
शतरंज,Chessboard
एक जैसे पत्ते,Same suit
स्तर,Level
को,To
#-#-#-#-#anjuta2. HEAD. hi. po (anjuta2 VERSION) #-#-#-#-#फाइल #-#-#-#-#gedit. gnome-2-2. hi. po (gedit VERSION) #-#-#-#-#फाइल #-#-#-#-#libbonoboui. HEAD. hi. po (libbonoboui 2. x) #-#-#-#-#फाइल (_ F) #-#-#-#-#libgnomeui. HEAD. hi. po (libgnomeui HEAD) #-#-#-#-#फाइल #-#-#-#-#nautilus. HEAD. hi. po (nautilus 2. x) #-#-#-#-#फाइल,while
आधार पत्ताः जोकर,Base Card: Jack
बहुल स्कोरिंग,Multiplier Scoring
शीर्षकः,Header:
दाखिल हो रहा हैः% s,Executing:% s
घटना मानिटर,Event Monitor
साइरिलिक/रूसी,Cyrillic / Russian
"नाम (x, y) ","name (x, y)"
ग्लेनवुड,Glenwood
सोलिटेयर; पत्ते; क्लोंडाइक; मकड़ी; FreeCell; धैर्य; ,solitaire; cards; klondike; spider; freecell; patience;
चिड़ी का बादशाह हटाएँ. ,Remove the nine of clubs.
स्तंभ,Column
चिड़ी की चिड़ी के बगल में चिड़ी के दहला को रखें. ,Place the jack of clubs next to the ten of clubs.
चोर,Thieves
प्लगिन अंतरफलक लागू करें,Implement plugin interfaces
आधार पर एक पत्ता ले जाएँ,Move a card to the Foundation
Wx विजेट,Wx Widgets
सबको हटाओ,Remove all
फ़ाइल,Files
ग्लेड योजना,Glade project '% s' saved
पांच,five
लागू नहीं,N / A
8number,8
जोड़ा गया,Added
"% s is distributed in the hope that it will be useful, but WITHOUT ANY WARRANTY; without even the implied warranty of MERCHANTABILITY or FITNESS FOR A PARTICULAR PURPOSE. See the GNU General Public License for more details. ","% s is distributed in the hope that it will be useful, but WITHOUT ANY WARRANTY; without even the implied warranty of MERCHANTABILITY or FITNESS FOR A PARTICULAR PURPOSE. See the GNU General Public License for more details."
अंतराफलक के विभिन्न गुणों को देखने देता है,Allows viewing of various interface properties
% s मुफ़्त सॉफ़्टवेयर है; इसे आप मुफ़्त सॉफ़्टवेयर फाउण्डेशन द्वारा प्रकाशित ग्नू जनरल पब्लिक लाइसेंस के तहत वितरित कर सकते हैं या परिवर्धित कर सकते हैं; लाइसेंस के% d संस्करण या इसके (अपने विकल्प अनुसार) बाद के संस्करण के तहत. ,"% s is free software; you can redistribute it and / or modify it under the terms of the GNU General Public License as published by the Free Software Foundation; either version% d of the License, or (at your option) any later version."
समूह गुण,Group doesn 't exist
/ बुकमार्क संशोधन,_ Last Bookmark
स्थिति-पट्टी दिखाएँ या नहीं,Whether or not to show the status bar
हुकुम का बादशाह,the king of spades
ऊपर,Top
फाइल% d लोड हो रही है,Loading...
अंगूठा और पॉकेट,Thumb And Pouch
अनुप्रयोग की पहुंचनीयता का सत्यापन करता है,Validates application accessibility
न्यूनतम वृद्धि,Minimum increment
चिड़ी का अट्ठा,eight of clubs
ईंट का गुलाम,the jack of diamonds
लाल पान का दुक्का,the two of hearts
चिड़ी का बादशाह हटाएँ. ,Remove the king of clubs.
हुकुम का बादशाह हटाएँ. ,Remove the jack of spades.
पथ,Path
जेनेरिक C + + प्रोजेक्ट,A generic GTKmm (C + +) project
....... नाम से संग्रहित करें,_ Save Theme As
स्थिति,State
चिड़ी की अट्ठा के बगल में चिड़ी के सत्ता को रखें. ,Place the eight of clubs next to the seven of clubs.
ईंट का छक्का,the six of diamonds
टेम्पलेट,Template
गैप,Gaps
पंजा मिटाएँ,Remove the fives
लाल पान का इक्का,Move ~ a onto the ace of hearts.
बेकर्स खेल,Bakers Game
अद्यतन,Update
लाल पान की दहला के बगल में लाल पान के नहला को रखें. ,Place the ten of hearts next to the nine of hearts.
हटाएं (_ m) ,Re _ move
स्तर,Level
अपडेट (अद्यतन) ,Update add
शॉर्टकट,Shortcut
त्रुटि पर जारी रखें,Continue on errors
नक़ल... ,Copy...
विविध रंग,Alternating colors
शीर्ष पैनल pluginview के लिए लेआउट. ,The layout for the top panel pluginview.
ताश को फिर से जमाने की कोशिश करें,Try rearranging the cards
फाइल% s संग्रहित करें,Save glade file...
हुकुम का छक्का,the six of spades
चिड़ी की सत्ता के बगल में चिड़ी के छक्का को रखें. ,Place the seven of clubs next to the six of clubs.
नहीं,No
प्रोजेक्ट विन्यस्त करें,Configure project
काल ग्राफ,Call Graph
भूलभुलैया,Labyrinth
बिल्ड निर्देशिका चुनें,Select a build directory
हुकुम का चव्वा,four of spades
(क्रियान्वित नहीं हुआ है) ,(not implemented)
पिछला ढूंढें (_ P) ,Find _ Previous
हॉपस्कॉच,Hopscotch
स्तर,Layer
कोरियाई,Korean
~ a को एक खाली धार फील्ड में ले जाएँ,Move ~ a onto an empty edge slot.
क्लॉन्डिके,Klondike
सिग्नल,Signals
(कोई विवरण नहीं) ,(no description)
ईंट का दहला हटाएँ. ,Remove the ten of diamonds.
लाल पान का दहला हटाएँ. ,Remove the ten of hearts.
पूरा प्रोजेक्ट संस्थापित करें,Unable to update project
चिड़ी की दुक्की,the two of clubs
मादा मकड़ी,Spiderette
डिफ,Diff
अंजूटा प्रोजेक्ट मैनेजर फैक्ट्री,Project manager popup actions
लाल पान का गुलाम,jack of hearts
पाठ्य,Text:
स्टाकslot type,stock
हाइलाइट बक्से का सीमांत रंग,The border color of the highlight box
पहुंचनीय आसंधि नोड को चुनते समय हाइलाइट बक्से की अवधि. ,The duration of the highlight box when selecting accessible nodes.
स्मार्ट हाशिया सक्रिय करें,Enable smart indentation
ईस्टहैवन,Easthaven
एस्लेरियॉट,AisleRiot
नक़ल... ,Copy...
निरीक्षण हटाओ,Remove Watch
#-#-#-#-#gnome-applets. gnome-2-2. hi. po (gnome-applets 2. x) #-#-#-#-#आइकन #-#-#-#-#gnome-utils. gnome-2-2. hi. po (gnome-utils 2.0) #-#-#-#-#पोर्ट (_ P): ,Font
समयः,Time:
ईंट का बादशाह हटाएँ. ,Remove the nine of diamonds.
छैतिज पैमाना,Glade operations
Valgrind,Valgrind
अंजूटा प्रोजेक्ट मैनेजर,Autogenerate project files
गुणधर्म,Property
छक्का मिटाएँ,Remove the sixes
आधार पर एक पत्ता ले जाएँ. ,Play a card to foundation.
भराई का रंगः,Fill color:
ईंट का चव्वा,four of diamonds
बेकर्स खेल,Bakers Game
अंजूटा प्रोजेक्ट मैनेजर,Anjuta Projects
शॉर्टकट,Shortcut
वेब,Web
छह मूलाधार,Six Foundations
आपरेशन चलाएँ,Advanced options
फोटो,Photos
लाल पान का सत्ता,seven of hearts
लेबल,label
सभी को ताजा करें,Refresh all
वर्गों का संपादन,Edit Categories
~ a को एक खाली खाँचा में ले जाएँ,Move ~ a onto an empty slot.
पिछला ढूंढें (_ P) ,Find _ Previous
एक्सेरसाइसर आपके डेस्कटोप में मौजूद अनुप्रयोग नहीं देख पाया। इस समस्या के समाधान के लिए आपको डेस्कटोप पहुंचनीयता को सक्रिय करना होगा। क्या आप इसे सक्रिय करना चाहते हैं? ,Accerciser could not see the applications on your desktop. You must enable desktop accessibility to fix this problem. Do you want to enable it now?
संशोधनः,Good revision:
हाइलाइट मोड (_ H) ,_ Highlight Mode
आवरण,Cover
किंग ऑडियंस,Kings Audience
श्वानपुच्छ शैली की लिपियां निर्मित करता है,Creates dogtail style scripts
सारणी (_ T) ,_ Table
डिफोल्टों को शामिल करें,Include defaults
हुकुम का दुक्का,two of spades
मोन्ते कार्लो,Monte Carlo
गोआ,Go
सी + + सोर्स कोड,C / C + + source files
एक अंतर्क्रियात्मक पाइथन पहुंचनीयता अन्वेषक,An interactive Python accessibility explorer
% (rolename) s सूची% (num) d पंक्ति और स्तंभ से मेल नहीं खातेparent indexrow and column index,% (rolename) s index% (num) d does not match row and column
लाल पान की तिक्की,three of hearts
नहीं पढ़ा,No read
सामान्य,General
संशोधनः,Revision:
हुकुम की बेगम के बगल में हुकुम के गुलाम को रखें. ,Place the queen of spades next to the jack of spades.
छक्का मिटाएँ,Remove the sixes
हुकुम का दहला हटाएँ. ,Remove the ten of spades.
कुत्ते के कान में कभी सीटी नहीं बजाएँ,Never blow in a dog 's ear
अज्ञात,Unknown error.
में जाएँ,Goto
संपादित करेंmenu,_ Edit
बिल्ड (_ B) ,_ Build
जेब्राcard symbol,Zebra
~ a को चिड़ी का अट्ठा पर ले जाएँ,Move ~ a onto the eight of clubs.
नया बीएसडी लाइसेन्स विवरण के लिए देखिए प्रतिलिपीकरण और सूचना फाइलें,The New BSD License See the COPYING and NOTICE files for details.
उपकरण पर लिखने में असमर्थ% s,Failed to activate plugin:% s
विकल्प,Options
आईपाइथन कन्सोल,IPython Console
चुने गए अनुप्रयोग,Selected application
कोई फिल्टर का नाम निर्धारित नहीं है,No file or Project opened.
टैग,Add _ Target...
एटी-एसपीआई सत्यापक,AT - SPI Validator
मौजूद प्लगिन,Available plugins
स्थान-विशिष्ट,Locale
एनीमेशन,_ Animations
जीटीके + ,GTK +
सभी फ़ाइलें,All files
एक% s को आप ढूंढ रहे हैं. ,You are searching for a four.
ताश बांटना बाकीः,Redeals left:
मेनू (_ M): ,_ Menus:
नया खेल (_ N) ,_ New Game
फ्लैट प्रोफ़ाइल,Flat Profile
"<size>, <assoc>, <line _ size> दाखिल करेंः","Enter < size >, < assoc >, < line _ size >:"
Berkeley Software Distribution License (BSD) ,Berkeley Software Distribution License (BSD)
एक बेगम को आप ढूंढ रहे हैं. ,You are searching for a queen.
Purge items after% d days,Purge items after
कई कमांड एक साथ चलाएँः,Run several commands at a time:
दृश्य _ (V) ,_ View
ईंट का पंजा,five of diamonds
ईंट का दुक्का,the two of diamonds
विकल्प,Options:
रेडहेड,Redheads
हुकुम का गुलाम,the jack of spades
संदेश,Log Message:
लकीर,License:
~ a को एक खाली तस्वीर खाँचा पर ले जाएँ. ,Move ~ a onto the tableau.
पहुंचनीय आसंधि नोड को चुनते समय हाइलाइट बक्से की अवधि. ,The duration of the highlight box when selecting accessible nodes.
जनरल का पेशेंस,General 's Patience
लाल पान का दुक्का,two of hearts
चिड़ी का बादशाह हटाएँ. ,Remove the jack of clubs.
आधार पर खाली खाँचाreserveslot hint,% s on foundation
कोरियाई,Korean
#-#-#-#-#gedit. gnome-2-2. hi. po (gedit VERSION) #-#-#-#-#फोन्ट नाम #-#-#-#-#gtk +. gtk-2-2. hi. po (gtk22 VERSION) #-#-#-#-#फोन्ड नाम #-#-#-#-#libgnomeui. HEAD. hi. po (libgnomeui HEAD) #-#-#-#-#फोन्ट नाम,enter name
ताश को फिर से जमाने की कोशिश करें,Try rearranging the cards
~ a को एक ईंट का इक्का पर ले जाएँ,Move ~ a onto the ace of diamonds.
एक नया सत्र जोड़ें,Add expression
सीवीएस,CVS
मिटाएँ,_ Delete tag…
~ a को एक ईंट का नहला पर ले जाएँ. ,Move ~ a onto the nine of diamonds.
छवि (_ I) ,_ Image
ईटैलिक,Italic
यूआरआई,URI
डील (_ D) ,_ Deal
जनरल का पेशेंस,General 's Patience
बिल्ड,Build
योजना अपवाद उत्पन्न हुआ,A scheme exception occurred
स्वयं से,itself
चिड़ी की अट्ठा के बगल में चिड़ी के सत्ता को रखें. ,Place the eight of clubs next to the seven of clubs.
जेनेरिक Xlib प्रोजेक्ट,A generic Xlib project
घटनाओं हेतु ध्वनि बजाएँ या नहीं. ,Whether or not to play event sounds.
चिड़ी का पंजा,the five of clubs
स्थानीय,Local
श्रेणी,Category
मैनेजर प्लगिन डिबग करें,Debug Manager plugin.
शीर्ष,Header _ perl
3number,3
दृश्य _ (V) ,_ View
बेकर्स खेल,Bakers Game
श्रेणी,Repository:
जब व्यवसायी न हो तो हाट और शासक भी वह काम करते हैं,"When without a stapler, a staple and a ruler will work"
हुकुम का सत्ता,seven of spades
प्लगइन प्रबंधक,Plugin Manager
फ़ाइल,FILE
ब्लाक दस,Block Ten
मेक्रो,_ Add Macro...
हटाएं (_ m) ,Re _ move
जनरल का पेशेंस,General 's Patience
प्रारंभ,Starter
चिड़ी का नहला,the nine of clubs
आधार पर एक पत्ता ले जाएँ,Move a card to the Foundation
अत्यावश्यक,Urgent
एक नया खेल प्रारंभ करें,Start a new game
घटना रेकोर्डिंग शुरू करो/रोको,Start / stop event recording
निजी गुणों को छिपाएं,Hide private attributes
"रीसेट करें (_ R) _ Restart ""is the menu item 'Game-> Restart', implies"" Restart Game",_ Reset
% s खिसकाएँ% s पर. ,Move% s onto% s.
ओफसेट,Offset
एस्लेरियॉट,AisleRiot
चलाने लायक टेक्स्ट फाइल,Language - specific commands:
बाध्य करें,Force
स्थान खोलें,Menu location:
इंटरफेसः,Interface:
मान,_ Value:
टेम्पलेट,Template
तेज चुनाव,Quick Select
एकल प्लग-इन दृश्य,_ Single plugins view
कोई दृश्य नहीं है,No view
बचा मालः ~ a,Stock left: ~ a
जेनेरिक GTK + प्रोजेक्ट,A generic GTK + project
चिड़ी की बेगम,queen of clubs
फ़ाइल (_ F) ,_ File
बाल गणना,Child count
फ्रीसेल सॉलिटेयर,Freecell Solitaire
लाल पान का दहला हटाएँ. ,Remove the seven of hearts.
एक गुलाम को आप ढूंढ रहे हैं. ,You are searching for a jack.
पूरा स्क्रीन मोड टॉगल करें,Toggle fullscreen mode
एक दुक्की को आप ढूंढ रहे हैं. ,You are searching for a two.
पैकेज,Package
स्रोतः,Add Source
अनुपस्थित,Missing
~ a को एक लाल पान का अट्ठा पर ले जाएँ,Move ~ a onto the eight of hearts.
पंजी ताजा करें (_ R) ,_ Refresh Registry
लोड किया जा रहा है... ,Loading...
मूलभूत प्रोजेक्ट निर्देशिकाः,Default project directory:
गैर संस्करण,Unversioned
में जाएँ,Goto
योजना अपवाद उत्पन्न हुआ,A scheme exception occurred
#-#-#-#-#balsa. HEAD. hi. po (Balsa 2. x) #-#-#-#-#हटाओ #-#-#-#-#gnome-desktop. HEAD. hi. po (gnome-desktop VERSION) #-#-#-#-#हटाएं #-#-#-#-#gnome-session. HEAD. hi. po (gnome-session VERSION) #-#-#-#-#हटाएं #-#-#-#-#gnome-utils. gnome-2-2. hi. po (gnome-utils 2.0) #-#-#-#-#हटाओ #-#-#-#-#nautilus. HEAD. hi. po (nautilus 2. x) #-#-#-#-#हटाएँ,_ Remove...
श्रेणी,Indentation parameters
बाल्टिक,Baltic
लाल पान का नहला,the nine of hearts
कंट्रोल,Ctrl
लाल पान की बेगम,queen of hearts
सीधा ऊपर,Straight Up
हुकुम का दुक्का,the two of spades
टिप्स (संकेतों) को दिखाएं (_ i) ,_ Show Clipboard
~ a को हुकुम का पंजा पर घुमाएँ. ,Move ~ a onto the five of spades.
एक दुक्की को आप ढूंढ रहे हैं. ,You are searching for a two.
मूलभूत जीयूआई अनुप्रयोग पहुंचनीयता का परीक्षण करता है,Tests fundamental GUI application accessibility
लेआउट,_ Lock Dock Layout
सभी मिलानों को बदलें,Replace all matches
जानकारी,Information
प्रोफाइल,Profile
हुकुम की अट्ठा के बगल में हुकुम के सत्ता को रखें. ,Place the eight of spades next to the seven of spades.
8number,8
खाली बची अतिरिक्त जगह पर कुछ ले जाएँ,Move something on to an empty reserve
संशोधनः,Start Revision:
Generic java (automake) ,Generic java (automake)
आकार,Size
मूलभूत मेनू लेआउट फिर भंडारित करें,Restore the default menu layout
मौजूदा पंक्ति को उभारें,Highlight current line
इस विंडो को बन्द करें,Close this window
आधार पर खाली स्लॉट,an empty slot on the foundation
वरीय प्लगिन,Preferred plugins
के बारे में (_ A) ,About
आधार पर एक पत्ता ले जाएँ,Play a card to foundation.
प्लगइन प्रबंधक,Plugin Manager
विशेषताएँ,_ Properties
खोलें '% s' ,Open '% s'
वुड,Wood
ग्लेड अतंरफलक डिजायनर,Glade GUI Designer
रासता,Library Paths
लाल पान का नहला,nine of hearts
सभी बंद करें,Close All Files
जानकारी,File Information
कार्य डायरेक्टरी,Delete empty directories
मौजूदा चयन,Current selection
औजार,Tool
#-#-#-#-#gedit. gnome-2-2. hi. po (gedit VERSION) #-#-#-#-#बदलें/परिवर्तित करें #-#-#-#-#gtkhtml. HEAD. hi. po (GtkHTML 2. x) #-#-#-#-#बदलो #-#-#-#-#nautilus. HEAD. hi. po (nautilus 2. x) #-#-#-#-#बदलना,_ Replace
अंत,End
कृपया खाली ढेर को पहले भरें. ,Please fill in empty pile first.
चीनी (सरल) ,Chinese Simplified
Aisleriot पता नहीं कर सका कि आपने कौन सा खेल अंतिम बार प्राप्त किया. ,Aisleriot cannot find the last game you played.
चार आधार,Four Foundations
सीमांत (बोर्डर) के रंग को हाइलाइट करें,Highlight border color
अंजूटा,Anjuta test shell
~ a को एक हुकुम का चव्वा पर ले जाएँ,Move ~ a onto the four of spades.
भराई के रंग को हाइलाइट करें,Highlight fill color
एमडीआई-जेड-क्रम,MDI - Z - order
गनोम सॉलिटेयर,GNOME Solitaire
"सिर्फ इसलिए कि हापस्काच बोर्ड पारपथ जैसे दिखता है, इसका मतलब यह नहीं कि वह यही है",Just because a crosswalk looks like a hopscotch board doesn 't mean it is one
हटाएँ,Remove
7number,7
नीचे के पैनल के लिए लेआउट,The layout for the bottom panel
रेखांकित,Underline - TT
हुकुम की अट्ठा के बगल में हुकुम के सत्ता को रखें. ,Place the eight of spades next to the seven of spades.
डाउनलोड,Downloads
ईंट का दहला,ten of diamonds
अज्ञात पत्ता,face - down card
नेपोलियन मकबरा,Napoleons Tomb
बीयर रिवर,Bear River
ईंट का चव्वा,the four of diamonds
सभी वर्तमान काल के संदेश भेजने वालों को उत्तर दें,Display function arguments of the current frame
~ a को पट्ट से बाहर ले जाएँ,Move ~ a onto the red joker.
लाइसेंसः,License:
चाल ट्रैक करें,No moves.
छोड़ें (_ S) ,_ Skip
% s संबंध के लिए अन्योन्य गायब है,Missing reciprocal for% s relation
पंक्ति संख्या,Go to Line number:
~ a को पट्ट से बाहर ले जाएँ,Move ~ a off the board
उपकरण-पट्टी (_ T) ,_ Toolbar
भराई के रंग को हाइलाइट करें,Highlight fill color
आप एक जैक के लिए खोज रहे हैं. ,You are searching for a jack.
पूरी लाइन फेंटें,Deal a row
डायरेक्टरी का निर्माण करें,Choose Directories:
~ a को एक ईंट का नहला पर ले जाएँ. ,Move ~ a onto the nine of diamonds.
इन को,To
डिबग (खराबी दूर करें) ,Debugger command
प्लग-इन जिसमें हैं एक्सेसेबेलों को तेजी से चुनने के लिए कई विधियां,Plugin with various methods of selecting accessibles quickly.
GtkSourceView Editor,GtkSourceView Editor
(कोई विवरण नहीं) ,(no description)
के बारे में (_ A) ,_ About
"यह प्रायः होता है जब आप एसलिरियोट के पुराने संस्करण को चलाते हैं जिसने खेल नहीं खेला है जो आप अंतिम में खेले हैं. मूलभूत खेल, Klondike, बदले में आरंभ हो रहा है. ","This usually occurs when you run an older version of Aisleriot which does not have the game you last played. The default game, Klondike, is being started instead."
सत्र प्रबंधन विकल्पः,Session management options:
सभी फ़ाइलें,Apply mailbox files
आसंधि (नोड) को ताजा करें (_ N) ,Refresh _ Node
ईंट का बादशाह हटाएँ. ,Remove the king of diamonds.
बहुत अधिक चयनीय शिशु हैं,Too many selectable children
पंक्तियाँ,Lines
गनोम,GNOME
अनुप्रयोगः,Application:
फ्रीसेल सॉलिटेयर,FreeCell Solitaire
खाली खाँचा पर कुछ रखें,Place something on empty slot
% (rolename) s अभिभावक सूची% (num1) d पंक्ति और स्तंभ सूची% (num2) d से मेल नहीं खाते,% (rolename) s parent index% (num1) d does not match row and column index% (num2) d
रोमानियन,Romanian
अधिकतम मान,Maximum value
चुने गए अनुप्रयोग,Selected application
खेल फ़ाइल उपयोग में,The game file to use
घटनाओं को मानिटर करें (_ M) ,_ Monitor Events
हुकुम का दहला हटाएँ. ,Remove the four of spades.
पुस्तक चिह्नों को संपादित करें... ,Edit Bookmarks...
देखें (_ V) ,_ View
नमूना क्रिया,Sample action
स्तंभ,Column
मुख्य खेलः,Main game:
~ a को एक लाल पान का गुलाम पर ले जाएँ,Move ~ a onto the jack of hearts.
बनाएँ,Create a tag
#-#-#-#-#gedit. gnome-2-2. hi. po (gedit VERSION) #-#-#-#-#वरीयता #-#-#-#-#gnome-applets. gnome-2-2. hi. po (gnome-applets 2. x) #-#-#-#-#वरीयता #-#-#-#-#gnome-media. HEAD. hi. po (gnome-media 2.0) #-#-#-#-#वरियताएँ #-#-#-#-#nautilus. HEAD. hi. po (nautilus 2. x) #-#-#-#-#प्राथमिकताएँ,Subversion thread started...
इंडेन्टेशन,Maintain past Indentation
यह एक डायरेक्टरी है,Patches files and directories.
एक खाली बचा खाँचा,an empty left slot
जानकारी,Info Documentation
लाल पान की तिक्की,the three of hearts
ईंट का सत्ता,seven of diamonds
ईंट का सत्ता,the seven of diamonds
चिड़ी का चौवा,the four of clubs
"इस समय जिसे प्राप्त किया गया हो, उसकी विभिन्न विधियों (मेथड) में विचरण करें",Browse the various methods of the current accessible
अनुप्रयोग की पहुंचनीयता का सत्यापन करता है,Validates application accessibility
अंकः,Score:
बायीँ डीलः ~ a,Deals left: ~ a
लोकप्रिय ताश का खेल फ्रीसेल खेलें,Play the popular FreeCell card game
एक बादशाह को आप ढूंढ रहे हैं. ,You are searching for a king.
~ a को एक हुकुम का इक्का पर ले जाएँ,Move ~ a onto the ace of spades.
प्रोजेक्ट से सोर्स हटाएं,Remove from project
Scratchbox,Scratchbox target:
कोई चाल बाकी नहीं,There are no more moves
बाल गणना,Child count
स्पाइडर तीन डेक,Spider Three Decks
तयशुदा विंडो चौड़ाई,Default window width
ईंट का गुलाम,jack of diamonds
उर्ध्वाधर पैमाना,Terminal options
सॉलिटेयर,Solitaire
~ a को एक ईंट का दहला पर ले जाएँ,Move ~ a onto the ten of diamonds.
सबको कमिट करें,Complie file
फाइल को खोलने में असमर्थ,"Unable to open input file% s, Command aborted"
वस्तु,Item
"<size>, <assoc>, <line _ size> दाखिल करेंः","Enter < size >, < assoc >, < line _ size >:"
~ a को एक खाली तस्वीर खाँचा पर ले जाएँ. ,Move ~ a onto an empty tableau slot.
लाल पान का पंजा,the five of hearts
स्रोत,Source
मिटाएँ,Delete tags
पास,Pass
कठोर,Cruel
परियोजना नामः,Project Type:% s
वस्तु का संपादन करें,Edit Item
बेकार के ऊपर के दो कार्ड का प्रयोग करें,Match the top two cards of the waste.
डिफ़ॉल्ट गनोम प्रसंग,Default GNOME Theme
वर्णन,Description
पथः,First Path:
Wx विजेट,Wx Widgets
पिछला ढूंढें (_ P) ,Find _ Previous
प्रारंभ किया जा रहा है% s,Starting% s
सभी,All
लाल पान का बादशाह हटाएँ. ,Remove the eight of hearts.
एक हाथ और बांटें,Deal another hand
आंट मेरी,Aunt Mary
make (\\ [\\d + \\])?: \\s + Entering\\s + directory\\s + '(. +)' ,make (\\ [\\d +\\])?: \\s + Entering\\s + directory\\s + '(. +)'
रोमानियाई,Romanian
निचले पटल के लिए डिफोल्ट प्लग-इन खाका,The layout for the bottom panel pluginview.
पीछे,Backward
क्लॉन्डिके,Klondike
विंडो चौड़ाई,Window width
पसंद जोड़ें... (_ A) ,_ Add Bookmark...
पता,Address
पथः,Path:
#-#-#-#-#gnome-media. HEAD. hi. po (gnome-media 2.0) #-#-#-#-#स्वर #-#-#-#-#nautilus. HEAD. hi. po (nautilus 2. x) #-#-#-#-#मौखिक,Local
पथः,Path:
नींव के लिए एक कार्ड चलायें. ,Play a card to foundation.
बुकमार्क जोड़ें (A) ,_ Toggle bookmark
चेतावनी,WARN
आपरेशन चलाएँ,Run operations
घटनाओं हेतु ध्वनि बजाएँ या नहीं. ,Whether or not to play event sounds
आधार पत्ताः,Base Card:
चेतावनी,warning:
स्तंभ,Columns
रेग्युलर एक्सप्रेशन,Regular Expression
मिटाएं... (_ R) ,_ Remove...
स्थान (_ L): ,_ Location:
कार्ड चालों में एनीमेशन उपयोग करें या नहीं,Whether or not to animate card moves
पुनः लोड करें (_ R) ,_ Reload
कोई डील फिर नहीं,No redeals
एकल लेआउट दृश्य,Single layout view
खेल पुनः शुरू करें,_ Restart Program
प्रोजेक्ट बिल्ड करें (_ B) ,_ Build Project
प्रवेश सहायक,Lo _ gin Helper
लाग सहेजें (_ a) ,S _ ave Log
हुकुम का गुलाम,jack of spades
मुख्य खेलः,Main game:
3number,3
अगली चाल हेतु संकेत प्राप्त करें,Get a hint for your next move
हिस्से,Function
चिड़ी की तिक्की,the three of clubs
पाइलेअन,Pileon
"% s जिस पर कार्रवाई हो सकती है, वह न तो फोकस करने योग्य है न ही चयनीय",actionable% s is not focusable or selectable
इंडेन्टेशन,Indent
Generic python (automake) ,Generic python (automake)
चुनी गई आसंधियों (नोड) के शिशुओं को ताजा करें,Refresh selected node 's children
हुकुम का दहला हटाएँ. ,Remove the queen of spades.
डाउनलोड,Downloads
कार्रवाई (_ o) ,Acti _ on
हुकुम का सत्ता,the seven of spades
लकीर,License
सोना खदान,Gold Mine
फुलस्क्रीन (_ F) ,_ Fullscreen
% s गायब नाम या सूचक,% s missing name or label
6number,6
फाइल को बदलने में असमर्थ,Failed to create / open file.
एक फाइल प्रविष्ट करें,Ignore files
उन प्लग-इनों की सूची जिन्हें डिफोल्ट रूप से निष्क्रिय किया गया है,A list of plugins that are disabled by default
लाल पान का दुक्का,Move ~ a onto the two of hearts.
लोड,Loaded:
#-#-#-#-#file-roller. gnome-2-2. hi. po (File Roller hindi) #-#-#-#-#नामः #-#-#-#-#gnome-desktop. HEAD. hi. po (gnome-desktop VERSION) #-#-#-#-#नाम: ,_ Name:
~ a को एक ईंट का अट्ठा पर ले जाएँ,Move ~ a onto the eight of diamonds.
खेल बदलें,Change Game
दाखिल हो रहा हैः% s,Entering:% s
चालीस चोर,Forty Thieves
आरक्षितslot type,reserve
परियोजना नामः,Project Loaded
% s मुफ़्त सॉफ़्टवेयर है; इसे आप मुफ़्त सॉफ़्टवेयर फाउण्डेशन द्वारा प्रकाशित ग्नू जनरल पब्लिक लाइसेंस के तहत वितरित कर सकते हैं या परिवर्धित कर सकते हैं; लाइसेंस के% d संस्करण या इसके (अपने विकल्प अनुसार) बाद के संस्करण के तहत. ,"% s is free software; you can redistribute it and / or modify it under the terms of the GNU General Public License as published by the Free Software Foundation; either version% d of the License, or (at your option) any later version."
निचले पटल के लिए डिफोल्ट प्लग-इन खाका,The layout for the bottom panel
हाल में खेले खेल के नाम,Recently played games
प्रवेश सहायक,Lo _ gin Helper
मदद फ़ाइल “% s.% s” नहीं मिली,Help file “% s.% s” not found
उपकरण-पट्टी दिखाएँ या नहीं,Whether or not to show the toolbar
टर्मिनल में चलाएँ,Run in terminal
विडजेट,WIDGET
जावा सोर्स कोड,Perl source files
हुकुम की नहला के बगल में हुकुम के अट्ठा को रखें. ,Place the nine of spades next to the eight of spades.
नया दृश्य... (_ N) ,_ New view...
अद्यतन करें (_ U) ,_ Update…
ईंट का बादशाह हटाएँ. ,Remove the nine of diamonds.
उभारें,Highlight
प्रस्तुत स्थिति के आखिरी अंशों को दिखाएँ,Toggle breakpoint at the current location
उभारें,Highlight
फाइल (F) ,_ File
~ a को चिड़ी का पंजा पर घुमाएँ. ,Move ~ a onto the five of clubs.
क्या विंडो पूर्ण स्क्रीन है,Whether the window is fullscreen
प्रक्रिया में जोड़ें,Attach to process
देखें (_ V) ,_ View
ध्वनि (_ S) ,_ Sound
समय,Time
जाल स्थल,Web site
पसंदीदा,Favorite
बुकमार्क जोड़ें (A) ,_ Toggle Bookmark
सूचना,INFO
खराब ब्लाक का जांच करें,Error whilst signaling the process.
~ a को चिड़ी का छक्का पर ले जाएँ,Move ~ a onto the six of clubs.
सिकुडि फ़ाइल को बडा करे,<: Enter Here
ज़ूम,Zoom
पता,Address
कार्रवाई (_ o) ,Acti _ on
4number,4
“% s” के लिए मदद नहीं दिखा सका,Could not show help for “% s”
कोई दृश्य नहीं है,No view
~ a को एक ईंट का बादशाह पर ले जाएँ,Move ~ a onto the king of diamonds.
संघीय चौराहा,Union Square
साइरिलिक,Cyrillic
पीआईडी,Pid
ईंट का सत्ता के बगल में ईंट का छक्का को रखें. ,Place the seven of diamonds next to the six of diamonds.
डेस्कटॉप,Desktop
पुस्तक-चिह्न जोड़ें... ,Add Bookmark...
हुकुम की तिक्की,three of spades
~ a को ~ a के बगल में रखें. ,Place the ~ a next to ~ a.
सेल्टिक,Celtic
फाइल (F) ,_ File
गलियां और चौबारा,Streets And Alleys
प्रकारः,Mode:
औजारपट्टी (_ T) ,_ Toolbar
एक्सेर्साइसर पसंद,accerciser Preferences
बाल्सा को कान्फिगर करो,Configure Parameters:
छैतिज पैमाना,Breaking Long Lines
~ a को एक खाली स्लॉट में ले जाएँ. ,Move ~ a onto an empty slot.
विसम्मेलन,Disassembly
5number,5
चयनित फाइल चलाने योग्य नहीं है,Executable '% s' is not up - to - date.
हुकुम का बादशाह हटाएँ. ,Remove the king of spades.
अंतर्क्रियात्मक% s कार्रवाई करने योग्य नहीं है,interactive% s is not actionable
रुक गया,Stopped
~ a को एक आधार पर ले जाएँ. ,Move ~ a onto the foundation.
कचरे में भेजें,Detaching the process...
पाठ्य,Text
एक खाली फाउण्डेशन जगह,an empty foundation place
खण्डन बिन्दु,Add Breakpoint…
आकार,Size
स्मार्ट हाशिया सक्रिय करें,Enable smart indentation
प्रोजेक्ट खोलें,Loading project. Please wait...
प्रगतिशील राउंड,Progressive Rounds
टैग,Add _ Target
"0, 0","0, 0"
जीएनयू डाक संदेश,Close all message tabs
आधार पर खाली खाँचाreserveslot hint,% s on foundation
~ a को एक क्लब का इक्का पर ले जाएँ,Move ~ a onto the ace of clubs.
जूम,Zoom
अरबी,Arabic
C + + समर्थन जोड़ेंः,Add C + + support:
लाल पान का दहला हटाएँ. ,Remove the five of hearts.
प्रतीक,Find Symbol
#-#-#-#-#gnome-utils. gnome-2-2. hi. po (gnome-utils 2.0) #-#-#-#-#फोर्मेट (_ F) #-#-#-#-#nautilus. HEAD. hi. po (nautilus 2. x) #-#-#-#-#फारमेट,Auto _ Format
चिड़ी का दहला हटाएँ. ,Remove the seven of clubs.
अवधि को हाइलाइट रकें,Highlight duration
एक पत्ते बांट,Single card deals
वर्तमान फ़ाइल एक भिन्न नाम से सहेजें,Save the current file with a different name
पत्तों के ढेर को आसपास ले जाने की कोशिश करें,Try moving card piles around
चुनें कि कार्ड खींचना है या गंतव्य के बजाय श्रोत पर क्लिक करना है. ,Select whether to drag the cards or to click on the source then the destination.
आइकान को लोड करने में त्रुटि% s,Error when loading external tools
ध्वनि,Sound
% u फाइल्स,Build module
संपादक,Editor
बेकार को भण्डार में वापस ले जाएँ,Move waste back to stock
रिडील पर बेतरतीब रूप से रखा गैप्स,Randomly Placed Gaps on Redeal
फिर बांटने के लिये किसी कार्ड को दो बार क्लिक करें,Double click any card to redeal.
मूल,Basic
घटना रेकोर्डिंग शुरू करो/रोको,Start / stop event recording
क्लॉन्डिके,Klondike
पथः,Path:
चिड़ी का पंजा,five of clubs
ईंट का दहला हटाएँ. ,Remove the four of diamonds.
नहला मिटाएँ,Remove the nines
नीचे के पैनल के लिए लेआउट,The layout for the bottom panel
मेमोरी,Memory
हुकुम का बादशाह हटाएँ. ,Remove the six of spades.
मेकफाइल आधारित परियोजना,Makefile backend for project manager
संदेश आगे बढ़ाना,Normal message indicator style:
चिड़ी का अट्ठा,the eight of clubs
लाल पान का नहला,the nine of hearts
तेरह,Thirteen
हुकुम का गुलाम,jack of spades
मूलभूत जीयूआई अनुप्रयोग पहुंचनीयता का परीक्षण करता है,Tests fundamental GUI application accessibility
लाल पान की दुक्का के बगल में लाल पान के इक्का को रखें. ,Place the two of hearts next to the ace of hearts.
वर्ग जनक,Class Generator
बिल्ड निर्देशिका चुनें,Currently edited file directory
कार्य डायरेक्टरी,CVS: Diff file / directory
हुकुम का नहला,the nine of spades
हाइलाइट अवधिः,Highlight duration:
लाल पान का नहला,nine of hearts
बरबादीfoundationslot hint,waste
सहेजें (_ S) ,_ Save
नीचे पैनल pluginview के लिए लेआउट. ,The layout for the bottom panel pluginview.
~ a को चिड़ी का छक्का पर ले जाएँ,Move ~ a onto the six of clubs.
एक खाली खाँचा,an empty slot
डाउनलोड,Downloads
पुष्टि कर रहे हैं,Validating
फाइल कापी करें,_ Close File
Xlib dock,Xlib dock
ईंट का छक्का के बगल में ईंट का पंजा को रखें. ,Place the six of diamonds next to the five of diamonds.
व्यवसाय,Business
रीयल्मः,Realm:
उपकरण-पट्टी दिखाएँ या नहीं,Whether or not to show the toolbar
~ a को एक खाली तस्वीर खाँचा में ले जाएँ,Move ~ a onto an empty tableau slot.
फंक्शन,Function
पूरा प्रोजेक्ट साफ करें,Clean whole project
छोड़ें (_ S) ,_ Skip
परिवर्तनीय,_ Variable…
न्यूनतम मान,Minimum value
एक दहला को आप ढूंढ रहे हैं. ,You are searching for a ten.
प्रोफाइलिंग,Profiling
अपडेट (अद्यतन) ,Update external
पोकर हाथ तैयार करने हेतु ताश के पत्तों को जमाएँ,Place cards on to the Tableau to form poker hands
ईंट का सत्ता के बगल में ईंट का छक्का को रखें. ,Place the seven of diamonds next to the six of diamonds.
आवरण,Cover
हुकुम का चव्वा,four of spades
इनपुट गेन,Input string:
to pop up a dialog,Replace selection
(संशोधनीय) Start,(Editable)
घटना रेकोर्डिंग शुरू करो/रोको,Start / stop event recording
यह फाइल मौजूद नहीं है। क्या आप इस फाइल का निर्माण करना चाहते हैं? ,There is an item with unsaved changes. Save changes before closing?
चेतावनी,Warning
वस्तु,Item
रीयल्मः,Realm:
संगतता ही कुंजी है,Consistency is key
एक सूट,One Suit
टिप्पणीः परिवर्तन सत्रांत (लोगआउट) के बाद ही प्रभाव में आएंगे। ,Note: Changes only take effect after logout.
#-#-#-#-#gtk +. gtk-2-2. hi. po (gtk22 VERSION) #-#-#-#-#अण्डरलाइन (रेखांकन) #-#-#-#-#libgnomecanvas. HEAD. hi. po (PACKAGE VERSION) #-#-#-#-#अन्डरलाइन,Underline - TT
बढ़ने के लिये क्लिक करें (_ C) ,_ Click to Move
"फोकस योग्य% s में सारणी अंतराफलक है, लेकिन कोई चयनीय अंतराफलक नहीं हैbutton has focused state without focusable state","focusable% s has a table interface, but not a selection interface"
फ्रेम,Frame info
सहायता,- - help
कोई विवरण नहीं,No description
हाइलाइट बक्से का भराई रंग,The fill color of the highlight box
चुनी गई पंक्तियां,Selected rows
पंक्ति संख्या प्रदर्शित करें,Display accessible memory
ईंट का गुलाम,jack of diamonds
बचा भंडारः ~ a,Stock remaining: ~ a
दाएं बाजू के खाली स्थान पर कुछ ले जाएँ,Move something onto an empty right - hand tableau slot
डायरेक्टरी नहीं है,Project directory:
एक फाइल प्रविष्ट करें,Insert a while template
ईंट का पंजा,five of diamonds
महत्वपूर्ण,Important
तुम एक रानी के लिए खोज रहे हैं. ,You are searching for a queen.
श्रोत दिखाएं,View Source
अंजुता के लिए टर्मिनल प्लगिन,Terminal Plugin for Anjuta.
हुकुम का दुक्का,two of spades
अज्ञात पत्ता,face - down card
ट्रेज,Treize
पाँच मूलाधार,Five Foundations
हाइपरपाठ,H _ ypertext
भूमिका,Role
ईंट का दुक्का,two of diamonds
समय,Date _ Time
6number,6
लोड किया जा रहा है... ,Loading...
~ a को एक हुकुम का नहला पर ले जाएँ,Move ~ a onto the nine of spades.
मेमोरीजांच,Memcheck
हटाएं (_ R) ,_ Remove
"इस समय जिसे प्राप्त किया गया हो, उसकी विभिन्न विधियों (मेथड) में विचरण करें",Browse the various methods of the current accessible
"स्ट्रिंग की सूची जो पांच गुने रूप में आता हैः name, wins, total games played, best time (सेकेंड में) और worst time (सेकेंड में ही). नहीं खेला गया खेल दिखाया नहीं जा सकता. ","A list of strings that come in the form of a quintuple: name, wins, total games played, best time (in seconds) and worst time (also in seconds). Unplayed games do not need to be represented."
पंक्ति ~ a के सबसे बायें के स्लॉट में दो को रखें. ,Place a two in the leftmost slot of row ~ a.
वर्तमान फ़ाइल एक भिन्न नाम से सहेजें,Save the current file
चेतावनीः,No Warnings
शीर्षकः,Caption:
एक से अधिक विडजेट फोकस में है,more than one focused widget
चुनी गई पंक्तियां,Selected rows
चाल फिर चलें (_ R) Reset,_ Redo Move
ई-मेल पताः,Email address:
ईंट का चव्वा,the four of diamonds
बिन्यासः,Confirm the following information:
ध्वनि,Sound
पियर से प्रमाण पत्र लेने में असमर्थ,"Unable to create a buffer, command aborted"
वर्तमान फ़ाइल एक भिन्न नाम से सहेजें,Skip the current conflicted commit and continue
शिफ्ट,Shift
जोड़ा,Doublets
6number,6
घटनाओं को मानिटर करें (_ M) ,_ Monitor Events
प्लगिन के द्वारा लागू अंतरफलक,Interface implemented by the plugin
वृश्चिक,Scorpion
विघटित लायब्रेरी,Shared Object
फाइल चुनें,Choose file
3number,3
काटें (_ u) ,C _ ut
लोड किया,Loaded
कड़ी हटा दो,execvp failed
ईंट का बादशाह हटाएँ. ,Remove the king of diamonds.
% s आधार परreserveslot hint,% s on foundation
विजेट नहीं मिलाः% s,Widget not found:% s
क्रिया,Action
डिबगर,Debugger
मदद (_ H) ,_ Help
मोनोस्पेस,Monochrome
"बधाई, आप जीत गए! ","Congratulations, you have won!"
रिफ्रेश,Refresh
खोज का तरीका,Select Other Target...
प्रोजेक्ट खोलें,_ Clean Project
अतिरिक्त बाकीः,Reserve left:
_ Valgrind,_ Valgrind
डिफोल्टों को शामिल करें,Include defaults
अंतराफलक के विभिन्न गुणों को देखने देता है,Allows viewing of various interface properties
पिछली चाल पूर्ववत करें,Undo the last move
कोई विवरण नहीं,(no description)
हिब्रू,Hebrew
चिड़ी की छक्का के बगल में चिड़ी के पंजा को रखें. ,Place the six of clubs next to the five of clubs.
प्रसंग फ़ाइल का नाम जिसमें खेला जाने वाला सॉलिटेयर खेल है. ,The name of the scheme file containing the solitaire game to play.
इंटरफेस,Interface
पैच प्लगिन,Patch Plugin
मेकफाइल आधारित परियोजना,Makefile backend
मुख्य खेलः,Main game:
एस्केलेटर,Escalator
मेक्रोज़,Macros
सारांशः,Summary:
आधार पत्ताः इक्का,Base Card: Ace
तीन पत्ते बांटें,Three card deals
जूम,+ + Zoom
प्रोजेक्ट विन्यस्त करें (_ o)... ,C _ onfigure Project...
“% s” खेल आरंभ नहीं कर सका,Cannot start the game “% s”
~ a को एक ईंट का दहला पर ले जाएँ,Move ~ a onto the ten of diamonds.
सबको कमिट करें,Commit postfix
एनीमेशन (_ A) ,_ Animations
छापें,Printing...
विल औ द विस्प,Will O The Wisp
क्वातोर्जे,Quatorze
थाई,Thai
अंतिम बार फोकस किए गए एक्सेसेबल को जांचें,Inspect last focused accessible
छक्का मिटाएँ,Remove the sixes
लड़ी,Thread
ठहरें (_ P) ,_ Pause
हुकुम का दहला हटाएँ. ,Remove the ten of spades.
लाल पान का नहला,nine of hearts
कार्यकारी डायरेक्टरी,make: Entering directory '% s'
एक रंग चुनें,Pick a color
पिता विडगेट,Pressing tab indents
किंग ऑडियंस,Kings Audience
जनरल का पेशेंस,General 's Patience
बाज पंख,Eagle Wing
यह फ़ाइल (छोटि) को बान्द करे,Toggle current code fold in the editor
डेस्कटॉप,Desktop
हुकुम का इक्का,ace of spades
कंट्रोल,Ctrl
पहुंचनीय आसंधि नोड को चुनते समय हाइलाइट बक्से की अवधि. ,The duration of the highlight box when selecting accessible nodes.
चिड़ी की नहला के बगल में चिड़ी के अट्ठा को रखें. ,Place the nine of clubs next to the eight of clubs.
लाल पान की गुलाम के बगल में लाल पान के दहला को रखें. ,Place the jack of hearts next to the ten of hearts.
बदलें कि कौन से अनुप्रयोगों को मुख्य मेन्यू में दिखाया गया है,Add or remove applications from the main menu
एक पत्ता बांटें,Deal a card
ईंट की तिक्की,the three of diamonds
मदद,Help
विधि,Method
संदेश प्रबंधक,Message Manager
जूम,- - Zoom
हुकुम का दहला हटाएँ. ,Remove the five of spades.
हुकुम की गुलाम के बगल में हुकुम के दहला को रखें. ,Place the jack of spades next to the ten of spades.
खाली तस्वीर खाँचा पर पत्तों को ले जाएँ,Move a build of cards on to the empty Tableau slot
विंडो ऊंचाई,Window height
हाइलाइट बक्से का भराई रंग,The fill color of the highlight box
ब्लॉड और बर्नेट,Blondes and Brunettes
रॉयल ईस्ट,Royal East
संदेश सहेजें,Save message
अज्ञात पत्ता,the unknown card
परियोजना बन्द करें,Malformed project
निरपेक्ष स्थिति,Absolute position
मदद (_ H) ,_ Help
काल चेनः,Call chain:
परियोजना विकल्प,Misc options
हुकुम की पंजा के बगल में हुकुम के चव्वा को रखें. ,Place the six of spades next to the five of spades.
बरबादीfoundationslot hint,waste
डिजीटल1,Diagonal
जनरल का पेशेंस,General 's Patience
अंजूटा दस्तावेज मैनेजर,Anjuta user 's manual
वर्तमान लिपि (स्क्रिप्ट) खो जाएगी। ,The current script will be lost.
"माउस के अधीन जो एक्सेसेबल है, उसे जांचें",Inspect accessible under mouse
आईडी,ID
नया खेल (_ N) ,_ New Game
जेनेरिक (Minimal) ,Generic (Minimal)
ओडेसा,Odessa
Aisleriot पता नहीं कर सका कि आपने कौन सा खेल अंतिम बार प्राप्त किया. ,Aisleriot cannot find the last game you played.
चिड़ी की दुक्की,two of clubs
अंतराफलक दर्शक,Interface Viewer
#-#-#-#-#balsa. HEAD. hi. po (Balsa 2. x) #-#-#-#-#जारी रखें #-#-#-#-#gnome-session. HEAD. hi. po (gnome-session VERSION) #-#-#-#-#आगे करें,Run / Continue
लाल पान का चव्वा,the four of hearts
कुछ,something
चौदह,Fourteen
स्वतःपूर्ण,Auto - complete
पत्तों हेतु ग्राफ़िक्स सहित फ़ाइल का नाम. ,The name of the file with the graphics for the cards.
~ a को एक खाली आधार में ले जाएँ. ,Move ~ a onto an empty foundation slot.
पूरा प्रोजेक्ट बिल्ड करें,Build whole project
हाइलाइटन,Highlighting
पीछे की तरफ,Backward
स्वचालित,Automatic
ताश बांटना बाकीः ~ a,Redeals left: ~ a
पंक्तियां,Rows
ग्लेड फाइल,Glade File
ईंट का बादशाह हटाएँ. ,Remove the eight of diamonds.
ताशों को फेंट कर देखें,Try dealing a row of cards
पुष्टिकरण,Configuration:
एक खाली आधार,an empty foundation
एक फाइल प्रविष्ट करें,C _ template
आंट मेरी,Aunt Mary
खाली तस्वीर खाँचा पर,on to the empty tableau slot
क्लॉन्डिके,Klondike
आसंधि (नोड) को ताजा करें (_ N) ,Refresh _ Node
पैरामीटर्सः,Parameters:
चिड़ी का सत्ता,seven of clubs
चिड़ी का बादशाह,king of clubs
GTKmm,GTKmm
हुकुम का इक्का,ace of spades
चुने गए एक्सेसेबलों को पुस्तक-चिह्नित करें,Bookmark selected accessible.
वितरण सूची,Build Distribution
पृष्ठभूमि का रंगः,Background color:
चयन करें (_ S) ,Selection:
स्रोत,Source
डैरक्टरी चुनो,Select project type
एक्सेरसाइसर आपके डेस्कटोप में मौजूद अनुप्रयोग नहीं देख पाया। इस समस्या के समाधान के लिए आपको डेस्कटोप पहुंचनीयता को सक्रिय करना होगा। क्या आप इसे सक्रिय करना चाहते हैं? ,Accerciser could not see the applications on your desktop. You must enable desktop accessibility to fix this problem. Do you want to enable it now?
Jcard symbol,J
स्तंभ,Column
सिग्नल,Signals
प्रतियां,Co _ mpile (% s)
नया दृश्य... (_ N) ,_ New view...
Xlib,Xlib
प्लग-इन दृश्य (% d) ,Plugin View (% d)
से,From
चिड़ी का पंजा,five of clubs
जेनेरिक C + + प्रोजेक्ट,A generic C + + project
नया,New
नया कार्ड डील करें,Deal a new card
आल्ट,Alt
ईंट का दुक्का,two of diamonds
परियोजना विकल्प,Project doesn 't exist
दिखाएं,_ View
जोकर मिटाएँ,Remove the jacks
C/C + +/Java/Vala,C / C + + / Java / Vala
No such file or directory,The program is attached. Do you still want to stop the debugger?
लाल पान की बेगम के बगल में लाल पान के वादशाह को रखें. ,Place the king of hearts next to the queen of hearts.
चिड़ी का सत्ता,the seven of clubs
हीरा खदान,Diamond Mine
% u फाइल्स,Build files
खाली दस्तावेज,Documents
फ़ाइलों को जोडे,CVS: Add file / directory
तेरह,Thirteen
Qcard symbol,Q
हुकुम का बादशाह,the king of spades
समयः,Time:
ईंट का गुलाम,the jack of diamonds
% (rolename) s सूची% (num) d पंक्ति और स्तंभ से मेल नहीं खातेparent indexrow and column index,% (rolename) s index% (num) d does not match row and column
केनफील्ड,Canfield
ईंट का बादशाह,the king of diamonds
अनुपस्थित,Missing
एक जैसे पत्ते,Same suit
रेंडर के लिए पिक्सबफ,The pixbuf to render.
C + + और जावा सपोर्ट प्लगिन,C + + and Java support Plugin
अंतिम प्रविष्ट घटना को हाइलाइट करो,Highlight last event entry
अंजूटा,Anjuta Status
सीवीएस,CVS
(संशोधनीय) ,(Editable)
सहेजें (_ S) ,_ Save
ईंट का सत्ता,seven of diamonds
रूपांतरित करें (_ T) ,_ Transform
लोड,Load
मैं सुनिश्चित नहीं हूं,I 'm not sure
बीयर रिवर,Bear River
कोई दृश्य नहीं है,No view
दिखाएं,Show
दाखिल हो रहा हैः% s,Entering:% s
लेखकः,Author:
अनुप्रयोग से बाहर जाएं,Execute program
कोई संकेत उपलब्ध नहीं है,No hint available
डायरेक्टरी का निर्माण करें,Source Directories
फाइल चयन करें,Select header file
वैश्विक,Global
स्क्रैचबाक्स विकल्प,Scratchbox Options
लाल पान की बेगम के बगल में लाल पान के वादशाह को रखें. ,Place the king of hearts next to the queen of hearts.
मैं सुनिश्चित नहीं हूं,I 'm not sure
मूलभूत जीयूआई अनुप्रयोग पहुंचनीयता का परीक्षण करता है,Tests fundamental GUI application accessibility
चिड़ी का दहला,the ten of clubs
बाल गणना,Child count
पंजी ताजा करें (_ R) ,_ Refresh Registry
स्थिति-पट्टी दिखाएँ या नहीं,Whether or not to show the status bar
विषय सूची (_ C) ,_ Contents
सभी,All
श्रेणी,Summary:
चेतावनीः,No Warnings
#-#-#-#-#gedit. gnome-2-2. hi. po (gedit VERSION) #-#-#-#-#बर्तमान फाइल को बंद करें #-#-#-#-#libgnomeui. HEAD. hi. po (libgnomeui HEAD) #-#-#-#-#वर्तमान फाइल को बंद करें,Close current file
एकल प्लग-इन दृश्य,_ Single plugins view
पंक्ति संख्याएं दिखाएं,_ Line Number…
"जब तक अत्यधिक आपात् स्थिति न हो, रक्त-बन्ध की सिफारिश नहीं की जाती",Tourniquets are not recommended unless in the direst emergency
~ a को एक आधार पर ले जाएँ. ,Move ~ a onto the foundation.
प्रोजेक्ट विन्यस्त करें,Configure project
चिड़ी की दुक्की,the two of clubs
हॉपस्कॉच,Hopscotch
हुकुम की तिक्की,the three of spades
के बारे में (_ A) ,_ About
ईंट का बादशाह हटाएँ. ,Remove the six of diamonds.
फ़ॉन्टः,Font:
पूर्वावलोकन,Preview
स्थान-विशिष्टः,Locale:
हुकुम का दहला हटाएँ. ,Remove the three of spades.
फाइल जिसमें सहेजे गए कॉन्फ़िगरेशन है निर्धारित करें,Specify file containing saved configuration
डिफ,Diff…
चिड़ी का बादशाह,king of clubs
समायोजन,Creating% s...% s
प्रोग्राम चलाएँ,Kill program
संगतता ही कुंजी है,Consistency is key
अनुप्रयोग,Application
"% d% d ""in this string this to""% Id% d% d%%%%% ""(U + 0025 PERCENT SIGN) you do NOT need to escape it with another""% ",% d
अंतः 0,End: 0
बचा भंडारः ~ a,Stock remaining: ~ a
~ a को हुकुम की तिक्की पर घुमाएँ. ,Move ~ a onto the three of spades.
कुछ,something
संवेदनशील,Sensitive
चलाने के लिए प्रोग्राम चुनेंः,Select Program to run:
इंडेन्टेशन,Basic Indentation
ईंट का दहला हटाएँ. ,Remove the four of diamonds.
अतिरिक्त बाकीः,Reserve left:
% s का कोई नाम या विवरण नहीं,% s has no name or description
स्थिर घोषणाओं को छोड़ दें,Goto De _ claration
"माउस के अधीन जो एक्सेसेबल है, उसे जांचें",Inspect accessible under mouse
चिड़ी का छक्का,six of clubs
~ a को एक ईंट की बेगम पर ले जाएँ,Move ~ a onto the queen of diamonds.
फ़ाइलनाम,Filename
अधिकतम मान,Maximum value
समय% Id% d,Time
अनडू,_ Undo
~ a को चिड़ी का दहला पर घुमाएँ. ,Move ~ a onto the ten of clubs.
make (\\ [\\d + \\])?: \\s + Leaving\\s + directory\\s + '(. +)' ,make (\\ [\\d +\\])?: \\s + Leaving\\s + directory\\s + '(. +)'
सुरक्षित खाँचा पर बेकार को ले जाएँ,Move waste on to a reserve slot
स्थान-विशिष्टः,Locale:
वार्निंग संदेश,Warning message indicator style:
अंतराफलक दर्शक,Interface Viewer
मान,Val _ ue
SSL उपलब्ध नहीं है,Project configure. in
ईंट का नहला,the nine of diamonds
स्थान-विशिष्ट,Locale
राजा अलबर्ट,King Albert
~ a को फाउन्डेशन में ले जाएँ,Move ~ a onto the foundation.
मिटाएँ,Delete Tags
बेकार को भण्डार में वापस ले जाएँ,Move waste back to stock
"क्या आप निश्चित ही ""% s"" को ट्रेश से स्थायी तौर पर डिलीट करना चाहते हैं",Are you sure you want to remove the following from project?
#-#-#-#-#balsa. HEAD. hi. po (Balsa 2. x) #-#-#-#-#बचाएं #-#-#-#-#gedit. gnome-2-2. hi. po (gedit VERSION) #-#-#-#-#संग्रहित करें #-#-#-#-#gtk +. gtk-2-2. hi. po (gtk22 VERSION) #-#-#-#-#संग्रहित करें #-#-#-#-#libgnomeui. HEAD. hi. po (libgnomeui HEAD) #-#-#-#-#संग्रहित करें,_ Save
चुनें (_ S) ,_ Select
प्रोजेक्ट संस्थापित करें (_ I) ,_ Install Project
सक्रिय,Active
नया फ़ाइल,New File
प्रोजेक्ट विन्यस्त करें,C _ onfigure Project…
टिप्पणीः,Comment:
कोई चाल बाकी नहीं,There are no more moves
श्रेणी,Debugger:
लाल पान का इक्का,the ace of hearts
चिड़ी की दुक्की के बगल में चिड़ी के इक्का को रखें. ,Place the two of clubs next to the ace of clubs.
"0, 0","0, 0"
ईंट का बादशाह,king of diamonds
चिड़ी का दहला हटाएँ. ,Remove the four of clubs.
मान,Value
ईंट की तिक्की,the three of diamonds
लाल पान की बेगम के बगल में लाल पान के वादशाह को रखें. ,Place the king of hearts next to the queen of hearts.
नीचे पैनल pluginview के लिए लेआउट. ,The layout for the bottom panel pluginview.
डेक में से नया पत्ता चलें,Deal a new card from the deck
जेनेरिक,Generic rule
कुंजी,Key
अंतराफलक के विभिन्न गुणों को देखने देता है,Allows viewing of various interface properties
Swap. h/. c,Swap. h /. c
#-#-#-#-#gnome-utils. gnome-2-2. hi. po (gnome-utils 2.0) #-#-#-#-#फोर्मेट (_ F) #-#-#-#-#nautilus. HEAD. hi. po (nautilus 2. x) #-#-#-#-#फारमेट,Format
निजी गुणों को छिपाएं,Hide private attributes
सीवीएस,CVS
राजा अलबर्ट,King Albert
ढूंढें,Search
बुकमार्क्स,_ Clear All Bookmarks
सत्र,New association
सिस्टमः,System:
इस प्रोग्राम के साथ आपको ग्नू-जनरल पब्लिक लाइसेंस की प्रतिलिपि मिलनी चाहिए. यदि नहीं तो देखें. slot type,"You should have received a copy of the GNU General Public License along with this program. If not, see."
ग्नोम खेल वेबसाइट,GNOME Games web site
~ a को एक हुकुम का दहला पर ले जाएँ,Move ~ a onto the ten of spades.
इस प्रोग्राम के साथ आपको ग्नू-जनरल पब्लिक लाइसेंस की प्रतिलिपि मिलनी चाहिए. यदि नहीं तो देखें. slot type,"You should have received a copy of the GNU General Public License along with this program. If not, see."
ईंट का छक्का,the six of diamonds
प्लग-इन जिसमें हैं एक्सेसेबेलों को तेजी से चुनने के लिए कई विधियां,Plugin with various methods of selecting accessibles quickly.
पसंद जोड़ें... (_ A) ,_ Add Bookmark...
वर्तमान दस्तावेज का सूछ्म विवरण दीजिए,Remove current view of the document
सभी संग्रहित करें,Save A _ ll
औजार बक्सा,Toolkit
बचा मालः ~ a,Stock left: ~ a
हुकुम की बेगम,the queen of spades
डेक में से नया पत्ता चलें,Deal new cards from the deck
जानकारी के पन्ने,Browse API Pages
प्रसंग फ़ाइल का नाम जिसमें खेला जाने वाला सॉलिटेयर खेल है. ,The name of the scheme file containing the solitaire game to play.
दृष्टिगोचर,Visible
किला,Fortress
अंतिम बार फोकस किए गए एक्सेसेबल को जांचें,Inspect last focused accessible
पाठ (_ x) ,Te _ xt
ओडेसा एक बढ़िया खेल है. सच में. ,Odessa is a better game. Really.
रविशंकर श्रीवास्तव (raviratlami @yahoo. com) राजेश रंजन (rajeshkajha @yahoo. com) ,translator - credits
एक नहला को आप ढूंढ रहे हैं. ,You are searching for a nine.
~ a को एक सुरक्षित खाँचा पर ले जाएँ. ,Move ~ a onto the reserve.
चयनित पाठ को क्लिपबोर्ड पर कॉपी करें,Copy the selected text to the clipboard
एक बादशाह को आप ढूंढ रहे हैं. ,You are searching for a king.
चिड़ी का पंजा,the five of clubs
डिबगर,Debugger
एक खाली तस्वीर खाँचा,an empty tableau slot
जोड़ें (_ A) ,_ Add
हुकुम का छक्का,the six of spades
सभी,Everything
जानकारी,General Project Information
प्रोजेक्ट विन्यस्त करें (_ o)... ,C _ onfigure Project...
चुनाव को हटाएं (C _) ,C _ lear Selection
घटना रेकोर्डिंग शुरू करो/रोको,Start / stop event recording
सारे मेनू मूल जमावट में वापस करें? ,Revert all menus to original settings?
होस्ट नाम वैध नहीं है,Base Class Inheritance:
सामान्य प्रोजेक्ट सूचना,General Project Information
संक्षिप्त विवरण,Project description:
स्कोप,Scope
अंतिम पूर्ववत् किए क्रिया को दोहराएँ,Redo the last undone action
हुकुम की बेगम,the queen of spades
स्तर छोडें (_ l) ,File Manager
तस्वीर में खाली जगह,empty space on tableau
चिड़ी की बेगम,the queen of clubs
विकल्पों को सन्ग्रहित करे,Debug Manager plugin.
पिछली चाल पूर्ववत करें,Redo the undone move
चुनाव को हटाएं (C _) ,C _ lear Selection
#-#-#-#-#gtk +. gtk-2-2. hi. po (gtk22 VERSION) #-#-#-#-#अण्डरलाइन (रेखांकन) #-#-#-#-#libgnomecanvas. HEAD. hi. po (PACKAGE VERSION) #-#-#-#-#अन्डरलाइन,Underlined
फाइल (F) ,_ File
लाल पान का इक्का,the ace of hearts
अंतराफलक के विभिन्न गुणों को देखने देता है,Allows viewing of various interface properties
n/a,n / a
लाल पान की बेगम,queen of hearts
मुख्य वर्गः,Main Class:
पुन लोड करें,Reload
सब से बुराः,Worst:
जेनेरिक GNOME प्रोजेक्ट,A GNOME applet project
वर्गः,Category:
डालो,Inspect
अंतराफलक दर्शक,Interface Viewer
अद्यतन करें (_ U) ,_ Update
नाम बदलें (_ R) ,Rename
बाहर (_ Q) ,_ Quit
बचा मालः 0,Stock left: 0
#-#-#-#-#file-roller. gnome-2-2. hi. po (File Roller hindi) #-#-#-#-#काम (_ A) #-#-#-#-#gnome-applets. gnome-2-2. hi. po (gnome-applets 2. x) #-#-#-#-##-#-#-#-#gnome-utils. gnome-2-2. hi. po (gnome-utils 2.0) #-#-#-#-#कार्य,Function contains
चिड़ी का चौवा,four of clubs
परियोजना में जोड़ें,Add to Project
प्रगति बार की दिशा तथा व = द्धि,Display information on the execution status of the program
लाल पान का चव्वा,four of hearts
सामान्य,_ General
वर्णन,Description
ध्वनि,Step out
जीता,Wins
फ़ाइल प्रबंधक,File Manager
छोटि की फ़ाइल मे जोडे (_ t): ,Add Watch
ईंट का चव्वा,the four of diamonds
पास,Pass
बादशाह मिटाएँ,Remove the kings
ईंट की तिक्की,the three of diamonds
फ़ाइल खोलें,Open file
इंटरफेस,Interface
सामान्य प्रोजेक्ट सूचना,General Project Information
पंक्तियां,Rows
Xlib dock,Xlib dock
फाइल को खोलने में असमर्थ,Unable to complete file copy
ईंट का बादशाह,the king of diamonds
लाल पान की अट्ठा के बगल में लाल पान के सत्ता को रखें. ,Place the eight of hearts next to the seven of hearts.
नहला मिटाएँ,Remove the nines
अंजूटा symbol ब्राउजर फैक्ट्री,Build symbol browser automatically
वर्णनः,Description:
लाल पान का दुक्का,the two of hearts
ताश को फिर से जमाने की कोशिश करें,Try rearranging the cards
एक फाइल खोलें,Open with:
खाली,Clear
संग्रह,Col _ lection
स्तर छोडें (_ l) ,File Loader
अनुप्रयोग,Ap _ plication
उपकरण-पट्टी छुपाएँ या दिखाएँ,Show or hide statusbar
काला जोकर,the black joker
दाएं बाजू के खाली स्थान पर कुछ ले जाएँ,Move something onto an empty right - hand tableau slot
पंक्ति मार्कर्स दिखाएं,Show Line Markers
इस खेल के लिये सहायता दिखायें,View help for this game
गुण (_ P) ,_ Properties
एक वीवर (V) ,Run _ Autogenerate...
निचले पटल के लिए डिफोल्ट प्लग-इन खाका,The default plugin layout for the bottom panel
डेवलेपर को इस बग को रिपोर्ट करें. ,Please report this bug to the developers.
नियंत्रण (_ C) ,_ Control
आपरेशन चलाएँ,Advanced options
यहां तक रखें,Keep up to
खाली अस्थायी खाँचा पर पत्ता ले जाएँ,Move ~ a onto an empty corner slot.
नया,New
विकल्प,Options
अगला ढूंढें (_ N) ,Find _ Next
सभी को ताजा करें,Refresh all
लाल पान की दुक्का के बगल में लाल पान के इक्का को रखें. ,Place the two of hearts next to the ace of hearts.
प्रथम आधार ढेर हेतु अतिरिक्त में से एक ताश का पत्ता चुनें,Select a card from the reserve for first foundation pile
तुल्यकालन URI,Synchronization file
चिड़ी का छक्का,the six of clubs
बेकार के ऊपर के दो कार्ड का प्रयोग करें,Match the top two cards of the waste.
फोकस करने पर चयन करें,Select code license
डेक में से नया पत्ता चलें,Deal a new card from the deck
अन्य,Other
प्रारंभ,Start: 0
चुनी गई कोशिका,Selected Cell
"% s is distributed in the hope that it will be useful, but WITHOUT ANY WARRANTY; without even the implied warranty of MERCHANTABILITY or FITNESS FOR A PARTICULAR PURPOSE. See the GNU General Public License for more details. ","% s is distributed in the hope that it will be useful, but WITHOUT ANY WARRANTY; without even the implied warranty of MERCHANTABILITY or FITNESS FOR A PARTICULAR PURPOSE. See the GNU General Public License for more details."
प्रोजेक्ट फिर जेनरेट करें,Regenerate project
स्वतःपूर्ण (C/C + +/Java केवल) ,Autocompletion (C / C + + / Java only)
9,9
फ़ाइल प्रबंधक,File Manager
आल्ट,Alt
लेखक,Author:
प्रोग्राम,Programs
एक नया सत्र जोड़ें,Address
तेज चुनाव,Quick Select
लाल पान की तिक्की,three of hearts
पंजी ताजा करें (_ R) ,_ Refresh Registry
मछली पकड़ने के तांत से अपने दांत साफ मत करिए,Fishing wire makes bad dental floss
हुकुम का चव्वा,the four of spades
ईंट की बेगम,the queen of diamonds
जेनेरिक,Generic
टर्मिनल में चलाएं,Run In Terminal
हाल में खेला गया (_ R) ,_ Recently Played
ज्यॉर्जियाई,Georgian
जावा सोर्स कोड,Pascal source files
एक नया खेल प्रारंभ करें,Start a new game
फाइल% d लोड हो रही है,Saving...
लान्चर सूचना का सम्पादन करें,Enter the project name:
कुछ नहीं,None
प्रारंभ,Started
ईंट का पंजा,five of diamonds
जोड़ें (_ A)... ,Advanced...
पूर्ण स्क्रीन छोड़ें (_ L) ,_ Leave Fullscreen
सारणी (_ T) ,_ Table
ईंट का दहला,the ten of diamonds
एस्केलेटर,Escalator
बार बार पूछे जाने वाले प्रश्न (_ F) ,_ Frequently Asked Questions
परियोजना नामः,Project name:
विडजेट,WIDGET
#-#-#-#-#gtk +. gtk-2-2. hi. po (gtk22 VERSION) #-#-#-#-#सूचना #-#-#-#-#gtkhtml. HEAD. hi. po (GtkHTML 2. x) #-#-#-#-#जानकारी #-#-#-#-#libgnomeui. HEAD. hi. po (libgnomeui HEAD) #-#-#-#-#सूचना,Information:
चुनी गई पंक्तियां,Selected rows
उभारें,Highlight
सांख्यिकी,Statistics
हुकुम का दहला को हटायें. ,Remove the ten of spades.
& lt; bgt; चुनी गई कोशिकाlt;/bgt; ,Selected Cell
सॉलिटेयर के बारे में,About Solitaire
डेक में से नया पत्ता चलें,Deal a new card from the deck
कोई हेडर नहीं,Header File:
अनुप्रयोग,Application
ध्वनि फाईल बचाएँ,Save file as
फ्रीसेल सॉलिटेयर के बारे में,About FreeCell Solitaire
अभी सक्रिय प्लगिन,Currently activated plugins
गंतव्यः,Destination:
वर्णन,Description
सहेज रहे हैं,Saving
संघीय चौराहा,Union Square
वर्तमान विन्यास अति प्राकृतिक रूप से ताश के रंग के योग्य हो इस हेतु ध्येय कीजिए. ,Aim to place the suits in the order which fits the current layout most naturally.
वाक्य रचना हाइलाइटिंग निष्क्रिय करें,Disable syntax highlighting
प्रतियां,Co _ mpile
फाइलें जोड़ें,Flat Profile
डील (_ D) ,_ Deal
make (\\ [\\d + \\])?: \\s + Entering\\s + directory\\s + '(. +)' ,make (\\ [\\d +\\])?: \\s + Entering\\s + directory\\s + '(. +)'
बेकार के ऊपर के दो कार्ड का प्रयोग करें,Match the top two cards of the waste.
सापेक्ष स्थिति,Relative position
चिड़ी का दहला हटाएँ. ,Remove the ten of clubs.
#-#-#-#-#gnome-utils. gnome-2-2. hi. po (gnome-utils 2.0) #-#-#-#-#विवरण #-#-#-#-#gtkhtml. HEAD. hi. po (GtkHTML 2. x) #-#-#-#-#विवरणः,Destination:
हस्ताछरित संदेश,Unsigned decimal
नियंत्रण की शैली का चयन करें,Select the style of control
#-#-#-#-#gtk +. gtk-2-2. hi. po (gtk22 VERSION) #-#-#-#-#मोड (रूप) #-#-#-#-#libgnomeui. HEAD. hi. po (libgnomeui HEAD) #-#-#-#-#मोड,Module
ईंट का नहला के बगल में ईंट का अट्ठा को रखें. ,Place the nine of diamonds next to the eight of diamonds.
एसलिरियोट एक नियम आधारित सॉलिटेयर कार्ड इंजन देता है जो कई भिन्न खेल खेलने के लिए अनुमति देता है. ,AisleRiot provides a rule - based solitaire card engine that allows many different games to be played.
संबंध,Relations
घटनाओं हेतु ध्वनि बजाएँ या नहीं. ,Whether or not to play event sounds.
हाथापाई,Scuffle
चेतावनीः,warning:
कोई चाल संभव नहीं. वापस लें या फिर शुरू करें,No moves are possible. Undo or start again.
~ a को लाल पान का छक्का पर घुमाएँ. ,Move ~ a onto the six of hearts.
विषय प्रकार,Content type
को,Top
हुकुम का छक्का,six of spades
फाईल% s पहले से उपस्थित है क्या आप इसे पुनर्लेखित करना चाहते हैं,The file '% s' already exists. Do you want to replace it with the one you are saving?
दृश्य _ (V) ,_ View
यूजर नाम,User name:
एक खाली आधार,an empty foundation
विसम्मेलन,Disassembly
नहीं लिखें,No write
बेकर्स खेल,Bakers Game
आवरण,Cover
प्रोजेक्ट में सोर्स जोड़ें,Add to repository
सफलतापूर्वक पूर्ण,Completed unsuccessfully
विघटित लायब्रेरी,Shared libraries
बरबादीfoundationslot hint,waste
हुकुम की बेगम के बगल में हुकुम के वादशाह को रखें,Place the king of spades next to the queen of spades.
उपज,Yield
मदद,_ Help
एक खाली पठारी ढेर,an empty tableau pile
एथेना,Athena
प्रोग्रामः,Program:
फ्रेम,realm
विरोधी,Conflicted
कई कमांड एक साथ चलाएँः,Run several commands at a time:
लाल पान का नहला,nine of hearts
एलीवेटर,Elevator
फाइल% d लोड हो रही है,Loaded Project...
उपकरण-पट्टी (_ T) ,_ Toolbar
ईंट की बेगम,the queen of diamonds
ईंट का गुलाम,jack of diamonds
चुनाव को हटाएं (C _) ,C _ lear Selection
C + +/Java Assistance,C + + / Java Assistance
एक खाली खाँचा,an empty slot
अस्थायी स्पॉट उपयोग स्वीकारें,Allow temporary spots use
एपीआई विचरक,API Browser
पूरा प्रोजेक्ट संस्थापित करें,Install whole project
पार्श्व समायोजन,Background:
पंक्ति संख्याएं दिखाएं,Show Line Numbers
घटना रोजनामचा मिटाओ,Clear event log
SamplePlugin,SamplePlugin
एक सत्ता को आप ढूंढ रहे हैं. ,You are searching for a seven.
प्रवेश सहायक,Lo _ gin Helper
टर्मिनल,Terminal
तिक्की मिटाएँ,Remove the threes
हटाएं (_ R) ,_ Remove
पुस्तक चिह्न संपादित करें (_ E)... ,_ Edit Bookmarks...
ताश प्रसंग इंस्टाल करें... ,Install card themes…
छैतिज पैमाना,Basic Indentation
मान,Val _ ue
हुकुम का सत्ता,the seven of spades
लाल पान की तिक्की,the three of hearts
खाली,Idle
#-#-#-#-#file-roller. gnome-2-2. hi. po (File Roller hindi) #-#-#-#-#आप्ने आप #-#-#-#-#gtkhtml. HEAD. hi. po (GtkHTML 2. x) #-#-#-#-#आटोमेटिक,_ Automatic update
प्रारंभEnd,Start:% d
पंजा मिटाएँ,Remove the fives
मौजूदा बफर,Current buffer
फ्लैट प्रोफ़ाइल,Flat Profile
पूरा नाम,Full name
हुकुम की बेगम,queen of spades
डेस्कटोप,Des _ ktop
"स्ट्रिंग की सूची जो पांच गुने रूप में आता हैः name, wins, total games played, best time (सेकेंड में) और worst time (सेकेंड में ही). नहीं खेला गया खेल दिखाया नहीं जा सकता. ","A list of strings that come in the form of a quintuple: name, wins, total games played, best time (in seconds) and worst time (also in seconds). Unplayed games do not need to be represented."
हुकुम का अट्ठा,the eight of spades
एडीटर,_ Editor
"% s is distributed in the hope that it will be useful, but WITHOUT ANY WARRANTY; without even the implied warranty of MERCHANTABILITY or FITNESS FOR A PARTICULAR PURPOSE. See the GNU General Public License for more details. ","% s is distributed in the hope that it will be useful, but WITHOUT ANY WARRANTY; without even the implied warranty of MERCHANTABILITY or FITNESS FOR A PARTICULAR PURPOSE. See the GNU General Public License for more details."
Anjuta फाइल सहायक प्लगिन,Anjuta File Assistant Plugin
घटनाओं को मानिटर करें (_ M) ,_ Monitor Events
बिल्ड निर्देशिका चुनें,Currently edited file directory
रंग,Colour
रेग्युलर एक्सप्रेशन खोजना,Add Watch Expression
ईंट का नहला,nine of diamonds
अपवाद,EXCEPT
विजेट्स,Widgets
जिप ड्राइव,Create
अज्ञात पत्ता,face - down card
~ a को चिड़ी की बेगम पर घुमाएँ. ,Move ~ a onto the queen of clubs.
मेक्रो,My macros
अतिरिक्त बाकीः,Reserve left:
यूनिकोड,Unicode
मेलबाक्स को स्पूलिंग के लिए नहीं खोल पाया,Could not open file for writing
~ a को एक ईंट का दहला पर ले जाएँ,Move ~ a onto the ten of diamonds.
सफलतापूर्वक फ्लापी को फार्मेट किया,Completed... successful
"यह प्रायः होता है जब आप एसलिरियोट के पुराने संस्करण को चलाते हैं जिसने खेल नहीं खेला है जो आप अंतिम में खेले हैं. मूलभूत खेल, Klondike, बदले में आरंभ हो रहा है. ","This usually occurs when you run an older version of Aisleriot which does not have the game you last played. The default game, Klondike, is being started instead."
सापेक्ष स्थिति,Relative position
ऊपरी पटल,Top panel
फ़ॉन्ट,Font
मोड,Mode
सभी फ़ाइलें,All files
बादशाह मिटाएँ,Remove the kings
हुकुम का बादशाह हटाएँ. ,Remove the nine of spades.
छवि (_ I) ,_ Image
GtkSourceView Editor,GtkSourceView editor
बिन्यासः,Configuration:
कोई संकेत उपलब्ध नहीं है,No hint available
वाक्य रचना हाइलाइटिंग निष्क्रिय करें,Disable syntax highlighting
अंकः,Score:
प्लगिन चुनें,Select a plugin
भिन्न प्रकार खेल खेलें,Play a different game
फाइल का नाम ढूंढो,Tasks manager
बेकार में से पत्ते ले जाएँ,Move card from waste
अपने अनुप्रयोग को पहुंचनीयता व्यायाम का लाभ दें,Give your application an accessibility workout
लाल पान का छक्का,six of hearts
% d%% Not ApplicableNot Applicable,% d%%
ईंट का गुलाम,jack of diamonds
ताश बांटना बाकीः ~ a,Redeals left: ~ a
विषय सूची (_ C) ,_ Contents
% (rolename) s सूची% (num) d पंक्ति और स्तंभ से मेल नहीं खातेparent indexrow and column index,% (rolename) s index% (num) d does not match row and column
उचित संस्थापन ढेर,the appropriate Foundation pile
पर्ल,Personal
कार्रवाई संपन्न करें,Perform action
C/C + +/Java/Vala,C / C + + / Java / Vala
बहुत अधिक चयनीय शिशु हैं,Too many selectable children
डिस्क के उन्नत विकल्पों को छुपाओ,Sample file operations
स्तंभ,Column
प्लग-इन त्रुटियांviewport,Plugin Errors
ईंट का सत्ता,the seven of diamonds
नाम,NAME
नया शार्टकट,Shortcut:
डैरक्टरी चुनो,Select directory
एक हाथ और बांटें,Deal another hand
नियम नामः,Rule name:
चव्वा मिटाएँ,Remove the fours
पथ,Path
नाम,Name
ई-मेल पताः,Email address:
अंतिम प्रविष्ट घटना को हाइलाइट करो,Highlight last event entry
पहला नियम,First Law
हुकुम का इक्का,the ace of spades
कोड समाप्ति सक्रिय करें,Enable code completion
ग्लेड फाइल,Header Files
% (rolename) s सूची% (num) d पंक्ति और स्तंभ से मेल नहीं खातेparent indexrow and column index,% (rolename) s index% (num) d does not match row and column
Anjuta वर्ग जनक प्लगिन,Anjuta Class Generator Plugin
पॉपअप संवाद,Popup dialog
ओफसेट,Offset
कार्य डायरेक्टरी,Select directory
दृश्य,View
क्रिया,Action
गाढ़ा,Bold
नया शार्टकट,Shortcut
"0, 0","0, 0"
% d%% Not ApplicableNot Applicable,% d%%
शब्द की सभी पुनरावत्तियों को छोड़ें,Find the previous occurrence of current word
लाल पान का बादशाह हटाएँ. ,Remove the six of hearts.
टूल्स,Tool
छोड़ें (_ S) ,_ Skip
बचा भंडारः ~ a,Stock remaining: ~ a
make (\\ [\\d + \\])?: \\s + Entering\\s + directory\\s + `(. +) ',make (\\ [\\d +\\])?: \\s + Entering\\s + directory\\s + `(. +) '
रीढ़,Backbone
गुणधर्म,Attributes
नया खेल (_ N) ,_ New Game
हुकुम का पंजा,the five of spades
योजना अपवाद उत्पन्न हुआ,A scheme exception occurred
रेग्युलर एक्सप्रेशन खोजना,Search Expression:
खेलें “% s”,Play “% s”
नाम,Name
काल्स,Calls
लाल पान का दुक्का,the two of hearts
"यदि आप कभी जंगल में अकेले गुम हो जाएँ, तो किसी पेड़ के आगोश में जाएँ","If you 're ever lost and alone in the woods, hug a tree"
प्लगिन चुनें,Select package
फुलस्क्रीन (_ F) ,_ Fullscreen
अगला कार्ड या कार्ड्स की डील करें,Deal next card or cards
डायरेक्ट्री,Directory
परियोजना विकल्प,Print options
बेकार को भण्डार में वापस ले जाएँ,Move waste back to stock
लाल पान का गुलाम,jack of hearts
"जब आप सड़क पार करें, तो दोनों तरफ देखें",Look both ways before you cross the street
#-#-#-#-#gedit. gnome-2-2. hi. po (gedit VERSION) #-#-#-#-#निरस्त की गई क्रिया को पुनः करें #-#-#-#-#libgnomeui. HEAD. hi. po (libgnomeui HEAD) #-#-#-#-#निरस्त प्रक्रिया को पुन करें,Redo the last undone action
जेनेरिक (Minimal) ,Generic (Minimal)
नया (_ N) _ New Game,_ New
नई pluginviews उपलब्ध है,Available new pluginviews
डिफ,_ Diff…
वस्तु,Item
मदद,Help
कुंजी बंधन,Key binding
जोकरcard symbol,JOKER
निजी,Personal
"रीसेट करें (_ R) _ Restart ""is the menu item 'Game-> Restart', implies"" Restart Game",_ Reset
ताज़ा करें,Refresh
कुंजी,Key
चिड़ी का चौवा,Move ~ a onto the four of clubs.
~ a को चिड़ी का अट्ठा पर घुमाएँ. ,Move ~ a onto the eight of clubs.
एस्लेरियॉट सॉलिटेयर,AisleRiot Solitaire
तुलना करें,C _ ompile:
card symbol,Window height
चिड़ी का इक्का,the ace of clubs
हाइलाइट किए गए सीमांत का रंग और अपारदर्शिता। ,The color and opacity of the highlight border.
ईंट का दहला हटाएँ. ,Remove the seven of diamonds.
ईंट का अट्ठा,the eight of diamonds
चुनी गई कोशिका,Selected Cell
अत्यावश्यक,Urgent
एक खाली तस्वीर खाँचा,an empty tableau slot
शॉर्टकटः,Shortcut:
विडजेट,WIDGET
कार्ड चालों में एनीमेशन उपयोग करें या नहीं. ,Whether or not to animate card moves
पंक्तियां,Rows
रेडहेड,Redheads
टर्मिनल में चलाएँ,Run in terminal
अंतर्क्रियात्मक% s कार्रवाई करने योग्य नहीं है,interactive% s is not actionable
लाल पान का दहला,the ten of hearts
क्या विंडो पूर्ण स्क्रीन है,Whether the window is fullscreen
GTKmm,GTKmm
ढूंढा जा रहा है,Searching…
हुकुम का दुक्का,Move ~ a onto the two of spades.
परियोजना बन्द करें,Close project
मछली पकड़ने के तांत से अपने दांत साफ मत करिए,Fishing wire makes bad dental floss
#-#-#-#-#gnome-desktop. HEAD. hi. po (gnome-desktop VERSION) #-#-#-#-#टिप्पणी: #-#-#-#-#libgnomeprintui. gnome-2-2. hi. po (libgnomeprintui) #-#-#-#-#टिप्पणीः,Contents
मछली पकड़ने के तांत से अपने दांत साफ मत करिए,Fishing wire makes bad dental floss
मान,Value
लाल पान का सत्ता,Move ~ a onto the seven of hearts.
पढ़ने में विफल '% s':% s,Failed to read file
फाइल सहायक,File Assistant
सभि फ़ाइल (_ A) ,All files
जानकारी,Information
संस्करण,Version
खाली खाँचा में कुछ ले जाने के बारे में विचार करें,Consider moving something into an empty slot
पंक्ति संख्याएं दिखाएं,Print line numbers
स्मार्ट हाशिया,Smart Indentation
नियंत्रण की शैली का चयन करें,Select the style of control
पता किताब पथ% s सही नहीं है,Do you want to clear the list?
फ़ाइल खोलें,End of file
संशोधनः,End Revision:
छैतिज पैमाना,Blank Lines
हुकुम का पंजा,five of spades
"ActionGroupEditorInsert "", N _ ("" Editor text insertions",Editor text selection
ईंट का दहला के बगल में ईंट का नहला को रखें. ,Place the ten of diamonds next to the nine of diamonds.
वस्तु जोड़ें,Add Item
स्थान (_ L): ,Location:
खाली खाँचा पर कुछ रखें,Place something on empty slot
सांख्यिकी (_ t) ,S _ tatistics
% s को पाथ पर इन्सटाल नहीं किया गया है,Make sure 'gdb' is installed on the system.
परियोजना नामः,Project name:
आरक्षितslot type,reserve
"यदि आप कभी जंगल में अकेले गुम हो जाएँ, तो किसी पेड़ के आगोश में जाएँ","If you 're ever lost and alone in the woods, hug a tree"
सी डी,C
#-#-#-#-#file-roller. gnome-2-2. hi. po (File Roller hindi) #-#-#-#-#आप्ने आप #-#-#-#-#gtkhtml. HEAD. hi. po (GtkHTML 2. x) #-#-#-#-#आटोमेटिक,Automatic update
% s किसी समुच्चय का सदस्य नहीं है,% s does not belong to a set
चाल वापस लें (_ U) ,_ Undo Move
कठोर,Cruel
% s भण्डार परtableauslot hint,% s on stock
लाल पान का दहला हटाएँ. ,Remove the seven of hearts.
रेग्युलर एक्सप्रेशन,Ins _ pect / Evaluate...
बेकार को भण्डार में वापस ले जाएँ,Move waste back to stock
हाइलाइटन,Highlighting
मौजूद प्लगिन,Available plugins
ईंट का अट्ठा,eight of diamonds
मौजूदा बफर,Current buffer
ज्यॉर्जियाई,Georgian
संग्रह,Col _ lection
हाइलाइट किए गए सीमांत का रंग और अपारदर्शिता। ,The color and opacity of the highlight border.
ताश बांटना बाकीः,Redeals left:
~ a को एक खाली नीचे स्लॉट में ले जाएँ. ,Move ~ a onto an empty bottom slot.
ग्लेड अतंरफलक डिजायनर,Glade interface designer
हुकुम का दुक्का,two of spades
वेस्ट हैवन,Westhaven
दोषमुक्त करें,DEBUG
टेरेस,Terrace
मैं सुनिश्चित नहीं हूं,I 'm not sure
ईंट का चव्वा के बगल में ईंट का तिक्की को रखें. ,Place the four of diamonds next to the three of diamonds.
ढूंढें,Search
कमांडः,Command:
संपादन,Edit…
श्रोत दिखाएं,View Source
एनीमेशन,Animations
क्लॉन्डिके तीन डेक,Klondike Three Decks
खेल (_ G) ,_ Game
स्वतःपूर्ण,Autocompletion
अल्फा,Alpha
भराई के रंग को हाइलाइट करें,Highlight fill color
पंक्ति ~ a में श्रृंखला में जोड़ें. ,Add to the sequence in row ~ a.
8number,8
प्रिंट पूर्व दर्शन,Preview
किंग ऑडियंस,Kings Audience
वेस्ट हैवन,Westhaven
प्रोजेक्ट प्लान,Profile Name
जेनेरिक GTK + प्रोजेक्ट,A generic GTK + project
लाल पान की पंजा के बगल में लाल पान के चव्वा को रखें. ,Place the five of hearts next to the four of hearts.
उभारें,Highlight
मुख्य वर्ग,Main class
एक अट्ठा को आप ढूंढ रहे हैं. ,You are searching for an eight.
लाल पान का सत्ता,the seven of hearts
मान,Value
पसंद (_ B) menu,_ Bookmarks
खेल सांख्यिकी दिखायें,Show gameplay statistics
CVS प्लगिन,CVS Plugin
प्रोजेक्ट (_ P) ,_ Project
कोई चाल नहीं. ,No moves.
चिड़ी की बेगम,Move ~ a onto the queen of clubs.
टेम्पलेट,Template
स्कोप,Stash to Apply
छैतिज पैमाना,Editor file operations
प्ले प्रगति पर,Patching% s using% s
जाल स्थल,Web site
पूर्व संदेश (_ P) ,_ Previous Message
बढ़ने के लिये क्लिक करें (_ C) ,_ Click to Move
ईंट की बेगम,queen of diamonds
आठ बन्द,Eight Off
% (rolename) s अभिभावक सूची% (num1) d पंक्ति और स्तंभ सूची% (num2) d से मेल नहीं खाते,% (rolename) s parent index% (num1) d does not match row and column index% (num2) d
~ a को एक हुकुम का सत्ता पर ले जाएँ,Move ~ a onto the seven of spades.
कार्रवाई संपन्न करें,Perform action
तालिकाslot type,tableau
चिड़ी की दुक्की,two of clubs
ईंट का पंजा,the five of diamonds
make (\\ [\\d + \\])?: \\s + Leaving\\s + directory\\s + `(. +) ',make (\\ [\\d +\\])?: \\s + Leaving\\s + directory\\s + `(. +) '
कोई विवरण नहीं,No description
आधार पत्ताः इक्का,Base Card: Ace
चिड़ी की चौवा के बगल में चिड़ी के पंजा को रखें. ,Place the five of clubs next to the four of clubs.
~ a को एक चिड़ी की तिक्की पर ले जाएँ,Move ~ a onto the three of clubs.
अज्ञात,Unknown error.
मूल,Basic
नया,New
C + +/Java Assistance,C + + / Java Assistance
संदर्भ मदद (_ C) ,_ Context Help
6number,6
अंतराफलक दर्शक,Interface Viewer
मिनट्स को अपडेट करें,Update globale tags
लोड किया जा रहा है... ,Loading...
लाइसेंस,License
सोर्स जोड़ें,Add _ Source File...
दिखाएँ,Show
चिड़ी का दहला हटाएँ. ,Remove the ace of clubs.
स्वतःपूर्ण (C/C + +/Java केवल) ,Autocompletion (C / C + + / Java only)
नियंत्रण (_ C) ,_ Control
चिड़ी का बादशाह हटाएँ. ,Remove the six of clubs.
नेपोलियन मकबरा,Napoleons Tomb
वेस्ट हैवन,Westhaven
हुकुम का दहला,ten of spades
खेल पुनः प्रारंभ करें,Statistics of games played
चिड़ी का बादशाह हटाएँ. ,Remove the king of clubs.
कोई तारीख़ नहीं,No Date
सूचना,No Optimization
उपकरण-पट्टी छुपाएँ या दिखाएँ,Show or hide statusbar
खाली,Idle
शीर्षकः,Title:
बार बार पूछे जाने वाले प्रश्न (_ F) ,_ Frequently Asked Questions
make (\\ [\\d + \\])?: \\s + Entering\\s + directory\\s + `(. +) ',make (\\ [\\d +\\])?: \\s + Entering\\s + directory\\s + `(. +) '
जानकारी,Django Project information
झांकें,Peek
ईंट का छक्का,six of diamonds
नाम (_ N): ,_ Name:
क्लॉन्डिके तीन डेक,Klondike Three Decks
पुस्तक-चिह्नों को प्रबंधित करें। ,Manage bookmarks.
#-#-#-#-#gtk +. gtk-2-2. hi. po (gtk22 VERSION) #-#-#-#-#अग्र रंग #-#-#-#-#gtkhtml. HEAD. hi. po (GtkHTML 2. x) #-#-#-#-#आगे का रंग,Fore color:
नीचे जायें,Move Down
घटनाओं को मानिटर करें (_ M) ,_ Monitor Events
एलीवेटर,Elevator
नया प्रोजेक्ट बनाएं,New Project Wizard
दुक्की मिटाएँ,Remove the twos
अंतः 0,End: 0
मदद,_ Help
#-#-#-#-#gedit. gnome-2-2. hi. po (gedit VERSION) #-#-#-#-#वरीयता #-#-#-#-#gnome-applets. gnome-2-2. hi. po (gnome-applets 2. x) #-#-#-#-#वरीयता #-#-#-#-#gnome-media. HEAD. hi. po (gnome-media 2.0) #-#-#-#-#वरियताएँ #-#-#-#-#nautilus. HEAD. hi. po (nautilus 2. x) #-#-#-#-#प्राथमिकताएँ,/ ToDo / _ Preferences
ज्यॉर्जियाई,Georgian
संस्करणः,Version:
एक खाली खाँचा,an empty reserve
अवधि को हाइलाइट रकें,Highlight duration
न्यास,Four Foundations
औज़ार,Tools
दोहराएँ (_ R) ,_ Redo
ईंट का दुक्का,two of diamonds
अंकः,Score:
आधार पर खाली खाँचा,empty slot on foundation
ज़ेनेरिक,Generic
प्रलेख,_ Document
मान बदलें,_ Changes
ब्लॉड और बर्नेट,Blondes and Brunettes
फ्रीसेल,Freecell
#-#-#-#-#balsa. HEAD. hi. po (Balsa 2. x) #-#-#-#-#हटाओ #-#-#-#-#gnome-desktop. HEAD. hi. po (gnome-desktop VERSION) #-#-#-#-#हटाएं #-#-#-#-#gnome-session. HEAD. hi. po (gnome-session VERSION) #-#-#-#-#हटाएं #-#-#-#-#gnome-utils. gnome-2-2. hi. po (gnome-utils 2.0) #-#-#-#-#हटाओ #-#-#-#-#nautilus. HEAD. hi. po (nautilus 2. x) #-#-#-#-#हटाएँ,/ Item / Remove
अंतराफलक के विभिन्न गुणों को देखने देता है,Allows viewing of various interface properties
"यदि आप कभी जंगल में अकेले गुम हो जाएँ, तो किसी पेड़ के आगोश में जाएँ","If you 're ever lost and alone in the woods, hug a tree"
8number,8
घड़ी,Clock
ईंट का दहला के बगल में ईंट का नहला को रखें. ,Place the ten of diamonds next to the nine of diamonds.
भराई का रंगः,Fill color:
Text Icons Text + Icons Gnome toolbar setting Tabs,Text Icons Text + Icons Gnome toolbar setting Tabs
दोहराएँ (_ R) ,_ Redo
GtkSourceview संपादक,GtkSourceview editor
लाल पान का इक्का,the ace of hearts
छापा जा रहा है... ,Versioning...
अतिरिक्त में से एक ताश के पत्ते को खाली तस्वीर खाँचा पर ले जाएँ,Move a card from the reserve onto the empty tableau slot
वर्णन,Description
नया कार्ड डील करें,Deal a new card
प्रोजेक्ट नाम,project name
बायीँ डीलः ~ a,Deals left: ~ a
चिड़ी की बेगम,the queen of clubs
लाल पान की चव्वा के बगल में लाल पान के तिक्की को रखें. ,Place the four of hearts next to the three of hearts.
लड़ी,Thread
स्थिर घोषणाओं को छोड़ दें,Tag De _ claration
कार्य,Task
पूर्ण,Completed
बेकार को भण्डार में वापस ले जाएँ,Move waste back to stock
अल्फा,Alpha
ताश को उलटे खिसका कर देखें,Try moving a card to the reserve
अधिसूचना,Notification
एमडीआई-जेड-क्रम,MDI - Z - order
चीनी पारम्परिक,Chinese Traditional
% s गायब नाम या सूचक,% s missing name or label
मिले-जुले,Mixed
नया मद (_ w) ,Ne _ w Item
% (rolename) s अभिभावक सूची% (num1) d पंक्ति और स्तंभ सूची% (num2) d से मेल नहीं खाते,% (rolename) s parent index% (num1) d does not match row and column index% (num2) d
“% s” के लिए मदद नहीं दिखा सका,Could not show help for “% s”
7number,7
लाल जोकर,the red joker
स्तंभ,Columns
संग्रह,Col _ lection
~ a को हुकुम का सत्ता पर घुमाएँ. ,Move ~ a onto the seven of spades.
यह चयन याद रखें,Remember this selection
पोकर,Poker
% s किसी समुच्चय का सदस्य नहीं है,% s does not belong to a set
परिवर्तनीय,Variable
लाल पान का बादशाह,king of hearts
पैचेस,_ Patch…
फिर बांटें,Redeal.
उपकरण-पट्टी छुपाएँ या दिखाएँ,Show or hide the toolbar
~ a को एक खाली बढ़त स्लॉट में ले जाएँ. ,Move ~ a onto an empty edge slot.
पत्तों के ढेर को आसपास ले जाने की कोशिश करें,Try moving card piles around
बाज पंख,Eagle Wing
संस्करण,Version
बेकर्स खेल,Bakers Game
लिंक्स स्वत खोजें,Automatically load last Project
छैतिज पैमाना,Editor text formating
एक अंतर्क्रियात्मक पाइथन पहुंचनीयता अन्वेषक,An interactive Python accessibility explorer
चिड़ी का बादशाह,king of clubs
सभी को संग्रहित करें,All
C + +/GObject Class,C + + / GObject Class
विसम्मेलन,Disassembly
प्रोजेक्ट में सोर्स जोड़ें,Cleaning whole of the Project:
भूल भुलैया,Maze
सत्रें,_ Revision
मौजूदा चयन,Current default target
लेखक,Author
वृश्चिक,Scorpion
"संकेत (_ H) _ New ""is for the menu item 'Game-> New', implies"" New Game",_ Hint
कोड समाप्ति सक्रिय करें,Enable Python comments folding
लाल पान का दहला हटाएँ. ,Remove the queen of hearts.
आल्ट,Alt
मकड़ी,Spider
पंक्ति संख्या,_ Goto Line number
जेब्राcard symbol,Zebra
ईंट की बेगम,queen of diamonds
Aisleriot पता नहीं कर सका कि आपने कौन सा खेल अंतिम बार प्राप्त किया. ,Aisleriot cannot find the last game you played.
बेकार में से पत्ते ले जाएँ,Move card from waste
काला जोकर,black joker
टर्मिनल,Terminal
चयन (_ S) ,_ Selection
#-#-#-#-#balsa. HEAD. hi. po (Balsa 2. x) #-#-#-#-#हटाओ #-#-#-#-#gnome-desktop. HEAD. hi. po (gnome-desktop VERSION) #-#-#-#-#हटाएं #-#-#-#-#gnome-session. HEAD. hi. po (gnome-session VERSION) #-#-#-#-#हटाएं #-#-#-#-#gnome-utils. gnome-2-2. hi. po (gnome-utils 2.0) #-#-#-#-#हटाओ #-#-#-#-#nautilus. HEAD. hi. po (nautilus 2. x) #-#-#-#-#हटाएँ,Resolved
खाली,Crea _ te
पथ,Path
कोई विवरण नहीं,No description
अनियत चौड़ाई,_ Variable...
लेखक,Author
~ a को चिड़ी का दहला पर ले जाएँ,Move ~ a onto the ten of clubs.
गलती: इस नाम की पहचान पहले से है,A tool with the same name already exists!
Pixbuf वस्तु,Pixbuf Object
बदलें,Replace
विंडो ऊंचाई,Window height
त्रुटि पर जारी रखें,Continue on errors
जैंगो परियोजना सूचना,Django Project information
अन्य,Other
जैंगो परियोजना,Django Project
टैब स्थिति,Tabs position:
हाइपरकड़ी,Hyperlink
रिसेट करें (_ R) ,_ Reset / Revert
के साथ खोलेंः,Open with:
विकल्प,JS Find dirs
बायीँ डीलः ~ a,Deals left: ~ a
ओडेसा एक बढ़िया खेल है. सच में. ,Odessa is a better game. Really.
अज्ञात पत्ता,face - down card
एक खाली तस्वीरwasteslot hint,% s on tableau
खोज रहा है घटक के लिए,Component for searching
हाइलाइट बक्से का भराई रंग,The fill color of the highlight box
एक% s को आप ढूंढ रहे हैं. ,You are searching for an ace.
सबवर्सन,Session
बचा मालः 0,Stock left: 0
न्यासslot type,foundation
साफ़ करें (_ C) ,_ Clear
हाल में ही प्रयोग की गई फाइलें,Recent _ Files
ईंट का सत्ता के बगल में ईंट का छक्का को रखें. ,Place the seven of diamonds next to the six of diamonds.
~ a को एक खाली दाएँ स्लॉट में ले जाएँ. ,Move ~ a onto an empty right slot.
कार्य डायरेक्टरी,CVS: Update file / directory
सभी फ़ाइलें,All files
स्थिर घोषणाओं को छोड़ दें,Declaration
खाली खाँचा में कुछ ले जाने के बारे में विचार करें,Consider moving something into an empty slot
वर्णन,Description
नमूना फाइल आपरेशन,Glade designer operations
पैकेज,Package
उपकरण-पट्टी (_ T) ,_ Toolbar
ईंट का इक्का,the ace of diamonds
चुनें एक फ़ोल्डर,Select Mailbox File
~ a को अज्ञात पत्ता से बाहर ले जाएँ,Move ~ a onto the unknown card.
~ a को एक क्लब का दोनों पर ले जाएँ,Move ~ a onto the two of clubs.
भिन्न प्रकार खेल खेलें,Play a different game
रेखांकित,Underline
खाली खाँचा पर कुछ रखें,Place something on empty slot
ईंट का नहला,the nine of diamonds
हुकुम का बादशाह हटाएँ. ,Remove the jack of spades.
प्रोजेक्ट लोड करने में असमर्थ,Failed to create child process'% s':% s
टर्मिनल में चलाएँ,Run in terminal
चिड़ी की तिक्की,the three of clubs
चलाएँ,Execute
"जब तक अत्यधिक आपात् स्थिति न हो, रक्त-बन्ध की सिफारिश नहीं की जाती",Tourniquets are not recommended unless in the direst emergency
चिड़ी का सत्ता,seven of clubs
आधार पत्ताः बादशाह,Base Card: King
लाल पान का सत्ता,seven of hearts
लोड,Load
पूरा प्रोजेक्ट बिल्ड करें,Build whole project
लाल पान की सत्ता के बगल में लाल पान के छक्का को रखें. ,Place the seven of hearts next to the six of hearts.
"स्ट्रिंग की सूची जो पांच गुने रूप में आता हैः name, wins, total games played, best time (सेकेंड में) और worst time (सेकेंड में ही). नहीं खेला गया खेल दिखाया नहीं जा सकता. ","A list of strings that come in the form of a quintuple: name, wins, total games played, best time (in seconds) and worst time (also in seconds). Unplayed games do not need to be represented."
खेल चुनें,_ Select Game…
स्ट्रिंग,String
मेमोरी,Memory
क्या पंक्ति मार्कर pixbufs प्रदर्शित करें,Whether to display line marker pixbufs
"बधाई, आप जीत गए! ","Congratulations, you have won!"
सांख्यिकी,Statistics
~ a को एक खाली बढ़त स्लॉट में ले जाएँ. ,Move ~ a onto an empty edge slot.
% s संबंध के लिए अन्योन्य गायब है,Missing reciprocal for% s relation
ध्वनि वर्यताएं,CVS command options
निरीक्षण हटाओ,Remove Watch
निर्देश,Common commands:
ईंट का इक्का,the ace of diamonds
विकल्प,Scratchbox Options
प्रोजेक्ट साफ करें (_ C) ,_ Clean Project
ब्रिस्टल,Bristol
संदेश,No Messages
खाली अस्थायी खाँचा पर पत्ता ले जाएँ,Move a card to an empty temporary slot
Anjuta परिचय,About Anjuta
Acard symbol,A
मान बदलें,_ Changes
तेरह,Thirteen
C सोर्स,Force
हुकुम का गुलाम,jack of spades
इस फाइल के लिए मेन्यू में,No executable for this file.
सफेदसिर (व्हाइटहेड) ,Whitehead
ओफसेट,Offset
चिड़ी का दहला,ten of clubs
शीर्ष,Header _ h
इसाबेल,Isabel
चेतावनियां,Warnings
ग्नोम खेल वेबसाइट,GNOME Games web site
उन प्लग-इनों की सूची जिन्हें डिफोल्ट रूप से निष्क्रिय किया गया है,A list of plugins that are disabled by default
पंजा मिटाएँ,Remove the fives
क्या आप निश्चित हैं कि आप% s को स्थायी तौर पर डिलीट करना चाहते हैं,"If you do not save, all your changes will be lost."
कुछ परिवर्तन संग्रहित नहीं किए गए हैं क्या आप इसी अवस्था में बाहर निकलना चाहते हैं? ,The program is attached. Do you still want to stop the debugger?
फ़ाइलनाम,Filename
आधार पत्ताः ~ a,Base Card: ~ a
प्रोजेक्ट विन्यस्त करें,C _ onfigure Project…
'% s' फाइल में लिखने की त्रुटिः% s,Error while reading from file
ज़ूम इन,Zoom In
"% s में% s स्थिति है, पर उसके साथ% s स्थिति नहीं है",% s has% s state without% s state
विस्तार,Enb
लाइसेंस,No License
बाल्टिक,Baltic
मादा मकड़ी,Spiderette
लाल पान की बेगम,queen of hearts
एक फाइल खोलें,Open with
API मद,API Help
क़िस्म,GType
युकान,Yukon
यह चयन याद रखें,Remember this selection
सोल,Sol
जाँचने के लिए प्रोग्रामः,Program to test:
ईंट का दहला,the ten of diamonds
जोकरcard symbol,JOKER
वेलग्रिंड,Valgrind
खोलें (_ O) ,_ Open
निरसक,Eliminator
इटालिक,Baltic
हुकुम का दहला,ten of spades
पत्तों को फिर फेंटें,Reshuffle cards
मान बदलें,Change Value
नोर्डिक,Nordic
चलाने के लिए लक्ष्य लोड करें,Load Target to run
मदद दर्शाने में त्रुटिः% s,There was an error whilst launching the debugger.
साइरिलिक,Cyrillic
ईंट का दहला,ten of diamonds
डैरक्टरी चुनो,Project directory
कार्ड थीम “% s” के साथ कार्ड दिखाएं,Display cards with “% s” card theme
ईंट का नहला,nine of diamonds
% s खिसकाएँ% s पर. ,Move% s onto% s.
युकान,Yukon
~ a को एक खाली तस्वीर खाँचा पर ले जाएँ. ,Move ~ a onto the tableau.
~ a को एक क्लब का दोनों पर ले जाएँ,Move ~ a onto the two of clubs.
हुकुम का गुलाम,the jack of spades
ईंट का पंजा,the five of diamonds
अंतराष्ट्रीयकरण जोड़ेंः,Add internationalization:
समय,Times
हाइलाइट किए गए सीमांत का रंग और अपारदर्शिता। ,The color and opacity of the highlight border.
इस प्रोग्राम के साथ आपको ग्नू-जनरल पब्लिक लाइसेंस की प्रतिलिपि मिलनी चाहिए. यदि नहीं तो देखें. slot type,"You should have received a copy of the GNU General Public License along with this program. If not, see."
एक पंजा को आप ढूंढ रहे हैं. ,You are searching for a five.
फ़ाइल,_ Files
नमूना क्रिया,Tag _ Implementation
अज्ञात रंग,Unknown color
ईंट का छक्का,the six of diamonds
जारी,Release
विस्तारः,Extents:
बढ़ने के लिये क्लिक करें (_ C) ,_ Click to Move
बाल्सा को कान्फिगर करो,Continue at Parenth.
डिफाल्ट फोन्ट को पुनः प्रयोग करें,Reload System Defaults
गुण (_ P) ,_ Properties
% s आधार परreserveslot hint,% s on foundation
खाली तस्वीर खाँचा पर बादशाह को ले जाएँ,Move ~ a onto an empty tableau slot.
चाल वापस लें (_ U) ,_ Undo Move
आर्मेनियाई,Armenian
चुने गए एक्सेसेबलों को पुस्तक-चिह्नित करें,Bookmark selected accessible.
जेनेरिक Xlib डाक एप्लेट,A generic Xlib dock applet
पंक्ति मार्कर्स दिखाएं,Show Line Markers
ईंट का चव्वा,four of diamonds
श्रेणी,Macro text:
#-#-#-#-#balsa. HEAD. hi. po (Balsa 2. x) #-#-#-#-#छापें #-#-#-#-#gedit. gnome-2-2. hi. po (gedit VERSION) #-#-#-#-#प्रिंट #-#-#-#-#libgnomeprintui. gnome-2-2. hi. po (libgnomeprintui) #-#-#-#-#प्रिंट #-#-#-#-#nautilus. HEAD. hi. po (nautilus 2. x) #-#-#-#-#छापें,Print:
चलाना खत्म करें (_ K) ,_ Kill Execution
हुकुम का पंजा,the five of spades
बदलाव वापस लें? ,Revert Changes?
कृपया खाली ढेर को पहले भरें. ,Please fill in empty pile first.
इक्का मिटाएँ,Remove the aces
सुधारें,Modify
खाली दस्तावेज,Arguments
सिलेक्शन आयत,_ Make Selection Uppercase
सीधा ऊपर,Straight Up
सत्ता मिटाएँ,Remove the sevens
रैण्डर होने वाला pixbut,The pixbuf to render.
स्थिति,Position
नया कार्ड डील करें,Deal a new card
खण्डन बिन्दु,Breakpoints
ध्वनि फार्मेट,Auto format
पत्तों को फिर फेंटें,Reshuffle cards
स्वचालित हाशिया,Auto Indent
चिड़ी की तिक्की,three of clubs
प्रविष्ट,INS
चुने गए एक्सेसेबेल,Selected accessible
मूलभूत प्रोजेक्ट निर्देशिकाः,Default project directory:
हटाएँ,Remote
प्रसंग फ़ाइल का नाम जिसमें खेला जाने वाला सॉलिटेयर खेल है. ,The name of the scheme file containing the solitaire game to play.
ईंट का दहला हटाएँ. ,Remove the three of diamonds.
निर्देश चलाएं,Debugger command:
खेल बदलें,Change Game
प्लग-इन दृश्य (% d) ,Plugin View (% d)
शीर्षकः,Header:
ब्लॉड और बर्नेट,Blondes and Brunettes
स्टाक में से पत्ता निकालें,Deal a card from stock
गनोम सॉलिटेयर,GNOME Solitaire
% s संबंध के लिए अन्योन्य गायब है,Missing reciprocal for% s relation
परियोजना तयशुदा,Project Defaults
लाल पान का दहला हटाएँ. ,Remove the ten of hearts.
कार्य (_ T) ,_ Tasks
मानक माॅनीकर फैक्ट्री,Standard error:
तिक्की मिटाएँ,Remove the threes
चुनी गई पंक्तियां,Selected rows
कोई संकेत अभी उपलब्ध नहीं है,No hint available right now
मान,Value
#-#-#-#-#anjuta2. HEAD. hi. po (anjuta2 VERSION) #-#-#-#-#फाइल #-#-#-#-#gedit. gnome-2-2. hi. po (gedit VERSION) #-#-#-#-#फाइल #-#-#-#-#libbonoboui. HEAD. hi. po (libbonoboui 2. x) #-#-#-#-#फाइल (_ F) #-#-#-#-#libgnomeui. HEAD. hi. po (libgnomeui HEAD) #-#-#-#-#फाइल #-#-#-#-#nautilus. HEAD. hi. po (nautilus 2. x) #-#-#-#-#फाइल,File
प्रथम आधार ढेर हेतु अतिरिक्त में से एक ताश का पत्ता चुनें,Select a card from the reserve for first foundation pile
हाल में खेला गया (_ R) ,_ Recently Played
श्रेणी,Category
अगला ढूंढें (_ N) ,Find _ Next
आकार,Size
सभी चुनें,Select All
लाल पान का गुलाम,the jack of hearts
टेरेस,Terrace
% s गायब नाम या सूचक,% s missing name or label
अद्यतन,Up - to - date
~ a को पट्ट से बाहर ले जाएँ,Move ~ a off the board
ईंट का इक्का,the ace of diamonds
जब व्यवसायी न हो तो हाट और शासक भी वह काम करते हैं,"When without a stapler, a staple and a ruler will work"
रेखांकित,Underline set
हाइपरपाठ,H _ ypertext
~ a को एक लाल पान का दुक्का पर ले जाएँ,Move ~ a onto the two of hearts.
सत्यापन,V _ alidate
डिफ़ॉल्ट,Default
माॅड्यूल फाइल नाम,Rule name:
पिछला दस्तावेज़,Previous Document
"""% s"" को खोल रहे. My tools (output) ",Opening% s
नमूना क्रिया,Sample action
एस्केलेटर,Escalator
पंक्ति,Line
मौजूदा चयन,Current selection
~ a को एक खाली नीचे स्लॉट में ले जाएँ. ,Move ~ a onto an empty bottom slot.
"% d% d ""in this string this to""% Id% d% d%%%%% ""(U + 0025 PERCENT SIGN) you do NOT need to escape it with another""% ",% d
उपयोक्ता द्वारा कमांड रद्द,Command canceled by user
"इस समय जिसे प्राप्त किया गया हो, उसकी विभिन्न विधियों (मेथड) में विचरण करें",Browse the various methods of the current accessible
चुने गए अनुप्रयोग,Selected application
लाल पान की नहला के बगल में लाल पान के अट्ठा को रखें. ,Place the nine of hearts next to the eight of hearts.
खोलें,_ New...
लाग आन की जानकारी,General Information:
प्लगिन चुनें,Select a file
/ बुकमार्क संशोधन,Clear bookmarks
रोकें,Stop:
जापानी,Japanese
बिन्यासः,Confirm the following information:
कंट्रोल,Ctrl
दृश्य _ (V) ,_ View
क्रियान्वित करें,Execute
बार बार पूछे जाने वाले प्रश्न (_ F) ,_ Frequently Asked Questions
चीनी पारम्परिक,Chinese Traditional
पथ,Path
एकार्डियन,Accordion
सारांश,Summary
हुकुम का चव्वा,the four of spades
ताश के खेलः,Card games:
कोः,To:
मान,Value
लाल पान का दहला हटाएँ. ,Remove the ace of hearts.
Acard symbol,A
~ a को एक क्लब का इक्का पर ले जाएँ,Move ~ a onto the ace of clubs.
पंक्ति संख्या प्रदर्शित करें,Show / Hide line numbers
डील (_ D) ,_ Deal
चालीस चोर,Forty Thieves
चयन सीमा,Selection background:
कर्नल,Kernel Signals
यह खेल कोई संकेत उपलब्ध कराने में असमर्थ है. ,This game is unable to provide a hint.
के बारे में (_ A) ,_ About
लाल पान का इक्का,the ace of hearts
अपारिभाषित,undefined
% s किसी समुच्चय का सदस्य नहीं है,% s does not belong to a set
कार्ड चालों में एनीमेशन उपयोग करें या नहीं,Whether or not to animate card moves
विन्यास विकल्पः,Configure Options:
पीछे,Brace
दोषसुधार,Debug
सभी चुनें,Select All
मिटाएं... (_ R) ,_ Remove...
नहीं लिखें,No write
"इस समय जिसे प्राप्त किया गया हो, उसकी विभिन्न विधियों (मेथड) में विचरण करें",Browse the various methods of the current accessible
हुकुम का दुक्का,the two of spades
हाइलाइट किया गया भराई का रंग और पारदर्शिता। ,The color and opacity of the highlight fill.
नहला मिटाएँ,Remove the nines
संदेश प्रबंधक,Message Manager
चिपकाएँ (_ P) ,_ Paste
C सोर्स,_ Source
भिन्न प्रकार के सॉलिटेयर खेल खेलें,Play many different solitaire games
एलडीटीपी,LDTP
“% s” खेल आरंभ नहीं कर सका,Cannot start the game “% s”
"% d% d ""in this string this to""% Id% d% d%%%%% ""(U + 0025 PERCENT SIGN) you do NOT need to escape it with another""% ",% d
मौजूदा मान,Current value
युकान,Yukon
स्थान-विशिष्ट,Locale
7number,7
विन्यास विकल्पः,Configure Options:
मदद,_ Help
ज़ेनेरिक,Generic
फाइल का नाम ढूंढो,Task Manager
#-#-#-#-#gnome-media. HEAD. hi. po (gnome-media 2.0) #-#-#-#-#सर्वर #-#-#-#-#gnome-utils. gnome-2-2. hi. po (gnome-utils 2.0) #-#-#-#-#सरवर,Step O _ ver
जोकरcard symbol,JOKER
प्रोजेक्ट प्लान,Project name:
लाल जोकर,red joker
~ a को चिड़ी का दहला पर ले जाएँ,Move ~ a onto the ten of clubs.
#-#-#-#-#balsa. HEAD. hi. po (Balsa 2. x) #-#-#-#-#हटाओ #-#-#-#-#gnome-desktop. HEAD. hi. po (gnome-desktop VERSION) #-#-#-#-#हटाएं #-#-#-#-#gnome-session. HEAD. hi. po (gnome-session VERSION) #-#-#-#-#हटाएं #-#-#-#-#gnome-utils. gnome-2-2. hi. po (gnome-utils 2.0) #-#-#-#-#हटाओ #-#-#-#-#nautilus. HEAD. hi. po (nautilus 2. x) #-#-#-#-#हटाएँ,_ Remove
आप पंजा के लिए खोज रहे हैं. ,You are searching for a five.
% s का कोई पाठ अंतराफलक नहीं है,% s has no text interface
प्रोजेक्ट बिल्ड करें (_ B) ,_ Build Project
चिड़ी की दुक्की,the two of clubs
ताश को उलटे खिसका कर देखें,Try moving a card to the reserve
रविशंकर श्रीवास्तव (raviratlami @yahoo. com) राजेश रंजन (rajeshkajha @yahoo. com) ल. बालसुब्रमण्यम (l. balasubramaniam @gmail. com) ,translator - credits
डेस्कटॉप,Desktop
प्लग-इन त्रुटियांviewport,Plugin Errors
"फोकस योग्य% s में सारणी अंतराफलक है, लेकिन कोई चयनीय अंतराफलक नहीं हैbutton has focused state without focusable state","focusable% s has a table interface, but not a selection interface"
छपाई,Print
प्रोफाईलिंग पुन सेट करें,Code folding
सभी,Everything
वेब,Web
लाल जोकर,the red joker
टिप्पणीः,Comment:
स्मार्ट हाशिया,Smart Indentation
यह खेल कोई संकेत उपलब्ध कराने में असमर्थ है. ,This game is unable to provide a hint.
मौजूदा चयन,Cut the selection
ताश बांटना बाकीः ~ a,Redeals left: ~ a
सीमांत रंगः,Border color:
नाम,Name
प्रोजेक्ट सहायक,Project Assistant
चिड़ी का बादशाह,king of clubs
जोकर मिटाएँ,Remove the jacks
~ a को एक खाली शीर्ष खाँचा में ले जाएँ,Move ~ a onto an empty top slot.
अस्थायी स्पॉट उपयोग स्वीकारें,Allow temporary spots use
एनीमेशन,Animations
सामान्य प्रोजेक्ट सूचना,General Project Information
एस्लेरियॉट,AisleRiot
प्रक्रिया में जोड़ें,Attaching to process:% d…
एपीआई विचरक,API Browser
क्या आपने मदद फ़ाइल पढ़ ली है? ,Have you read the help file?
& lt; bgt; सारणी सूचनाlt;/bgt; ,Table Information
आप एक तिग्गी के लिए खोज रहे हैं. ,You are searching for a three.
बहुत अधिक चयनीय शिशु हैं,Too many selectable children
डील (_ D) ,_ Deal
प्रोजेक्ट साफ करें (_ C) ,_ Clean Project
डैरक्टरी चुनो,Select Files to Ignore:
मूल में वापस करें (_ R) ,_ Revert to Original
अनियत चौड़ाई,Visible
क्या विंडो सबसे बड़े आकार का होना चाहिए,Whether the window is maximized
बेकर्स दर्जन,Bakers Dozen
अछर,_ Line End Characters
अनुप्रयोग,Ap _ plication
~ a को एक हुकुम का चव्वा पर ले जाएँ,Move ~ a onto the four of spades.
स्तर,Layer
देखने का स्रोत,View Source
लोड,Load
आधार ढेर,the foundation pile
सीधा ऊपर,Straight Up
अंतिम प्रविष्ट घटना को हाइलाइट करो,Highlight last event entry
अज्ञात,unknown
चुनें (_ S) ,_ Select
गुपत अक्षर (_ P): ,Remember this decision
चुने गए एक्सेसेबेल,Selected accessible
तेज चुनाव,Quick Select
स्कीमाः,Sche _ ma:
मौजूद प्लगिन,Available Plugins
& lt; bgt; चुनी गई कोशिकाlt;/bgt; ,Selected Cell
वृश्चिक,Scorpion
तुल्यकालन URI,Synchronization file
इस खेल में अब तक कोई संकेत समर्थन उपलब्ध नहीं है. ,This game does not have hint support yet.
परियोजना नामः,Project name
प्रिंट पूर्व दर्शन,Print preview
डायरेक्टरी का निर्माण करें,Choose file or directory to commit:
अंतर्क्रियात्मक% s कार्रवाई करने योग्य नहीं है,interactive% s is not actionable
रिपोर्ट करें (_ R) ,_ Report
जावा सोर्स कोड,Java Source File
श्रेणी,Program to test:
लीक चेकः,Leak check:
स्थिति-पट्टी दिखाएँ या नहीं,Whether or not to show the status bar
देख रहा है% s,Goto symbol
स्टाक में से पत्ता निकालें,Deal a card from stock
आसंधि (नोड) को ताजा करें (_ N) ,Refresh _ Node
क्या विंडो सबसे बड़े आकार का होना चाहिए,Whether the window is maximized
इस खेल के लिये सहायता दिखायें,View help for this game
चिल्ड्रन,Children
वेलेंटाइन,Valentine
जोकरcard symbol,JOKER
दरी,Carpet
~ a को चिड़ी का सत्ता पर ले जाएँ,Move ~ a onto the seven of clubs.
मान बदलें,Change Value
सूची में दिखाएँ,_ Show Log
पिछली क्रिया रद्द करें,Undo the last action
मान,Val _ ue
एक जैसे पत्ते,Same suit
ब्लॉड और बर्नेट,Blondes and Brunettes
पृष्ठभूमि का रंगः,Background color:
प्लग-इन दृश्य,Plugin View
स्वयं,Self
भाषा प्रबंधक,Language Manager
ध्वनि (_ S) ,_ Sound
कुछ,something
C/C + +/Java/Vala,C / C + + / Java / Vala
मदद (_ H) ,_ Help
ऊपर जायें,Move Up
परियोजना तयशुदा,Project Defaults
Acard symbol,A
~ a को एक हुकुम का सत्ता पर ले जाएँ,Move ~ a onto the seven of spades.
हुकुम का दहला हटाएँ. ,Remove the queen of spades.
हुकुम का दहला,the ten of spades
पाँच मूलाधार,Five Foundations
घटनाओं हेतु ध्वनि बजाएँ या नहीं. ,Whether or not to play event sounds.
अनुप्रयोग,Ap _ plication
सहेज रहे हैं,Saving
सभी चुनें,Select All
लाल पान की अट्ठा के बगल में लाल पान के सत्ता को रखें. ,Place the eight of hearts next to the seven of hearts.
संस्थापित करें (_ I) ,Install
बाल्सा को कान्फिगर करो,Configure external packages:
चिड़ी का पंजा,the five of clubs
घटक,Component
नया फ़ाइल,New File
जोड़ने के लिए रंग निश्चित करें,Choose file or directory to add:
पंक्ति संख्या,_ Line Number Margin
मदद,Help
हुकुम की सत्ता के बगल में हुकुम के छक्का को रखें. ,Place the seven of spades next to the six of spades.
n/a,n / a
दहला मिटाएँ,Remove the tens
शीर्ष पैनल pluginview के लिए लेआउट. ,The layout for the top panel pluginview.
आगे,Forward
भूलभुलैया,Labyrinth
उपकरण-पट्टी (_ T) ,_ Toolbar
"एक्सेर्साइसर सर्वाधिकार (c) 2006,2007 आईबीएम निगम (बीएसडी) ","accerciser Copyright (c) 2006, 2007 IBM Corporation (BSD)"
पत्तों के ढेर को आसपास ले जाने की कोशिश करें,Try moving card piles around
चिड़ी की नहला के बगल में चिड़ी के अट्ठा को रखें. ,Place the nine of clubs next to the eight of clubs.
~ a को एक लाल पान का सत्ता पर ले जाएँ,Move ~ a onto the seven of hearts.
~ a को एक लाल पान का अट्ठा पर ले जाएँ,Move ~ a onto the eight of hearts.
क्या आपने मदद फ़ाइल पढ़ ली है? ,Have you read the help file?
आर्गुमेंट्सः,Arguments:
एस्लेरियॉट,AisleRiot
अवधि को हाइलाइट रकें,Highlight duration
प्रोफ़ाइल नाम,Profile Name
~ a को चिड़ी की तिक्की पर घुमाएँ. ,Move ~ a onto the three of clubs.
चाल वापस लें (_ U) ,_ Undo Move
लाग आन की जानकारी,User information
ढूंढ रहा है... ,Searching...
सॉलिटेयर के बारे में,About Solitaire
ढूंढें (_ F)... ,_ Find...
प्लग-इन जिसमें हैं एक्सेसेबेलों को तेजी से चुनने के लिए कई विधियां,Plugin with various methods of selecting accessibles quickly.
एक और पत्ता बाँटें,Deal another card
तीन पत्ते बांटें,Three card deals
डिफ़ॉल्ट,Default
लाल पान का दहला हटाएँ. ,Remove the queen of hearts.
अज्ञात पत्ता,Remove the unknown card.
अंकः,Score:
हुकुम का चव्वा,four of spades
न्यासslot type,foundation
पश्चिमी,Western
निगरानी,_ Branches
चिड़ी की दुक्की के बगल में चिड़ी के इक्का को रखें. ,Place the two of clubs next to the ace of clubs.
हुकुम का पंजा,the five of spades
#-#-#-#-#balsa. HEAD. hi. po (Balsa 2. x) #-#-#-#-#टर्कीश #-#-#-#-#gnome-applets. gnome-2-2. hi. po (gnome-applets 2. x) #-#-#-#-#तुर्कीष,Turkish
शैल निर्देश,GUI editor command:
GTKmm,GTKmm
इस प्लगइन के लिए कोई वर्णन उपलब्ध नहीं है,No properties available for this target
~ a को ~ a के बगल में रखें. ,Place the ~ a next to ~ a.
अत्यावश्यक,Urgent
"चुने गए प्रकारों और स्रोतों से घटनाएं जैसे-जैसे घटित होती हैं, उन्हें दर्शाता है",Shows events as they occur from selected types and sources
प्रोजेक्ट,Project Type
चलाने वाली वस्तु नहीं,Not a launchable item
गलियां और चौबारा,Streets And Alleys
निरपेक्ष स्थिति,Absolute position
नमूना फाइल आपरेशन,Shared library operations
वर्तमान फ़ाइल एक भिन्न नाम से सहेजें,Save the current file with a different name
यूनानी,Greek
कार्रवाई (_ o) ,Acti _ on
अनुप्रयोग की पहुंचनीयता का सत्यापन करता है,Validates application accessibility
डिबग करें (_ D) ,_ Debug
मौजूदा बफर,Insert into buffer
टिप्पणीः परिवर्तन सत्रांत (लोगआउट) के बाद ही प्रभाव में आएंगे। ,Note: Changes only take effect after logout.
आउटपुट छोड़ें,Discard output
make (\\ [\\d + \\])?: \\s + Entering\\s + directory\\s + `(. +) ',make (\\ [\\d +\\])?: \\s + Entering\\s + directory\\s + `(. +) '
आठ बन्द,Eight Off
छवि (_ I) ,_ Image
एपीआई विचरक,API Browser
खाली,Idle
पूर्णस्क्रीन,Fullscreen
Copyright (c) Naba Kumar,Copyright (c) Naba Kumar
एकल लेआउट दृश्य,Single layout view
प्रोजेक्ट बिल्ड करें (_ B) ,_ Build Project
मुख्य वर्ग,Main class
फाईल% s पहले से उपस्थित है क्या आप इसे पुनर्लेखित करना चाहते हैं,The file '% s' already exists. Do you want to replace it with the one you are saving?.
ईंट का नहला के बगल में ईंट का अट्ठा को रखें. ,Place the nine of diamonds next to the eight of diamonds.
सब से बुराः,Worst:
कोई संकेत अभी उपलब्ध नहीं है,No hint available right now
इसाबेल,Isabel
खाली तस्वीर खाँचा पर पत्तों को ले जाएँ,Move a build of cards on to the empty Tableau slot
निजी,Personal
मिटाने की पुष्टि करें,Confirm clear
नामः,Name:
स्रोतः,Add Source
फाइलनाम बदलें,Reload F _ ile
एस्लेरियॉट के बारे में,About AisleRiot
खेल सांख्यिकी दिखायें,Show gameplay statistics
चिपचिपा,Stock
प्रवेश सहायक,Lo _ gin Helper
Acard symbol,A
डैरक्टरी चुनो,Select Files to Ignore:
लाल पान का अट्ठा,the eight of hearts
एस्लेरियॉट,AisleRiot
जाएँ अगली स्थिति पर जहां पहले जा चुके हैं,Goto next history
कॉपी करें (_ C) ,_ Copy
अंतराष्ट्रीयकरण जोड़ेंः,Add internationalization:
ज़ूम,Zoom
प्रारंभ,Started
Anjuta परिचय,About Anjuta
यह खेल कोई संकेत उपलब्ध कराने में असमर्थ है. ,This game is unable to provide a hint.
छोड़ रहा हैः% s,Leaving:% s
पसंद (_ B) menu,_ Bookmarks
रुक गया,Stopped
औजार चुनेंः,Select Tool:
1number,1
लाल पान का गुलाम,the jack of hearts
पसंद जोड़ें... (_ A) ,_ Add Bookmark...
स्टॉक में से ~ a को तस्वीर में खाली स्लॉट पर ले जाएँ,Move ~ a from the stock to an empty edge or tableau slot
जीताः,Wins:
प्रसंग फाइल नाम,Theme file name
वर्तमान फ़ाइल एक भिन्न नाम से सहेजें,Save the current file with a different name
आरक्षितslot type,reserve
स्थिति,Position
लाल पान की तिक्की,the three of hearts
एकल प्लग-इन दृश्य,_ Single plugins view
प्रोफाइल प्लगिन,Profile Plugins
एक पत्ता या पत्तों के समूह खाली खाँचा पर ले जाएँ,Move a card or build of cards on to the empty slot
भाषा,Length
अपवाद,EXCEPT
लाल जोकर,red joker
कोई डील फिर नहीं,No redeals
खेलें “% s”,Play “% s”
सारे मेनू मूल जमावट में वापस करें? ,Revert all menus to original settings?
1number,1
चलाएँ,Execute
आईपाइथन कन्सोल,IPython Console
परियोजना नामः,GbfProject Object
सहेज रहे हैं,Saving
लाइसेंस,No License
#-#-#-#-#gedit. gnome-2-2. hi. po (gedit VERSION) #-#-#-#-#वर्तमान फाइल को एक भिन्न नाम से संग्रहित करें #-#-#-#-#libgnomeui. HEAD. hi. po (libgnomeui HEAD) #-#-#-#-#वर्तमान फाइल को दूसरे नाम से संग्रहित करें,Save the current file with a different name
सक्रिय प्लगिन,Activated plugins
मकड़ी,Spider
खाली खाँचा में कुछ ले जाने के बारे में विचार करें,Consider moving something into an empty slot
सुरक्षित खाँचा पर बेकार को ले जाएँ,Move waste on to a reserve slot
संबंधित कार्रवाई के लिए hotkey संयोजन. ,Hotkey combination for related action.
आइकन फाइलः,Icon File:
तिहरी चोटी,Triple Peaks
खाली खाँचा में कुछ ले जाने के बारे में विचार करें,Consider moving something into an empty slot
लाल पान की चव्वा के बगल में लाल पान के तिक्की को रखें. ,Place the four of hearts next to the three of hearts.
बेगम मिटाएँ,Remove the queens
~ a को एक लाल पान का नहला पर ले जाएँ,Move ~ a onto the nine of hearts.
अज्ञात,Unknown
बचा मालः 0,Stock left: 0
पूरा प्रोजेक्ट बिल्ड करें,Build whole project
बटन की टागल अवस्था,Single step out of the function
/ View/Todo List/Hide Items without an end date,/ View / Hide Items that Are Past Due Date
फेंटें मोड,Shuffle mode
किला,Fortress
आर्गुमेंट्सः,Arguments:
एक फाइल प्रविष्ट करें,Insert a switch template
विकल्पों को सन्ग्रहित करे,Max. Actions
अट्ठा मिटाएँ,Remove the eights
% s का कोई पाठ अंतराफलक नहीं है,% s has no text interface
चुनी गई आसंधियों (नोड) के शिशुओं को ताजा करें,Refresh selected node 's children
वस्तु का संपादन करें,Edit Item
चाल फिर चलें (_ R) Reset,_ Redo Move
सभी मिलानों को बदलें,Replace all matches
रिडील पर बेतरतीब रूप से रखा गैप्स,Randomly Placed Gaps on Redeal
शीर्ष पैनल pluginview के लिए लेआउट. ,The layout for the top panel pluginview.
वरीय प्लगिन,Preferred plugins
सभी बंद करें,Colors & Fonts
विविध,Misc
लाल पान का बादशाह हटाएँ. ,Remove the king of hearts.
सारणी सूचना,Table Information
एक हाथ और बांटें,Deal another hand
मान,Val _ ue
चिड़ी का चौवा,the four of clubs
पत्ते बाँटें,Deal the cards
स्पाइडर तीन डेक,Spider Three Decks
#-#-#-#-#gedit. gnome-2-2. hi. po (gedit VERSION) #-#-#-#-#खोजें #-#-#-#-#gnome-utils. gnome-2-2. hi. po (gnome-utils 2.0) #-#-#-#-#ढूंढो #-#-#-#-#gtkhtml. HEAD. hi. po (GtkHTML 2. x) #-#-#-#-#ढूंडो #-#-#-#-#nautilus. HEAD. hi. po (nautilus 2. x) #-#-#-#-#खोजें,Find:
कार्य,Task
"% s जिस पर कार्रवाई हो सकती है, वह न तो फोकस करने योग्य है न ही चयनीय",actionable% s is not focusable or selectable
हुकुम का दहला हटाएँ. ,Remove the two of spades.
न्यास,the foundation
#-#-#-#-#gedit. gnome-2-2. hi. po (gedit VERSION) #-#-#-#-#चिपकाएं #-#-#-#-#gnome-utils. gnome-2-2. hi. po (gnome-utils 2.0) #-#-#-#-#चिपकाओ #-#-#-#-#gtkhtml. HEAD. hi. po (GtkHTML 2. x) #-#-#-#-#चिपकाओ,Palette
जनरल का पेशेंस,General 's Patience
नया दृश्य... ,New View...
अद्यतन करें (_ U) ,_ Update
यूनानी,Greek
शीर्ष,Header _ shell
श्रेणी,Auto Purge
अंतिम प्रविष्ट घटना को हाइलाइट करो,Highlight last event entry
एक पत्ता या पत्तों के समूह खाली खाँचा पर ले जाएँ,Move a card or build of cards on to the empty slot
सौभाग्य,Fortunes
विजेट नहीं मिलाः% s,Widget not found:% s
इंटरफेस,Interface
"सिर्फ इसलिए कि हापस्काच बोर्ड पारपथ जैसे दिखता है, इसका मतलब यह नहीं कि वह यही है",Just because a crosswalk looks like a hopscotch board doesn 't mean it is one
प्रोग्राम चलाएँ,Kill program
फेंटें मोड,Shuffle mode
~ a को एक हुकुम की तिक्की पर ले जाएँ,Move ~ a onto the three of spades.
जोड़ा गया,Added
पासवर्डः,Password:
प्लग-इन दृश्य,Plugin View
फ्रीसेल,Freecell
कार्य प्रबंधक,Task Manager
वर्गः,Category:
ईंट की तिक्की,the three of diamonds
जेम्सटाउन,Jamestown
शतरंज,Chessboard
रविशंकर श्रीवास्तव (raviratlami @yahoo. com) राजेश रंजन (rajeshkajha @yahoo. com) ल. बालसुब्रमण्यम (l. balasubramaniam @gmail. com) ,translator - credits
प्रोजेक्ट बंद करें,Install whole project
ईंट की बेगम के बगल में ईंट के वादशाह को रखें. ,Place the king of diamonds next to the queen of diamonds.
अगला ढूंढें (_ N) ,Find _ Next
एकार्डियन,Accordion
ऐसे फाइल सहेजें,Save file as
श्रीमान् टॉमी,Sir Tommy
#-#-#-#-#gtk +. gtk-2-2. hi. po (gtk22 VERSION) #-#-#-#-#मोड (रूप) #-#-#-#-#libgnomeui. HEAD. hi. po (libgnomeui HEAD) #-#-#-#-#मोड,Mode
डैरक्टरी चुनो,Select file to add:
हुकुम की दुक्का के बगल में हुकुम के तिक्की को रखें. ,Place the four of spades next to the three of spades.
चिड़ी का पंजा,Move ~ a onto the five of clubs.
ब्रिस्टल,Bristol
सब से बुराः,Worst:
जेनेरिक Xlib प्रोजेक्ट,A generic minimal and flat project
चिड़ी की दुक्की,the two of clubs
कंट्रोल,Ctrl
रिमोट कड़ियों को नहीं चला सकता,Cannot execute gnome - terminal
ईंट का नहला,nine of diamonds
क्या विंडो पूर्ण स्क्रीन है,Whether the window is fullscreen
प्रोजेक्ट में सोर्स जोड़ें,Add a target to project
~ a को एक लाल पान का सत्ता पर ले जाएँ,Move ~ a onto the seven of hearts.
बतौर रूट संस्थापित करेंः,Install as root:
परियोजना,Project:
चिड़ी का बादशाह,the king of clubs
लाल पान का छक्का,the six of hearts
फाईल की संरचना,Configuration script segments
पूरी लाइन फेंटें,Deal a row
स्तर,Level
अज्ञात मान,Unknown value
उपकरण-पट्टी दिखाएँ या नहीं,Whether or not to show the toolbar
चाल फिर चलें (_ R) Reset,_ Redo Move
पैचेस,Patches
कार्ड चालों में एनीमेशन उपयोग करें या नहीं. ,Whether or not to animate card moves.
एग्नेस,Agnes
हटाएँ,Remove
दस्तावेज़,Man Documentation
गुण (_ P) ,_ Properties
चुनी गई कोशिका,Selected Cell
दांया मार्जिन,_ Code Fold Margin
चुने गए स्तंभ,Selected columns
बेकार के ऊपर के दो कार्ड का प्रयोग करें,Match the top two cards of the waste.
% d:% 02d,% d:% 02d
चिड़ी का गुलाम,the jack of clubs
"एक्सेर्साइसर सर्वाधिकार (c) 2006,2007 आईबीएम निगम (बीएसडी) ","accerciser Copyright (c) 2006, 2007 IBM Corporation (BSD)"
हुकुम की गुलाम के बगल में हुकुम के दहला को रखें. ,Place the jack of spades next to the ten of spades.
विकल्प,Options
शेष ताशः ~ a,Cards remaining: ~ a
जाएँ अगली स्थिति पर जहां पहले जा चुके हैं,Next Histor _ y
जोकरcard symbol,JOKER
फाइल (F) ,_ File
उन प्लग-इनों की सूची जिन्हें डिफोल्ट रूप से निष्क्रिय किया गया है,A list of plugins that are disabled by default
इस समय चुने गए एक्सेसेबेल से काम लेने के लिए अंतर्क्रियात्मक कन्सोल,Interactive console for manipulating currently selected accessible
डेस्कटोप,Des _ ktop
पूरा प्रोजेक्ट साफ करें,Clean whole project
फाइल% s संग्रहित नहीं की जा सकी,Could not save file% s:% s.
हुकुम का दहला,ten of spades
~ a को ~ a के बगल में रखें. ,Place the ~ a next to ~ a.
Generic gcj compiled java,Generic gcj compiled java
नियंत्रण की शैली का चयन करें,Select the style of control
दोषसुधार,Debug
Swap. h/. c,Swap. h /. c
डेवलेपर को इस बग को रिपोर्ट करें. ,Please report this bug to the developers.
हुकुम की बेगम,Move ~ a onto the queen of spades.
हुकुम का दहला हटाएँ. ,Remove the five of spades.
प्रोजेक्ट खोलें,Loaded Project... Initializing
इस प्रविष्टि में कितने कैरेक्टर्स के लिए स्थान छो़ड़ा जाए,Number of last characters to show:
मान,Value
दो,two
समायोजन,Settings
ईंट का अट्ठा,the eight of diamonds
चुनाव को हटाएं (C _) ,C _ lear Selection
अगली चाल हेतु संकेत प्राप्त करें,Get a hint for your next move
हुकुम का गुलाम,the jack of spades
छपाई,Print
~ a को एक ईंट का सत्ता पर ले जाएँ,Move ~ a onto the seven of diamonds.
कर्सर का रंग,Caret (cursor) color:
Generic C + + ,Generic C + +
प्रकारः,Mode:
कार्य डायरेक्टरी,Subversion: Diff file / directory
एक्सेर्साइसर पसंद,accerciser Preferences
लागू नहीं,N / A
#-#-#-#-#balsa. HEAD. hi. po (Balsa 2. x) #-#-#-#-#जारी रखें #-#-#-#-#gnome-session. HEAD. hi. po (gnome-session VERSION) #-#-#-#-#आगे करें,Condition
5number,5
पाइलेअन,Pileon
#-#-#-#-#gedit. gnome-2-2. hi. po (gedit VERSION) #-#-#-#-#काटें #-#-#-#-#gnome-utils. gnome-2-2. hi. po (gnome-utils 2.0) #-#-#-#-#काटो #-#-#-#-#gtkhtml. HEAD. hi. po (GtkHTML 2. x) #-#-#-#-#काटो,Cut
नाम,Name
हाइपरपाठ,H _ ypertext
डिफाल्ट बनाएं,Default
अंतर्क्रियात्मक% s कार्रवाई करने योग्य नहीं है,interactive% s is not actionable
~ a को एक खाली कोने स्लॉट में ले जाएँ. ,Move ~ a onto an empty corner slot.
चुनी गई आसंधियों (नोड) के शिशुओं को ताजा करें,Refresh selected node 's children
कार्य,Tasks
महत्वपूर्ण,Important
दिखाएं,/ _ View
उत्पन्न करें,Class Generator
% s को क्रियान्वित करने में असफल% d (% s) ,Unable to execute:% s.
रिडील पर बेतरतीब रूप से रखा गैप्स,Randomly Placed Gaps on Redeal
रेंडर के लिए पिक्सबफ,The pixbuf to render.
हुकुम का दुक्का,two of spades
घटना मानिटर,Event monitor
~ a को एक खाली फील्ड में ले जाएँ,Move ~ a to an empty field
वरीयताएं (_ P) ,_ Preferences
1number,1
ब्लाक दस,Block Ten
पुस्तक-चिह्न संपादित करें (_ E)... ,_ Bookmarks
स्पाइडर तीन डेक,Spider Three Decks
पूर्व संदेश (_ P) ,_ Previous Message
अंजूटा IDE,Anjuta IDE
पेज हैडर प्रिंट करें,Add a macro
ऊपरी पटल के लिए खाका,The layout for the top panel
उच्च,High
विस्तारः,Extents:
प्रोग्राम का नाम,Program attached
ब्लाक दस,Block Ten
फाइल,_ File
मादा मकड़ी,Spiderette
मत रिपोर्ट करें (_ D) ,_ Don 't report
खोजें,Search
अंजूटा symbol ब्राउजर फैक्ट्री,Symbol browser popup actions
प्रविष्ट,INS
सक्रिय,Active
~ a को एक लाल पान की तिक्की पर ले जाएँ,Move ~ a onto the three of hearts.
ईंट का दहला हटाएँ. ,Remove the ten of diamonds.
सांख्यिकी% Id% d,Statistics
परियोजना विकल्प,Project options
स्कीमाः,Sche _ ma:
लाल पान का गुलाम,jack of hearts
टिप्पणी,_ Commit...
ताश शैली (_ C) ,_ Card Style
भूल भुलैया,Maze
प्रतीक,Symbol
एक पत्ते बांट,Single card deals
फ्रीसेल,Freecell
आवरण,Cover
तेज चुनाव,Quick Select
संस्करण,Version
उत्तमः,Best:
एक फाइल प्रविष्ट करें,Header File _ Template
सिस्टमः,System:
एक अंतर्क्रियात्मक पाइथन पहुंचनीयता अन्वेषक,An interactive Python accessibility explorer
डिबग (खराबी दूर करें) ,Debugger
सूचना,INFO
बुकमार्क जोड़ें (A) ,Toggle Bookmark
एपीआई विचरक,API Browser
एक से अधिक विडजेट फोकस में है,more than one focused widget
सोर्स हटाएं,_ Remove Editor View
चेतावनीः,warning:
ईंट का बेगम के बगल में ईंट का गुलाम को रखें. ,Place the queen of diamonds next to the jack of diamonds.
~ a को ईंट की तिक्की पर घुमाएँ. ,Move ~ a onto the three of diamonds.
एस्लेरियॉट सॉलिटेयर,Aisleriot web site
नया फिल्टर,New file
के साथ खोलेंः,Open with:
इस फाइल में परिवर्तित किया गया है क्या आप इसे पुनः लोड करना चाहते हैं? ,The file '% s' on the disk is more recent than the current buffer. Do you want to reload it?
चिड़ी की चौवा के बगल में चिड़ी के तिक्की को रखें. ,Place the four of clubs next to the three of clubs.
स्रोतः,Source:
जीताः,Wins:
बदलाव वापस लें? ,Revert Changes?
बदलाव त्यागें (_ D) ,_ Discard changes
बचा भंडारः ~ a,Stock remaining: ~ a
परिवर्धित,Modified
और ताश बांटें,Deal more cards
चुनें (_ S) ,_ Select
% u फाइल्स,Output files
अधिकतम मान,Maximum value
स्थितिः,Position:
सार्वत्रिक फटाफट कुंजियां,Global Hotkeys
ओफसेट,Offset
इन्टरनेट,Interrupt
सताने वाला किला,Beleaguered Castle
संपादित करेंmenu,_ Edit
आंट मेरी,Aunt Mary
नीचे के पैनल के लिए लेआउट,The layout for the bottom panel
सफलतापूर्वक फ्लापी को फार्मेट किया,File saved successfully
Anjuta शेल,Anjuta Shell
अगला संदेश,Next mesg
सताने वाला किला,Beleaguered Castle
नया,New
जी टी के रचना,Project manager actions
लाल पान की बेगम,queen of hearts
संग्रह,Col _ lection
विकल्प,Options
पैरामीटर्सः,Parameters
प्रोजेक्ट उपलब्ध नहीं है,Program '% s' does not exists
रंग,Colour
औजार (_ T) ,_ Tools
बदलाव,Edit
ईंट का गुलाम,the jack of diamonds
टूल्स,Tools
Anjuta वरीयता,Anjuta Preferences
लोड किया,Loaded
लाल पान का पंजा,the five of hearts
संस्करण नियंत्रण सिस्टम प्लगिन,A version control system plugin
आधार पत्ताः बादशाह,Base Card: King
फ़ाइल को मत जोडे (_ x) ,_ Build a file:
क्लिक करके ताश ले या छोड़ें,Pick up and drop cards by clicking
संदेश अनुवाद करें,Translate messages
विकल्प,Valgrind
आधार पत्ताः जोकर,Base Card: Jack
~ a को एक खाली तस्वीर खाँचा पर ले जाएँ. ,Move ~ a onto an empty tableau slot.
स्कीमाः,Sche _ ma:
क़िस्म,Type
जोकरcard symbol,JOKER
प्रकटन,Appearance
प्रयोक्ता,User
स्वयं से,itself
ब्राउज़... ,Browse…
एक फाइल खोलें,Open recent file
टर्मिनल में चलाएं,_ Terminal:
~ a को हुकुम का बादशाह पर घुमाएँ. ,Move ~ a onto the king of spades.
चाल फिर चलें (_ R) Reset,_ Redo Move
जी टी के रचना,Project Configuration
भारी भरकम,Jumbo
एड़ीशनल टेक्स्ट,Additional
हुकुम की तिक्की,three of spades
काल ग्राफ,Graph
एक सूट,One Suit
ऑस्मोसिस,Osmosis
घटक,Component
काटो चुने हुए को क्लिपबोर्ड पर काटो,Show clipboard
आवरण,Cover
फ्रीसेल,Freecell
हुकुम की तिक्की,three of spades
कोई तारीख़ नहीं,No Date
बाज पंख,Eagle Wing
हीरा खदान,Diamond Mine
आर्गुमेंट्स,Arguments
श्रेणी,Session:
उपज,Yield
समय% Id% d,Time
खाली,Year
लाल पान का दहला हटाएँ. ,Remove the three of hearts.
लाल पान का अट्ठा,the eight of hearts
मूल,Basic
संपादक,Editor
अनुप्रयोगः,Application:
ईंट का दहला हटाएँ. ,Remove the queen of diamonds.
वृश्चिक,Scorpion
आईडी,ID
लाल पान की अट्ठा के बगल में लाल पान के सत्ता को रखें. ,Place the eight of hearts next to the seven of hearts.
प्रोजेक्ट संस्थापित करें (_ I) ,Install directory:
हाथापाई,Scuffle
घटना मानिटर,Event Monitor
ब्रेकपाइंट को समायोजित करें,Add a breakpoint
~ a को काला जोकर पर ले जाएँ. ,Move ~ a onto the black joker.
संस्थापित करें (_ I) ,_ Install
% s आरक्षितstockslot hint,% s on reserve
खाली अस्थायी खाँचा पर पत्ता ले जाएँ,Move a card to an empty temporary slot
कंसोल में छापें,Do not show hidden files
एपीआई विचरक,API Browser
हुकुम का सत्ता,seven of spades
गुणः,Attributes:
ईंट का चव्वा,Move ~ a onto the four of diamonds.
प्रगतिशील राउंड,Progressive Rounds
आल्ट,Alt
CVS प्लगिन,CVS Plugin
फाइल% s संग्रहित करें,Saving file...
रूकें,Stop
समयSeconds,Time
ईंट का पंजा,five of diamonds
और ताश बांटें,Deal more cards
हिस्से,Function Name
लाल पान का गुलाम,jack of hearts
सौभाग्य,Fortunes
खोजें,Searching
अज्ञात पत्ता,face - down card
नाम,Name
रिडील पर बेतरतीब रूप से रखा गैप्स,Randomly Placed Gaps on Redeal
एक खाली फाउन्डेशन स्लाट,an empty foundation slot
लपेट,Plait
सीहैवन,Seahaven
पत्तों हेतु ग्राफ़िक्स सहित फ़ाइल का नाम. ,The name of the file with the graphics for the cards.
सांख्यिकी,Statistics
डिफोल्टों को शामिल करें,Include defaults
पैरामीटर्सः,Parameters:
कार्य प्रबंधक,Task Manager
हुकुम का सत्ता,the seven of spades
एक खाली चित्र जगह,an empty tableau place
ईंट का छक्का,the six of diamonds
नामः,Name:
ईस्टहैवन,Easthaven
मुख्य मेन्यू,Main Menu
चिड़ी का दहला,the ten of clubs
ऐसे फाइल सहेजें,Save file as
UI कानफिगर करें,Running...
आवाज चालू करें,Enable files autosave
स्थितिः,Position:
विकल्प,Options
शेष ताशः ~ a,Cards remaining: ~ a
#-#-#-#-#gedit. gnome-2-2. hi. po (gedit VERSION) #-#-#-#-#वर्तमान फाइल को संग्रहित करें #-#-#-#-#libgnomeui. HEAD. hi. po (libgnomeui HEAD) #-#-#-#-#वर्तमान फाइल संग्रहित करें,Set current thread
Anjuta,Anjuta
ईंट का दुक्का,Move ~ a onto the two of diamonds.
दस आरपार,Ten Across
मैं सुनिश्चित नहीं हूं,I 'm not sure
चिड़ी का इक्का,the ace of clubs
खाली तस्वीर खाँचा पर पत्तों को ले जाएँ,Move a build of cards on to the empty Tableau slot
फ़ाइलों को जोडे,Add Item
% s को क्रियान्वित करने में असफल% d (% s) ,Failed to delete% s.
सभी बंद करें,_ Close All Folds
सोल,Sol
"% s में% s स्थिति है, पर उसके साथ% s स्थिति नहीं है",% s has% s state without% s state
चिड़ी की तिक्की,three of clubs
"सिर्फ इसलिए कि हापस्काच बोर्ड पारपथ जैसे दिखता है, इसका मतलब यह नहीं कि वह यही है",Just because a crosswalk looks like a hopscotch board doesn 't mean it is one
प्रगतिशील राउंड,Progressive Rounds
ई-मेल पता,User email address
स्तर,Layer
recent menu label,_% d.% s
आकार,Size
संस्थापित करें (_ I) ,_ Install
सत्र,Stash Message (Optional)
4number,4
रॉयल ईस्ट,Royal East
"यह प्रायः होता है जब आप एसलिरियोट के पुराने संस्करण को चलाते हैं जिसने खेल नहीं खेला है जो आप अंतिम में खेले हैं. मूलभूत खेल, Klondike, बदले में आरंभ हो रहा है. ","This usually occurs when you run an older version of Aisleriot which does not have the game you last played. The default game, Klondike, is being started instead."
बदलाव वापस लें? ,Revert Changes?
Git संस्करण नियंत्रण,Git version control
Anjuta शेल,Anjuta Shell
पैकेज,Package
उन प्लग-इनों की सूची जिन्हें डिफोल्ट रूप से निष्क्रिय किया गया है,A list of plugins that are disabled by default.
#-#-#-#-#balsa. HEAD. hi. po (Balsa 2. x) #-#-#-#-#आगे बढ़ाएँ #-#-#-#-#nautilus. HEAD. hi. po (nautilus 2. x) #-#-#-#-#आगे करें #-#-#-#-#yelp. HEAD. hi. po (Yelp 2.0) #-#-#-#-#आगे बढ़ना,Forward
मौजूदा चयन,Current selection
ईंट का दहला हटाएँ. ,Remove the three of diamonds.
बाज पंख,Eagle Wing
तारीख़,Date
स्थान-विशिष्ट,Locale
~ a को अज्ञात पत्ता से बाहर ले जाएँ,Move ~ a onto the unknown card.
निरीक्षण हटाओ,Remove Watch
लाल पान की तिक्की के बगल में लाल पान के दुक्का को रखें. ,Place the three of hearts next to the two of hearts.
कॉपी करें (_ C) ,_ Copy
कालटिप्स दिखाएँ,Show calltips
ठहरें (_ P) ,_ Pause
रेडहेड,Redheads
निचला पटल,Bottom panel
खेलें “% s”,Play “% s”
डेक में से पत्ता निकालें,Deal a card from the deck
ताश बांटना बाकीः,Redeals left:
लोड किया सत्र... ,Loaded Session…
स्रोत,Source
सभी फ़ाइल का चयन करे,Select Valgrind Target
प्रकटन,Appearance
लाल पान की गुलाम के बगल में लाल पान के दहला को रखें. ,Place the jack of hearts next to the ten of hearts.
साइरिलिक/रूसी,Cyrillic / Russian
स्वचालित,Autoplay
C + + और जावा सपोर्ट प्लगिन,C + + and Java support Plugin
चेतावनी,WARN
अंतराफलक दर्शक,Interface Viewer
उपयोक्ता द्वारा कमांड रद्द,Command canceled by user
सफेदसिर (व्हाइटहेड) ,Whitehead
वर्तमान दस्तावेज में शैल आउटपुट को प्रविष्ट करें,Go to the start of the current block
"इस समय जिसे प्राप्त किया गया हो, उसकी विभिन्न विधियों (मेथड) में विचरण करें",Browse the various methods of the current accessible
आधार पत्ताः बादशाह,Base Card: King
औजार बक्सा,Toolkit
हुकुम का बादशाह,king of spades
चिड़ी का चौवा,four of clubs
परियोजना प्रबंधक,Project Manager
ताश प्रसंग इंस्टाल करें... ,Install card themes…
पाठ (_ x) ,Te _ xt
फाइल नष्ट करें,Remember this selection
एग्नेस,Agnes
नया कार्ड डील करें,Deal a new card
हाइपरपाठ,H _ ypertext
भिन्न प्रकार के सॉलिटेयर खेल खेलें,Play many different solitaire games
एक नहला को आप ढूंढ रहे हैं. ,You are searching for a nine.
यह संदेश भेजें,_ Save Message
खोजें,_ Search Help
श्रीमान् टॉमी,Sir Tommy
मानक GPL हैडर एक C फाइल में प्रविष्ट करें,Insert a standard header file template
लोड किया,Loaded
~ a को एक लाल पान का सत्ता पर ले जाएँ,Move ~ a onto the seven of hearts.
आउटपुट छोड़ें,Discard output
ईटैलिक,Italic
कार्य (_ T) ,_ Tasks
वर्ग जनक,Class Elements
फ्रीसेल सॉलिटेयर,FreeCell Solitaire
खोलें '% s' ,Open '% s'
मिटाने की पुष्टि करें,Confirm clear
ध्वनि (_ S) ,_ Sound
क्या विंडो सबसे बड़े आकार का होना चाहिए,Whether the window is maximized
आर्मेनियाई,Armenian
ईंट का पंजा के बगल में ईंट का छक्का को रखें. ,Place the five of diamonds next to the four of diamonds.
खोज रहा है घटक के लिए,Component for searching
स्तर,Layer
"नाम (x, y) ","name (x, y)"
त्रुटि,ERROR
दस्तावेज़,Documents
ईंट का दुक्का के बगल में ईंट का इक्का को रखें. ,Place the two of diamonds next to the ace of diamonds.
यह चयन याद रखें,Remember this selection
प्रतीक पसंद,Icon choice
घटक,Co _ mponent
बाहर,Quit
डेवलेपर को इस बग को रिपोर्ट करें. ,Please report this bug to the developers.
तुर्की,Turkish
संपादन... ,Edit...
अतिरिक्त बाकीः,Reserve left:
लाल पान का बादशाह,the king of hearts
लाल पान का चव्वा,the four of hearts
हुकुम का गुलाम,jack of spades
चिड़ी का दहला हटाएँ. ,Remove the two of clubs.
निचला पटल,Bottom panel
ईंट की बेगम,queen of diamonds
% s का कोई पाठ अंतराफलक नहीं है,% s has no text interface
मूलभूत जीयूआई अनुप्रयोग पहुंचनीयता का परीक्षण करता है,Tests fundamental GUI application accessibility
रॉयल ईस्ट,Royal East
औजार बक्सा,Toolkit
आल्ट,Alt
हुकुम का दहला,Move ~ a onto the ten of spades.
वेस्ट हैवन,Westhaven
"% s "","" This file is too big. Unable to allocate memory. ",Could not get file info
ढूंढें (_ S) ,_ Search
अपडेट (अद्यतन) ,Update Style
#-#-#-#-#gnome-desktop. HEAD. hi. po (gnome-desktop VERSION) #-#-#-#-#टिप्पणी: #-#-#-#-#libgnomeprintui. gnome-2-2. hi. po (libgnomeprintui) #-#-#-#-#टिप्पणीः,Comment:
चिड़ी का छक्का,six of clubs
प्रवेश सहायक,Lo _ gin Helper
विधि,Method
रेग्युलर एक्सप्रेशन के सिन्टेक्स में गलती है,Search for a string or regular expression in the editor
यहां तक रखें,Keep up to
परिवर्तनीय,Variables
आधार पत्ताः बादशाह,Base Card: King
प्रोजेक्ट खोलें,Loading project:% s
ड्राव के लिए हाइलाइट करें,Editor syntax highlighting styles
शब्द को चुने हुए सुझाव से बदलें,Search help for the current word in the editor
ताश शैली (_ C) ,_ Card Style
ज़ेनेरिक,Generic
#-#-#-#-#file-roller. gnome-2-2. hi. po (File Roller hindi) #-#-#-#-#आप्ने आप #-#-#-#-#gtkhtml. HEAD. hi. po (GtkHTML 2. x) #-#-#-#-#आटोमेटिक,Automatic
चिड़ी का अट्ठा,eight of clubs
सामान्य,General
इस विंडो को बन्द करें,Close this window
सॉलिटेयर के बारे में,About Solitaire
लछ्य फाइल,Ignore Files:
"सिर्फ इसलिए कि हापस्काच बोर्ड पारपथ जैसे दिखता है, इसका मतलब यह नहीं कि वह यही है",Just because a crosswalk looks like a hopscotch board doesn 't mean it is one
चिड़ी का बादशाह,the king of clubs
बदलाव त्यागें (_ D) ,_ Discard changes
शीर्षकः,Title:
कोई दृश्य नहीं है,No view
हुकुम का चव्वा,the four of spades
यूआरआई,URI
आरक्षितslot type,reserve
पार्श्व समायोजन,Calltip background:
सार्ट सूचक,Sorted in opening order
ईस्टहैवन,Easthaven
~ a को एक खाली बढ़त स्लॉट में ले जाएँ. ,Move ~ a onto an empty edge slot.
तीन पत्ते बांटें,Three card deals
निर्देशिका बिल्ड करेंः,Build Directory:
गणना,Celtic
फाईल की संरचना,Continuation
मौजूदा चयन,Current default target
छोड़ रहा हैः% s,Loading Core:% s
लाल पान का इक्का,the ace of hearts
गे गोरडोन्स,Gay Gordons
हटाएं (_ R) ,_ Remove
रिडील पर बेतरतीब रूप से रखा गैप्स,Randomly Placed Gaps on Redeal
तिथि/समय प्रविष्ट करें,Current _ Date & Time
हुकुम का बादशाह हटाएँ. ,Remove the king of spades.
ईंट का इक्का,ace of diamonds
हुकुम का इक्का,ace of spades
बेकर्स दर्जन,Bakers Dozen
नामः,Name:
प्रारंभ,Start: 0
पिछला संदेश,Previous message
~ a को लाल जोकर पर ले जाएँ. ,Move ~ a onto the red joker.
आसंधि (नोड) को ताजा करें (_ N) ,Refresh _ Node
पाठ (_ x) ,Te _ xt
एस्लेरियॉट के बारे में,About Aisleriot
पुनःआरंभ करें (_ R) ,_ Restart
आईडी,ID
खोलें,Open
दृश्य,View
ईंट का दहला हटाएँ. ,Remove the four of diamonds.
केमेलॉट,Camelot
नया मद (_ w) ,Ne _ w Item
दस्तावेज़,Documents
आठ बन्द,Eight Off
कार्ड चालों में एनीमेशन उपयोग करें या नहीं. ,Whether or not to animate card moves
खोज का तरीका,Restart Target
हुकुम का अट्ठा,the eight of spades
हाल में खेले खेल के नाम,Recently played games
चिड़ी की तिक्की के बगल में चिड़ी के दुक्की को रखें. ,Place the three of clubs next to the two of clubs.
खाली अस्थायी खाँचा पर पत्ता ले जाएँ,Move a card to an empty temporary slot
ताश को फिर से जमाने की कोशिश करें,Try rearranging the cards
प्रोजेक्ट में सोर्स जोड़ें,Clean whole project
~ a को एक लाल पान का इक्का पर ले जाएँ,Move ~ a onto the ace of hearts.
पुष्टि कर रहे हैं,Validating
प्रवाहित करनेयोग्य विषयवस्तु,St _ reamable Content
Anjuta के लिए नमूना प्लगिन. ,Sample Plugin for Anjuta.
~ a को एक ईंट की तिक्की पर ले जाएँ,Move ~ a onto the three of diamonds.
ताश शैली (_ C) ,_ Card Style
नहीं लिखें,No write
gtk-doc सिस्टम जोड़ेंः,Add gtk - doc system:
प्रस्तुत स्थिति के आखिरी अंशों को दिखाएँ,Display the contents of kernel 'struct user' for current child
आइकन फाइलः,Icons only
~ a को एक लाल पान का दुक्का पर ले जाएँ,Move ~ a onto the two of hearts.
छवि (_ I) ,_ Image
संग्रह,Col _ lection
"यदि आप कभी जंगल में अकेले गुम हो जाएँ, तो किसी पेड़ के आगोश में जाएँ","If you 're ever lost and alone in the woods, hug a tree"
चिड़ी का इक्का,the ace of clubs
सूचना,INFO
~ a को एक ईंट की बेगम पर ले जाएँ,Move ~ a onto the queen of diamonds.
सांख्यिकी (_ t) ,S _ tatistics
जेनेरिक Xlib डाक एप्लेट,A generic Xlib dock applet
चिड़ी का बादशाह,the king of clubs
~ a को एक हुकुम का नहला पर ले जाएँ,Move ~ a onto the nine of spades.
अस्थायी स्पॉट उपयोग स्वीकारें,Allow temporary spots use
महत्वपूर्ण,Important
चोर,Thieves
ईंट का अट्ठा,eight of diamonds
मदद (_ H) ,_ Help
चिड़ी का चौवा,the four of clubs
डील (_ D) ,_ Deal
नया बीएसडी लाइसेन्स विवरण के लिए देखिए प्रतिलिपीकरण और सूचना फाइलें,The New BSD License See the COPYING and NOTICE files for details.
निचला पटल,Bottom panel
लिपि रेकोर्डर,Script Recorder
सारांश,Summary
अंजूटा,Anjuta
~ a को नीचे का एक खाली खाँचा में ले जाएँ,Move ~ a onto an empty bottom slot.
चेतावनीः,warning:
घटक,Co _ mponent
Anjuta स्थिति,Anjuta Status
जेनेरिक GTK + प्रोजेक्ट,A generic GTK + project
कड़ी की विशेषताएँ,Edit breakpoint properties
चुनी गई पंक्तियां,Selected rows
प्रतीक,Icon
ईंट का बादशाह,king of diamonds
ईंट का दहला के बगल में ईंट का नहला को रखें. ,Place the ten of diamonds next to the nine of diamonds.
"सूर्य किरणें आपको विटामिन डी देती हैं, कम्प्यूटरों के मॉनीटर्स नहीं... ",Monitors won 't give you Vitamin D - - but sunlight will...
ढूंढें (_ F)... ,_ Find…
Anjuta वरीयता,Anjuta Preferences
ठहरें (_ P) ,_ Pause
हुकुम का अट्ठा,eight of spades
डेवलेपर नामः,Developer name:
बहुल स्कोरिंग,Multiplier Scoring
एक और पत्ता बाँटें,Deal another card
प्रारंभ,Started
उपयोक्ता नामः,Hostname:
प्रोग्राम को रोकें,Stop and restart the program
#-#-#-#-#gedit. gnome-2-2. hi. po (gedit VERSION) #-#-#-#-#बर्तमान फाइल को बंद करें #-#-#-#-#libgnomeui. HEAD. hi. po (libgnomeui HEAD) #-#-#-#-#वर्तमान फाइल को बंद करें,Highlight current line
संशोधनः,Use revision:
छक्का मिटाएँ,Remove the sixes
% s का कोई पाठ अंतराफलक नहीं है,% s has no text interface
% s गायब नाम या सूचक,% s missing name or label
(क्रियान्वित नहीं हुआ है) ,(not implemented)
नाम,Name
भाषा प्रबंधक,Language Manager
मुख्य मेन्यू,Main Menu
न्यूनतम वृद्धि,Minimum increment
आरक्षितslot type,reserve
Anjuta,Anjuta
मोड्यूल,Python Module
आर्गुमेंट्स,Arguments
~ a को एक हुकुम का छक्का पर ले जाएँ,Move ~ a onto the six of spades.
तेरह,Thirteen
ईंट का अट्ठा,eight of diamonds
सभी को ताजा करें,Refresh all
विषय सूची (_ C) ,_ Contents
फ्रेम,Realm:
2number,2
फाइल,do _ while
जेनेरिक C + + प्रोजेक्ट,A generic C + + project
प्रोग्राम पैरामीटर,Program Parameters…
नया दृश्य... ,_ New view...
टारबाल बिल्ड करें (_ T) ,Build _ Tarball
"0, 0","0, 0"
नया दृश्य... ,_ New view...
एक गुलाम को आप ढूंढ रहे हैं. ,You are searching for a jack.
अंजूटा IDE,Anjuta IDE
हटाएँ,Remove
और ताश बांटें,Deal more cards
% s का कोई नाम या विवरण नहीं,% s has no name or description
नाम,NAME
बिन्यासः,Configuration:
चिड़ी की तिक्की के बगल में चिड़ी के दुक्की को रखें. ,Place the three of clubs next to the two of clubs.
पुनः लोड करें (_ R) ,_ Reload
औजार (_ T) ,_ Tools
उपकरण-पट्टी छुपाएँ या दिखाएँ,Show or hide statusbar
टूल्स,_ Tools
Aisleriot पता नहीं कर सका कि आपने कौन सा खेल अंतिम बार प्राप्त किया. ,Aisleriot cannot find the last game you played.
लागू नहीं,N / A
रीढ़,Backbone
हुकुम का बादशाह,Remove the king of spades.
ज़ूम इन,Zoom In
मिटाएँ,Delete
ईंट का छक्का के बगल में ईंट का पंजा को रखें. ,Place the six of diamonds next to the five of diamonds.
चुनें एक फ़ोल्डर,Select A Folder
लाल पान का दहला हटाएँ. ,Remove the five of hearts.
स्ट्रिंग,String
कुछ न करें (h) ,Do not show static functions
चिड़ी का सत्ता,the seven of clubs
स्कीमाः,Sche _ ma:
स्वतःपूर्ण,Autocomplete
चुने गए अनुप्रयोग,Selected application
स्थिति-पट्टी दिखाएँ या नहीं,Whether or not to show the status bar
हुकुम का दहला हटाएँ. ,Remove the seven of spades.
वर्तमान विन्यास अति प्राकृतिक रूप से ताश के रंग के योग्य हो इस हेतु ध्येय कीजिए. ,Aim to place the suits in the order which fits the current layout most naturally.
फ़ाइलः% s,File:% s
नया मेनू (_ N) ,_ New Menu
उपयोगकर्ता,User
प्रोग्राम रोकें,Stop Program
समूह गुण,Group properties
इंडेन्टेशन,Smart Indentation
लाल पान का छक्का,six of hearts
प्लगिन के द्वारा लागू अंतरफलक,Interface implemented by the plugin
रैण्डर होने वाला pixbut,Text to render
स्वतःपूर्ण,Autocomplete
अंजूटा,Anjuta IDE
स्टाकslot type,stock
input widget,Git: Pull complete.
अट्ठा मिटाएँ,Remove the eights
हुकुम का सत्ता,the seven of spades
लाल पान का बादशाह हटाएँ. ,Remove the nine of hearts.
पोकर,Poker
% s गायब नाम या सूचक,% s missing name or label
श्रेणी,'indent' arguments
make (\\ [\\d + \\])?: \\s + Entering\\s + directory\\s + `(. +) ',make (\\ [\\d +\\])?: \\s + Entering\\s + directory\\s + `(. +) '
घटनाओं हेतु ध्वनि बजाएँ या नहीं. ,Whether or not to play event sounds
ईंट का बादशाह हटाएँ. ,Remove the jack of diamonds.
एक खाली तस्वीर,an empty tableau
एक पत्ता बांटें,Deal a card
फाइल% s नहीं मिली,Could not load file:% s Details:% s
विल औ द विस्प,Will O The Wisp
परियोजना प्रबंधक,Project Manager
Anjut के लिए टूडू प्लगिन,Todo Plugin for Anjuta.
चिड़ी की तिक्की,three of clubs
दृष्टिगोचर,Visible
प्रोग्राम चलाएँ,Kill program
मुख्य वर्ग,Main class
प्लगइन्स,Plugins
ईंट की तिक्की,three of diamonds
लाल पान की बेगम,queen of hearts
"जब आप सड़क पार करें, तो दोनों तरफ देखें",Look both ways before you cross the street
लाल पान की दहला के बगल में लाल पान के नहला को रखें. ,Place the ten of hearts next to the nine of hearts.
पथ,Path
प्रोग्राम चुनें,Select Program
चयनित पाठ को क्लिपबोर्ड पर कॉपी करें,Copy the selected text to the clipboard
मेनू (_ M): ,_ Menus:
दिखाएं,Show
Anjuta वर्ग जनक प्लगिन,Anjuta Class Generator Plugin
% s का कोई नाम या विवरण नहीं,% s has no name or description
पियर से प्रमाण पत्र लेने में असमर्थ,Unable to build user interface for New File
अपडेट (अद्यतन) ,Update the graph
चिड़ी का दहला हटाएँ. ,Remove the four of clubs.
टिप्पणीः परिवर्तन सत्रांत (लोगआउट) के बाद ही प्रभाव में आएंगे। ,Note: Changes only take effect after logout.
जैंगो परियोजना सूचना,Django Project information
खाली तस्वीर खाँचा पर बादशाह को ले जाएँ. ,Move a king onto an empty tableau slot.
Text Icons Text + Icons Gnome toolbar setting Tabs,Text Icons Text + Icons Gnome toolbar setting Tabs
दस्तावेज़ (_ D) ,_ Documents
चुने गए स्तंभ,Selected columns
संघीय चौराहा,Union Square
स्टाक में से पत्ता निकालें,Deal a card from stock
खेल सांख्यिकी दिखायें,Show gameplay statistics
pluginview लेआउट,The pluginview layout
कोई हेडर नहीं,C - C + + Header File
% (rolename) s सूची% (num) d पंक्ति और स्तंभ से मेल नहीं खातेparent indexrow and column index,% (rolename) s index% (num) d does not match row and column
एकार्डियन,Accordion
9,9
लाल पान के पत्ते,hearts
प्रोफाइलिंग,Profiling
उपज,Yield
साइरिलिक,Cyrillic
एक% s को आप ढूंढ रहे हैं. ,You are searching for a ten.
#-#-#-#-#gnome-applets. gnome-2-2. hi. po (gnome-applets 2. x) #-#-#-#-#आइकन #-#-#-#-#gnome-utils. gnome-2-2. hi. po (gnome-utils 2.0) #-#-#-#-#पोर्ट (_ P): ,Month
आप एक राजा के लिए खोज रहे हैं. ,You are searching for a king.
~ a को एक ईंट का पंजा पर ले जाएँ,Move ~ a onto the five of diamonds.
ऐसे सहेजें... (_ A) ,Save _ As...
जेनेरिक प्रोजेक्ट,A generic project
% s अपशिष्ट पर,% s on waste
खाली खाँचा में कुछ ले जाने के बारे में विचार करें,Consider moving something into an empty slot
खाली अस्थायी खाँचा पर पत्ता ले जाएँ,Move a card to an empty temporary slot
पूरी लाइन फेंटें,Deal a row
किंग ऑडियंस,Kings Audience
Acard symbol,A
लपेट,Plait
एस्लेरियाट के लिये सहायता देखें,View help for Aisleriot
परियोजना में जोड़ें,Add to Project
स्थिति पट्टी (_ S) ,_ Statusbar
सीमांत रंगः,Border color:
व्यू को पूर्वनिर्धारित जैसा तैयार करें,Reload Session Defaults
एक चव्वा को आप ढूंढ रहे हैं. ,You are searching for a four.
चिड़ी का नहला,nine of clubs
एक नया प्रोजेक्ट बनाएं,Auto generate Project
हाल में खेले खेल के नाम,Recently played games
वर्तमान विन्यास अति प्राकृतिक रूप से ताश के रंग के योग्य हो इस हेतु ध्येय कीजिए. ,Aim to place the suits in the order which fits the current layout most naturally.
ताश बांटना बाकीः ~ a,Redeals left: ~ a
स्वचालित,Autoplay
लाल पान की पंजा के बगल में लाल पान के चव्वा को रखें. ,Place the five of hearts next to the four of hearts.
वर्णन,Description
~ a को लाल जोकर पर ले जाएँ. ,Move ~ a onto the red joker.
दोषमुक्त करें,DEBUG
चिड़ी का दहला,the ten of clubs
कोई संकेत उपलब्ध नहीं है,No hint available.
हाइलाइट अवधिः,Highlight duration:
सिस्टम मेनू,Sysm Read
शिफ्ट,Shift
खेलने के लिये खेल चुनें,Select the game type to play
हिब्रू दृश्य,Hebrew Visual
चिड़ी का इक्का,ace of clubs
#-#-#-#-#gtk +. gtk-2-2. hi. po (gtk22 VERSION) #-#-#-#-#व = द्धि (ऊंचाई) #-#-#-#-#libgnomecanvas. HEAD. hi. po (PACKAGE VERSION) #-#-#-#-#बढ़ाए,Restore
पिछली क्रिया रद्द करें,Undo the last action
प्रोजेक्ट साफ करें (_ C) ,Recent Projects
एक पत्ते बांट,Single card deals
अधिसूचना,Notification
मेक्रोज़,Macros
ईंट का इक्का,the ace of diamonds
जारी रखें (_ C) ,_ Continue
निर्देशिका बिल्ड करेंः,Build Directory:
विंडो की ऊँचाई,Window height
प्रवाहित करनेयोग्य विषयवस्तु,St _ reamable Content
लाल पान की दहला के बगल में लाल पान के नहला को रखें. ,Place the ten of hearts next to the nine of hearts.
सभी बदलें,Replace All
Generic C + + ,Generic C + +
वस्तु,Item
ढूंढें (_ F)... ,_ Find...
4number,4
पुष्टिकरण,Confirmation
Helgrind,Helgrind
विएतनामी,Vietnamese
शीर्षकः,Title:
हुकुम का इक्का,the ace of spades
~ a को ~ a के बगल में रखें. ,Place the ~ a next to ~ a.
ब्रिस्टल,Bristol
डायरेक्ट्री,Directory
गुणधर्म,Property
~ a को एक खाली बढ़त स्लॉट में ले जाएँ. ,Move ~ a onto an empty edge slot.
उपज,Yield
निरीक्षण हटाओ,Remove Watch
विडजेट,WIDGET
पिछला ध्वनि पथ,Previous Help
यूनानी,Greek
~ a को अज्ञात पत्ता से बाहर ले जाएँ,Move ~ a onto the unknown card.
लोड किया,Loaded
खेल फ़ाइल उपयोग में,The game file to use
जेनेरिक Xlib प्रोजेक्ट,A generic Xlib project
स्थान,Location
पथः,Path:
स्वतः पूर्ण (_ A) ,_ AutoComplete
लोड किया सत्र... ,Loaded Session...
कुछ,something
अंजुता के लिए टर्मिनल प्लगिन,Terminal Plugin for Anjuta.
चुनाव को हटाएं (C _) ,C _ lear Selection
विशेषताएँ,Project options
<dead> ,< dead >
एक पंजा को आप ढूंढ रहे हैं. ,You are searching for a five.
ओडेसा एक बढ़िया खेल है. सच में. ,Odessa is a better game. Really.
हटाएं,Delete
सक्रिय प्लगिन,Activated plugins
केमेलॉट,Camelot
बतौर रूट संस्थापित करेंः,Install as root:
विकल्प,Class Function Prefix:
लाल पान का अट्ठा,eight of hearts
शिशु,Children
पूर्व संदेश (_ P) ,Previous Commit Messages:
एक्सेरसाइसर आपके डेस्कटोप में मौजूद अनुप्रयोग नहीं देख पाया। इस समस्या के समाधान के लिए आपको डेस्कटोप पहुंचनीयता को सक्रिय करना होगा। क्या आप इसे सक्रिय करना चाहते हैं? ,Accerciser could not see the applications on your desktop. You must enable desktop accessibility to fix this problem. Do you want to enable it now?
सहेजें,Save
ईंट का नहला,the nine of diamonds
रुक गया,Stopped
जिप्सी,Gypsy
सबवर्सन,Subversion
अभी सक्रिय प्लगिन,Currently activated plugins
बिल्ड निर्देशिका चुनें,Select a build directory
अपरिचित प्रारंभ विकल्पः% d,Unrecognized launch option:% d
सत्ता मिटाएँ,Remove the sevens
फिर बांटें,Redeal.
#-#-#-#-#balsa. HEAD. hi. po (Balsa 2. x) #-#-#-#-#पासवर्ड #-#-#-#-#eel. HEAD. hi. po (eel VERSION) #-#-#-#-#पासवर्डः (_ P) #-#-#-#-#file-roller. gnome-2-2. hi. po (File Roller hindi) #-#-#-#-#गुपत अक्षर (_ P): ,Pass:
ब्राउज,Arrows
मूलभूत प्रोजेक्ट निर्देशिकाः,Default project directory:
नमूना फाइल आपरेशन,Shared library operations
सभी मिलानों को बदलें,Clear all stashes
वाक्य रचना हाइलाइटिंग निष्क्रिय करें,Disable syntax highlighting
इंडेन्टेशन की पिक्सेल संख्या,Enable smart indentation
बनाएँ,Create
पैच प्लगिन,Patch Plugin
छापा जा रहा है,Printing
विंडो चौड़ाई,Window width
नया प्रोजेक्ट बनाएं,_ Start of Block
रिपोर्ट करें (_ R) ,_ Report
~ a को एक खाली बाएं स्लॉट में ले जाएँ. ,Move ~ a onto an empty left slot.
Anjuta स्थिति,Anjuta Manual
चिड़ी का इक्का,the ace of clubs
वर्णन,Description
चिड़ी का छक्का,the six of clubs
एलीवेटर,Eliminator
शॉर्टकट,Shortcut
दस्तावेज़,Documents
सहेज रहे हैं,Saving
ध्वनि (_ S) ,_ Sound
चिड़ी का पंजा,the five of clubs
एलीवेटर,Elevator
वर्तमान फाइल को प्रिंट करें,Print preview of the current file
संपादन (_ E) ,_ Edit
% s का कोई नाम या विवरण नहीं,% s has no name or description
शिफ्ट,Shift
विस्तारः,Extents:
टूटते तारे,Falling Stars
एक बेगम को आप ढूंढ रहे हैं. ,You are searching for a queen.
निचला पटल,Bottom panel
#-#-#-#-#gedit. gnome-2-2. hi. po (gedit VERSION) #-#-#-#-#इसी स्ट्रिंग को पुनः खोजें #-#-#-#-#libgnomeui. HEAD. hi. po (libgnomeui HEAD) #-#-#-#-#वही स्ट्रिंग को पुन खोजें,Advanced Search And Replace
खेल चुनें... (_ S) ,_ Select Game…
मुख्य खेलः,Main game:
लाल पान का दहला,the ten of hearts
मैक्रो प्लगिन,Macro Plugin
प्रोजेक्ट (_ P) ,_ Project
ईंट की बेगम के बगल में ईंट के वादशाह को रखें. ,Place the king of diamonds next to the queen of diamonds.
खाली खाँचा पर कुछ रखें,Place something on empty slot
ओफसेट,Offset
प्रोजेक्ट,Project Type:
मोड्यूल,Module
साकेट,Docked
वरीय प्लगिन,Preferred plugins
सभी चुनें (_ A) ,Select file
प्रोग्राम चुनें,Select Program
प्रोजेक्ट नाम,project name
आधार से पत्तों को नीचे की ले जाने की कोशिश करें,Try moving cards down from the foundation
~ a को एक हुकुम की तिक्की पर ले जाएँ,Move ~ a onto the three of spades.
जायंट,Giant
% s मुफ़्त सॉफ़्टवेयर है; इसे आप मुफ़्त सॉफ़्टवेयर फाउण्डेशन द्वारा प्रकाशित ग्नू जनरल पब्लिक लाइसेंस के तहत वितरित कर सकते हैं या परिवर्धित कर सकते हैं; लाइसेंस के% d संस्करण या इसके (अपने विकल्प अनुसार) बाद के संस्करण के तहत. ,"% s is free software; you can redistribute it and / or modify it under the terms of the GNU General Public License as published by the Free Software Foundation; either version% d of the License, or (at your option) any later version."
नमूना क्रिया,SymbolDb menu actions
रंग,Colour
ईंट का बादशाह हटाएँ. ,Remove the eight of diamonds.
लाल पान का सत्ता,the seven of hearts
रंग,Col
(कोई विवरण नहीं) ,(no description)
एस्लेरियॉट सॉलिटेयर,AisleRiot Solitaire
भिन्न प्रकार खेल खेलें,Play a different game
कुंजी,Key
मेमोरीजांच,Memcheck
~ a को चिड़ी का अट्ठा पर ले जाएँ,Move ~ a onto the eight of clubs.
श्रेणी,Category:
फ़ॉन्ट,Font size
नया खेल (_ N) ,_ New Game
जिप्सी,Gypsy
जेनेरिक Xlib प्रोजेक्ट,A generic Xlib project
"नाम (x, y) ","name (x, y)"
एक फाइल प्रविष्ट करें,Insert a file header
#-#-#-#-#gtk +. gtk-2-2. hi. po (gtk22 VERSION) #-#-#-#-#मोड (रूप) #-#-#-#-#libgnomeui. HEAD. hi. po (libgnomeui HEAD) #-#-#-#-#मोड,Mode:
ताश थीमः,Card themes:
लड़ी,Thread
विघटित लायब्रेरी,Show shared libraries mappings
औजार,Tool
ग्लेड फाइल,Glade File
समायोजन,Entering:% s
विरोधी,Conflicted
CVS changeLog,ChangeLog entry
#-#-#-#-#gedit. gnome-2-2. hi. po (gedit VERSION) #-#-#-#-#काटें #-#-#-#-#gnome-utils. gnome-2-2. hi. po (gnome-utils 2.0) #-#-#-#-#काटो #-#-#-#-#gtkhtml. HEAD. hi. po (GtkHTML 2. x) #-#-#-#-#काटो,_ About
परियोजना नामः,Package name:
काटें (_ u) ,C _ ut
~ a को लाल पान की तिक्की पर घुमाएँ. ,Move ~ a onto the three of hearts.
लाल पान का अट्ठा,eight of hearts
रेखांकित,Underlined
ब्रेकपाइंट को समायोजित करें,Enable a breakpoint
फ्रीसेल सॉलिटेयर,FreeCell Solitaire
विषय प्रकार,Content type
अल्फा,Alpha
पथ,Path
ईंट का अट्ठा,eight of diamonds
डेस्कटोप,Des _ ktop
ईंट का छक्का,six of diamonds
विकल्प,CVS Options
समायोजन,Setting
फिर बांटने के लिये किसी कार्ड को दो बार क्लिक करें,Double click any card to redeal.
~ a को एक लाल पान का अट्ठा पर ले जाएँ,Move ~ a onto the eight of hearts.
अपने अनुप्रयोग को पहुंचनीयता व्यायाम का लाभ दें,Give your application an accessibility workout
हाइपरपाठ,H _ ypertext
निम्न,Low
पंक्ति ~ a में श्रृंखला में जोड़ें. ,Add to the sequence in row ~ a.
देखें (_ V) ,_ View
ईंट का अट्ठा,eight of diamonds
चिड़ी की बेगम,the queen of clubs
आक्टेल अनुमतियां,No read permission for:% s
हुकुम का सत्ता,seven of spades
फाइल,_ while
स्थितिः,Position type
पथः,Path:
हुकुम का छक्का,six of spades
रंग-पट्टिका,Palette
नाम बदलें (_ R) ,_ Rename
सेः,From:
चिड़ी का पंजा,five of clubs
ईंट का नहला,nine of diamonds
सिकोड़ें,Shrink
विजेट्स,Widget name
"यह प्रायः होता है जब आप एसलिरियोट के पुराने संस्करण को चलाते हैं जिसने खेल नहीं खेला है जो आप अंतिम में खेले हैं. मूलभूत खेल, Klondike, बदले में आरंभ हो रहा है. ","This usually occurs when you run an older version of Aisleriot which does not have the game you last played. The default game, Klondike, is being started instead."
खाली,Idle
अक्षम,Disabled
एक जैसे पत्ते,Same suit
सक्रिय,Active
"चुने गए प्रकारों और स्रोतों से घटनाएं जैसे-जैसे घटित होती हैं, उन्हें दर्शाता है",Shows events as they occur from selected types and sources
बेकर्स दर्जन,Bakers Dozen
सभी खुली फाइलों को बंद करें,Choose files
0 फाइल्स,Dock items
% s खिसकाएँ% s पर. ,Move% s onto% s.
पश्चिमी,Western
% s नियमित फाइल नहीं है,File is not a valid gtodo file
recent menu label _ BAR _ ,recent menu label _ BAR _ _% d.% s
ईंट का तिक्की के बगल में ईंट का दुक्का को रखें. ,Place the three of diamonds next to the two of diamonds.
मिलाएं,Merge
त्रुटि,ERROR
चिड़ी का दहला,the ten of clubs
गुणधर्म,Property
WIDTHxHEIGHT + XOFF + YOFF,WIDTHxHEIGHT + XOFF + YOFF
स्वतःपूर्ण (C/C + +/Java केवल) ,Autocompletion (C / C + + / Java only)
कार्य प्रबंधक,To - do Manager
पूरे टेक्स्ट को टेक्स्ट फील्ड में में चुनें,Select the text in the matching braces
इस सूची में सभी नई उपलब्ध pluginviews शामिल हैं,This list contains all the new available pluginviews
एक इक्का को आप ढूंढ रहे हैं. ,You are searching for an ace.
प्रोजेक्ट बिल्ड करें (_ B) ,_ Build Project
फाइल नष्ट करें,Delete selection
सिलेक्शन आयत,Make Selection Lowercase
ध्वनि,Sound
"बधाई, आप जीत गए! ","Congratulations, you have won!"
स्वतःपूर्णPurge items after% d days,Auto - purge completed items
ताश को उलटे खिसका कर देखें,Try moving a card to the reserve
नहीं पढ़ा,No read
दरी,Carpet
नहीं पढ़ा,No read
~ a को काला जोकर पर ले जाएँ. ,Move ~ a onto the black joker.
औजार,Tool
नया (_ N) ,_ New
फ़ाइल,Files
डेवलेपर नामः,Developer name:
पूर्ण स्क्रीन छोड़ें (_ L) ,_ Leave Fullscreen
अनुप्रयोग,Application
मदद,_ Help
"यह प्रायः होता है जब आप एसलिरियोट के पुराने संस्करण को चलाते हैं जिसने खेल नहीं खेला है जो आप अंतिम में खेले हैं. मूलभूत खेल, Klondike, बदले में आरंभ हो रहा है. ","This usually occurs when you run an older version of Aisleriot which does not have the game you last played. The default game, Klondike, is being started instead."
#-#-#-#-#gtk +. gtk-2-2. hi. po (gtk22 VERSION) #-#-#-#-#अण्डरलाइन (रेखांकन) #-#-#-#-#libgnomecanvas. HEAD. hi. po (PACKAGE VERSION) #-#-#-#-#अन्डरलाइन,Underline Squiggle
घटक,Component
सभी खुली फाइलों को बंद करें,Save all files
री-लोड,Reload
कमांड,Command
ईंट का दहला,the ten of diamonds
सफेदसिर (व्हाइटहेड) ,Whitehead
सारांशः,Summary:
ग्नोम खेल वेबसाइट,GNOME Games web site
दाएँ का एक खाली खाँचा,an empty right slot
हुकुम का बादशाह हटाएँ. ,Remove the eight of spades.
संस्करण नियंत्रण सिस्टम प्लगिन,Import from version control system
हुकुम का दहला हटाएँ. ,Remove the queen of spades.
~ a को लाल पान का दहला पर घुमाएँ. ,Move ~ a onto the ten of hearts.
स्थिति,State
सिलेक्शन के लिए हाइलाइट किया,Highlight style
पंक्ति,Row
लाल पान का छक्का,six of hearts
आईपाइथन कन्सोल,IPython Console
दृश्य _ (V) ,_ View
शतरंज,Chessboard
नमूना SDL प्रोजेक्ट,A sample SDL project
स्रोतः,Source:% s
नक़ल... ,_ Apply...
ईंट का छक्का के बगल में ईंट का पंजा को रखें. ,Place the six of diamonds next to the five of diamonds.
पोकर,Poker
नियम नामः,Tag name:
सक्षम,Enabled
पड़ोसी,Neighbor
अंतिम बार फोकस किए गए एक्सेसेबल को जांचें,Inspect last focused accessible
लाल जोकर,red joker
पिछली क्रिया रद्द करें,Undo the last action
ईंट का दहला हटाएँ. ,Remove the two of diamonds.
नियंत्रण की शैली का चयन करें,Select the style of control
सामान्य,General
साइरिलिक/रूसी,Cyrillic / Russian
बेकार को भण्डार में ले जाएँ,Move waste to stock
वेब,Web
कार्ड चालों में एनीमेशन उपयोग करें या नहीं. ,Whether or not to animate card moves.
पाठ्य का दश्य,HTML _ viewer:
अंजुता के लिए टर्मिनल प्लगिन,Terminal Plugin for Anjuta.
काल्स,Calls
मौजूद प्लगिन,Available Plugins
खेल सांख्यिकी दिखायें,Show gameplay statistics
#-#-#-#-#gedit. gnome-2-2. hi. po (gedit VERSION) #-#-#-#-#वर्तमान फाइल को संग्रहित करें #-#-#-#-#libgnomeui. HEAD. hi. po (libgnomeui HEAD) #-#-#-#-#वर्तमान फाइल संग्रहित करें,Add to current Project?
Valgrind,Valgrind
ब्रेकपाइंट समायोजित करें,Breakpoints
सहायता,API Help
चाल वापस लें (_ U) ,_ Undo Move
पोकर हाथ तैयार करने हेतु ताश के पत्तों को जमाएँ,Place cards on to the Tableau to form poker hands
चव्वा,four
एक जैसे पत्ते,Same suit
"जब आप सड़क पार करें, तो दोनों तरफ देखें",Look both ways before you cross the street
टिप्पणी (_ m) ,Co _ mment
अछम,Disabled
दो सूट,Two Suits
कोई संकेत उपलब्ध नहीं है,No hint available.
बाहर (_ Q) ,_ Quit
खेल पुनः प्रारंभ करें,Statistics of games played
#-#-#-#-#gedit. gnome-2-2. hi. po (gedit VERSION) #-#-#-#-#चिपकाएं #-#-#-#-#gtk +. gtk-2-2. hi. po (gtk22 VERSION) #-#-#-#-#चिपकाएं #-#-#-#-#gtkhtml. HEAD. hi. po (GtkHTML 2. x) #-#-#-#-#चिपकाओ (P) #-#-#-#-#libgnomeui. HEAD. hi. po (libgnomeui HEAD) #-#-#-#-#चिपकाएं,_ Paste
हाँ,Yes
हुकुम की नहला के बगल में हुकुम के अट्ठा को रखें. ,Place the nine of spades next to the eight of spades.
Kcard symbol,K
प्रकारः,Mode:
ब्लॉड और बर्नेट,Blondes and Brunettes
हुकुम का इक्का,ace of spades
शीर्षक,Title
एक्सेर्साइसर पसंद,accerciser Preferences
चिड़ी की दहला के बगल में चिड़ी के नहला को रखें. ,Place the ten of clubs next to the nine of clubs.
अभी सक्रिय प्लगिन,Currently edited file name
संपादित करें,_ Edit
लाल पान का बादशाह,Remove the king of hearts.
अंजुता प्लगिन,Anjuta Plugin
सूची में दिखाएँ,Show
संदेश प्रबंधक,Message Manager
पथ,Path
परियोजना विकल्प,Project root path
मौजूदा मान,Current value
जापानी,Japanese
बढ़ें,Grow
जेनेरिक (Minimal) ,Generic (Minimal)
% u फाइल्स,Source filename contains
बदलें,Change Value
भाषा,_ Language:
आधार पत्ताः ~ a,Base Card: ~ a
एक छक्का को आप ढूंढ रहे हैं. ,You are searching for a six.
जेम्सटाउन,Jamestown
मत रिपोर्ट करें (_ D) ,_ Don 't report
क्वातोर्जे,Quatorze
पाठ,Text
% s आरक्षितstockslot hint,% s on reserve
प्रोफाईलिंग पुन सेट करें,Enable code completion
ईंट का अट्ठा,the eight of diamonds
तालिकाslot type,tableau
संशोधन करें,_ Edit
जानकारी के पन्ने,Info Pages
एक सत्ता को आप ढूंढ रहे हैं. ,You are searching for a seven.
हुकुम का पंजा,five of spades
हाइलाइट अवधिः,Highlight duration:
प्रोजेक्ट विन्यस्त करें,Configure project
योजना अपवाद उत्पन्न हुआ,A scheme exception occurred
वर्तमान खेल पुनःप्रारंभ करें,Restart the game
डिफोल्टों को शामिल करें,Include defaults
~ a को एक हुकुम का गुलाम पर ले जाएँ,Move ~ a onto the jack of spades.
% Y% m% d% H% M% S,% Y -% m -% d
विंडो चौड़ाई मान. ,Window width value.
रोकें,stopped:
क्लिपबोर्ड से चुने हुए टेक्स्ट को काटें,Cut the selected text from the editor to the clipboard
हेलसिंकी,Helsinki
शीर्षक,Title
सत्यापन,V _ alidate
संस्करणः,Version:
क्या पंक्ति मार्कर pixbufs प्रदर्शित करें,Whether to display line marker pixbufs
फाइल% s नहीं मिली,Could not obtain backup filename
संशोधन,Revision
कार्रवाई संपन्न करें,Perform action
सॉफ्ट,Soft
रानी,queen
अपारिभाषित,undefined
बदलें,Replace
शीर्ष,Head
आकार,Size
सारांशः,Summary:
Anjuta के लिए ग्लेड प्लगिन,Glade Plugin for Anjuta.
ब्रेकपाइंट समायोजित करें,Breakpoint number% s hit
विविध रंग,Alternating colors
चिड़ी का पंजा,five of clubs
कुंजी,Key
#-#-#-#-#file-roller. gnome-2-2. hi. po (File Roller hindi) #-#-#-#-#काम (_ A) #-#-#-#-#gnome-applets. gnome-2-2. hi. po (gnome-applets 2. x) #-#-#-#-##-#-#-#-#gnome-utils. gnome-2-2. hi. po (gnome-utils 2.0) #-#-#-#-#कार्य,Function finished
प्रोजेक्ट खोलें,CVS: Import
ईंट का गुलाम,the jack of diamonds
पत्तों को फिर फेंटें,Reshuffle cards
मदद,Help
एकवर्ण,Monochrome
चिड़ी का सत्ता,seven of clubs
ऊपरी पटल के लिए डिफोल्ट प्लग-इन खाका. ,The default plugin layout for the top panel.
हुकुम का दहला हटाएँ. ,Remove the seven of spades.
सारणी (_ T) ,_ Table
तस्वीर में खाली जगह,empty space on tableau
हुकुम की तिक्की के बगल में हुकुम के दुक्का को रखें. ,Place the three of spades next to the two of spades.
प्रोजेक्ट विन्यस्त करें,Confirm remove
नोर्डिक,Nordic
बदलाव त्यागें (_ D) ,_ Discard changes
प्रवेश सहायक,Lo _ gin Helper
चिड़ी का इक्का,ace of clubs
कुत्ते के कान में कभी सीटी नहीं बजाएँ,Never blow in a dog 's ear
कार्य,Tasks
ईंट का गुलाम के बगल में ईंट का दहला को रखें. ,Place the jack of diamonds next to the ten of diamonds.
निरपेक्ष स्थिति,Absolute position
कोई दृश्य नहीं है,No view
गोल्फ,Golf
छैतिज पैमाना,File wizard operations
फिर बांटने के लिये किसी कार्ड को दो बार क्लिक करें,Double click any card to redeal.
हाल में खेले गए खेल के नाम. ,A list of recently played games.
शॉर्टकटः,Shortcut:% s
शीर्षक,Title
जी टी के रचना,Project Manager Plugin for Anjuta.
भराई के रंग को हाइलाइट करें,Highlight fill color
क्या पंक्ति मार्कर pixbufs प्रदर्शित करें,Whether to display line marker pixbufs
स्तंभ,Columns
क्रिया,Actions
चाल ट्रैक करें,No moves.
सेल्टिक,Celtic
अंतराष्ट्रीयकरण जोड़ेंः,Add internationalization:
सब से बुराः,Worst:
डैरक्टरी चुनो,Project directory
प्रक्रिया में जोड़ें,Detaching the process…
API मद,API Help
के बारे में (_ A) ,About
संबंध,Relations
एमडीआई-जेड-क्रम,MDI - Z - order
चालीस चोर,Forty Thieves
~ a को एक हुकुम का बादशाह पर ले जाएँ,Move ~ a onto the king of spades.
No read permission for:% s,No read permission for:% s
"क्या आप निश्चित ही ""% s"" को ट्रेश से स्थायी तौर पर डिलीट करना चाहते हैं",Are you sure you want to remove the selected todo item?
एक्सेरसाइसर आपके डेस्कटोप में मौजूद अनुप्रयोग नहीं देख पाया। इस समस्या के समाधान के लिए आपको डेस्कटोप पहुंचनीयता को सक्रिय करना होगा। क्या आप इसे सक्रिय करना चाहते हैं? ,Accerciser could not see the applications on your desktop. You must enable desktop accessibility to fix this problem. Do you want to enable it now?
चयन सीमा,Selection foreground:
नियंत्रण (_ C) ,_ Control
लकीर,No license
घटना मानिटर,Event monitor
2number,2
विकल्पों को सन्ग्रहित करे,Watch operations
आठ बन्द,Eight Off
पंक्ति ~ a के सबसे बायें के स्लॉट में दो को रखें. ,Place a two in the leftmost slot of row ~ a.
प्रयोक्ता,User
बर्बादी% s पर,% s on waste
मान,Val _ ue
ईंट का इक्का,Move ~ a onto the ace of diamonds.
नियमित (रेगुलर) एक्सप्रेशन. the search expression,Regular expression
एक्सेर्साइसर पसंद,accerciser Preferences
सभी खुली फाइलों को बंद करें,Collapse all code folds on file open
संगतता ही कुंजी है,Consistency is key
~ a को चिड़ी का बादशाह पर ले जाएँ,Move ~ a onto the king of clubs.
जी टी के रचना,Project Manager
ताश बांटना बाकीः,Redeals left:
% s का कोई नाम या विवरण नहीं,% s has no name or description
सीमांत रंगः,Border color:
ग्लेड फाइल,File Filter
एक खाली पठारी ढेर,an empty tableau pile
एक खाली खाँचा,an empty reserve
विंडो ऊंचाई,Window height
make (\\ [\\d + \\])?: \\s + Entering\\s + directory\\s + '(. +)' ,make (\\ [\\d +\\])?: \\s + Entering\\s + directory\\s + '(. +)'
ईंट का छक्का,six of diamonds
कालटिप्स,Tags
मेक्रो जोड़ें (_ A)... ,_ Add Macro...
संस्थापित करें (_ I) ,Install
वर्तमान फ़ाइल एक भिन्न नाम से सहेजें,Save the current file
आईपाइथन कन्सोल,IPython Console
पंक्ति,Row
#-#-#-#-#file-roller. gnome-2-2. hi. po (File Roller hindi) #-#-#-#-#जोडे #-#-#-#-#gnome-utils. gnome-2-2. hi. po (gnome-utils 2.0) #-#-#-#-#जोड़ना,Add
एस्केलेटर,Escalator
चिपकाएं,_ Patch...
चिड़ी का बादशाह,Move ~ a onto the king of clubs.
कचरे में भेजें,Send to process
कठिन,Hard
स्पेसर का आकार,Tab size in spaces:
जीता,Wins
डिबग,_ Debug
भिन्न प्रकार खेल खेलें,Play a different game
सुरक्षित खाँचा पर बेकार को ले जाएँ,Move waste on to a reserve slot
घटनाओं हेतु ध्वनि बजाएँ या नहीं. ,Whether or not to play event sounds
चुने गए एक्सेसेबलों को पुस्तक-चिह्नित करें,Bookmark selected accessible.
आधार पत्ताः,Base Card:
प्रगतिशील राउंड,Progressive Rounds
सबवर्सन,Subversion Options
ईंट का बादशाह हटाएँ. ,Remove the jack of diamonds.
पुनःआरंभ करें (_ R) ,_ Restart
चिड़ी का इक्का,ace of clubs
~ a को एक हुकुम का इक्का पर ले जाएँ,Move ~ a onto the ace of spades.
/ बुकमार्क संशोधन,_ Next Bookmark
क़िस्म,GType
~ a को हुकुम का दहला पर घुमाएँ. ,Move ~ a onto the ten of spades.
एक्सेरसाइसर आपके डेस्कटोप में मौजूद अनुप्रयोग नहीं देख पाया। इस समस्या के समाधान के लिए आपको डेस्कटोप पहुंचनीयता को सक्रिय करना होगा। क्या आप इसे सक्रिय करना चाहते हैं? ,Accerciser could not see the applications on your desktop. You must enable desktop accessibility to fix this problem. Do you want to enable it now?
संवेदनशील,Sensitive
लेखक,Author Email:
मेक्रोज़,Macros
दिखाएं,Show
चिड़ी का पंजा,the five of clubs
भूल भुलैया,Maze
हुकुम का चव्वा,the four of spades
ईंट का छक्का,six of diamonds
वर्तमान खेल पुनःप्रारंभ करें,Restart the game
~ a को ईंट का इक्का पर घुमाएँ. ,Move ~ a onto the ace of diamonds.
न्यास,the foundation
~ a को एक चिड़ी का पंजा पर ले जाएँ,Move ~ a onto the five of clubs.
बाल गणना,Child count
फाईल बनाओ,Makefile. am
परियोजना नामः,Project name:
हुकुम का पंजा,five of spades
कोई दृश्य नहीं है,No view
#-#-#-#-#gnome-desktop. HEAD. hi. po (gnome-desktop VERSION) #-#-#-#-#टिप्पणी: #-#-#-#-#libgnomeprintui. gnome-2-2. hi. po (libgnomeprintui) #-#-#-#-#टिप्पणीः,Class Elements
यह फाइल मौजूद नहीं है। क्या आप इस फाइल का निर्माण करना चाहते हैं? ,There are% d items with unsaved changes. Save changes before closing?
स्मार्ट हाशिया,Smart Indentation
अन्य,Other
थाई,Thai
पाइलेअन,Pileon
लाल पान की बेगम,the queen of hearts
चार मूलाधार,Four Foundations
सीमांत रंगः,Border color:
ताश बांटना बाकीः ~ a,Redeals left: ~ a
एलडीटीपी,LDTP
लगता है मुझे तुरंत अपनी पीठ खुजानी पड़ेगी... ,I could sure use a backrub right about now...
एक पत्ते बांट,Single card deals
#-#-#-#-#gedit. gnome-2-2. hi. po (gedit VERSION) #-#-#-#-#पुनः करें #-#-#-#-#gtk +. gtk-2-2. hi. po (gtk22 VERSION) #-#-#-#-#पुनः करें #-#-#-#-#gtkhtml. HEAD. hi. po (GtkHTML 2. x) #-#-#-#-#फिर से करो (R) #-#-#-#-#libgnomeui. HEAD. hi. po (libgnomeui HEAD) #-#-#-#-#पुन करें,_ Redo
स्तर,Level
फिर बांटें,Redeal.
कोई चाल बाकी नहीं,There are no more moves
हुकुम का छक्का,the six of spades
ज़ूम आउट,Zoom Out
संस्थापित प्लगिन,Installed plugins
"स्ट्रिंग की सूची जो पांच गुने रूप में आता हैः name, wins, total games played, best time (सेकेंड में) और worst time (सेकेंड में ही). नहीं खेला गया खेल दिखाया नहीं जा सकता. ","A list of strings that come in the form of a quintuple: name, wins, total games played, best time (in seconds) and worst time (also in seconds). Unplayed games do not need to be represented."
प्रिंट,_ Print...
अक्षम,Disabled
संस्करण नियंत्रण सिस्टम प्लगिन,A version control system plugin
न्यास,Four Foundations
क्रिया,Actions
यूआरआई,URI
वर्णन,Description
छक्का,six
दस्ताबेज के प्रकार की परिभाषा,Goto _ Definition
हुकुम का दहला हटाएँ. ,Remove the ace of spades.
श्रीमती ज़ेन,Lady Jane
स्थान-विशिष्ट,Locale
फ़ाइल वैध. desktop फ़ाइल नहीं है,File is not a valid. desktop file
दिखाओ,View
निर्देश,Commands
#-#-#-#-#file-roller. gnome-2-2. hi. po (File Roller hindi) #-#-#-#-#खोलो #-#-#-#-#gedit. gnome-2-2. hi. po (gedit VERSION) #-#-#-#-#खोलें,_ Open
रैण्डर करने के लिए पाठ,Text to render
आईडी,Id
ईंट का चव्वा,the four of diamonds
खेल फ़ाइल उपयोग में,The game file to use
#-#-#-#-#gedit. gnome-2-2. hi. po (gedit VERSION) #-#-#-#-#बदलें/परिवर्तित करें #-#-#-#-#gtkhtml. HEAD. hi. po (GtkHTML 2. x) #-#-#-#-#बदलो #-#-#-#-#nautilus. HEAD. hi. po (nautilus 2. x) #-#-#-#-#बदलना,Replace All
परियोजना तयशुदा,Project Defaults
जीएनयू डाक संदेश,No file details
पिछली चाल पूर्ववत करें,Undo the last move
आईडी,ID
स्तर,Layer
विजेट नहीं मिलाः% s,Widget not found:% s
जेनेरिक wx विजेट प्रोजेक्ट,A generic wx Widgets project
एक बादशाह को आप ढूंढ रहे हैं. ,You are searching for a king.
प्लगिन चुनें,Select a plugin
आसंधि (नोड) को ताजा करें (_ N) ,Refresh _ Node
अंजुटा बार बार पूछे जाने वाले प्रश्न,Anjuta frequently asked questions
Anjuta स्थिति,Anjuta Status
गैर संस्करण,Unversioned
दस्तावेज़,Documents
% d:% 02d,% d:% 02d
रिसेट करें (_ R) ,_ Reset
Generic C + + ,Generic C + +
प्रोजेक्ट उपलब्ध नहीं है,Value doesn 't exist
आधार पर खाली खाँचा,empty slot on foundation
स्थिति,Position
निचला पटल,Bottom panel
पहुंचनीय आसंधि नोड को चुनते समय हाइलाइट बक्से की अवधि. ,The duration of the highlight box when selecting accessible nodes.
भूल भुलैया,Maze
फाइल (F) ,_ File
Scratchbox,Scratchbox version:
हुकुम का नहला,nine of spades
लाल पान का पंजा,the five of hearts
चिड़ी का छक्का,six of clubs
मिले-जुले,Mixed
कृपया खाली ढेर को पहले भरें. ,Please fill in empty pile first.
अतिरिक्त बाकीः,Reserve left:
हुकुम का गुलाम,jack of spades
सत्र के गुणधर्म (विशेषताएं) ,Set Signal Property
दस्तावेज़,Documents
मिलाएं,Merge
पियर से प्रमाण पत्र लेने में असमर्थ,Unable to build user interface for Search And Replace
त्यागें (_ A) ,_ Abort
"नाम (x, y) ","name (x, y)"
विरोधी,Conflicted
ईंट का बादशाह,the king of diamonds
"एक्सेर्साइसर सर्वाधिकार © 2006,2007 आईबीएम निगम (बीएसडी) ","accerciser Copyright (c) 2006, 2007 IBM Corporation (BSD)"
इस प्लगइन के लिए कोई वर्णन उपलब्ध नहीं है,No properties available for this group
% s संबंध के लिए अन्योन्य गायब है,Missing reciprocal for% s relation
हेलसिंकी,Helsinki
ईंट का दहला हटाएँ. ,Remove the ace of diamonds.
विषय सूची (_ C) ,_ Contents
हुकुम की अट्ठा के बगल में हुकुम के सत्ता को रखें. ,Place the eight of spades next to the seven of spades.
छैतिज पैमाना,Editor zoom operations
अधिसूचना,Notification
गे गोरडोन्स,Gay Gordons
स्टाकslot type,stock
लाल पान का गुलाम,the jack of hearts
क्या आप इस दस्तावेज में किए गए परिवर्तनों को संग्रहित करना चाहते हैं? यदि आप संग्रहित नहीं करते हैं तो आपके द्वारा किए गए परिवर्तन आप खो देंगे,"Save changes to glade project ""% s"" before closing? Your changes will be lost if you don 't save them."
तुर्की,Turkish
ताश शैली (_ C) ,_ Card Style
% s भण्डार परtableauslot hint,% s on stock
फाइल नहीं मिली,Widget not found:% s
Anjuta परिचय,About Anjuta
ताश थीमः,Card themes:
क्लॉन्डिके तीन डेक,Klondike Three Decks
लाल पान की छक्का के बगल में लाल पान के पंजा को रखें. ,Place the six of hearts next to the five of hearts.
रैण्डर करने के लिए पाठ,Text to render
शीर्षकः,Header:
पश्चिमी,Western
सफेदसिर (व्हाइटहेड) ,Whitehead
भराई के रंग को हाइलाइट करें,Highlight fill color
लाल पान का पंजा,the five of hearts
गुण (_ P) ,_ Properties
खेल के पास कोई हल नहीं है. वापस ले या फिर शुरू करें. ,The game has no solution. Undo or start again.
ई-मेल पताः,Author Email Address:
फाईल बनाओ,Makefiles
ईंट का इक्का,ace of diamonds
फ़ाइल खोलें,Open a file
हुकुम का इक्का,ace of spades
शीर्ष,Head
कोई दृश्य नहीं है,No view
पंजीकृत करें,Register
खेल पुनः प्रारंभ करें,Statistics of games played
एकल लेआउट दृश्य,Single layout view
इक्का मिटाएँ,Remove the aces
लाल पान का दहला हटाएँ. ,Remove the four of hearts.
डेवलेपर नामः,Developer name:
हुकुम का चव्वा,Move ~ a onto the four of spades.
पुष्टि कर रहे हैं,Validating
हाइलाइट अवधिः,Highlight duration:
श्रीमान् टॉमी,Sir Tommy
अज्ञात,unknown
विषय सूची (_ C) ,_ Contents
क्लिक करके ताश ले या छोड़ें,Pick up and drop cards by clicking
कमांड,Command
समूह गुण,General Class Properties
ईंट का गुलाम,jack of diamonds
डिबग,Stop Debugger
एटी-एसपीआई सत्यापक,AT - SPI Validator
लाल पान का बादशाह,king of hearts
युकान,Yukon
फुलस्क्रीन (_ F) ,_ Fullscreen
दस्तावेज़,Documents
% s खिसकाएँ% s पर. ,Move% s onto% s.
घटना मानिटर,Event Monitor
संदेश अनुवाद करें,Translate messages
बेकार के ऊपर के दो कार्ड का प्रयोग करें,Match the top two cards of the waste.
दिखाएं,Show
विरोधी,Conflicted
ताश के पत्तों को ढेर में वापस करें,Return cards to stock
#-#-#-#-#gedit. gnome-2-2. hi. po (gedit VERSION) #-#-#-#-#कापी #-#-#-#-#gnome-utils. gnome-2-2. hi. po (gnome-utils 2.0) #-#-#-#-#प्रतिलिपि बनाओ (_ C) #-#-#-#-#gtk +. gtk-2-2. hi. po (gtk22 VERSION) #-#-#-#-#कापी #-#-#-#-#gtkhtml. HEAD. hi. po (GtkHTML 2. x) #-#-#-#-#प्रति (C) #-#-#-#-#libgnomeui. HEAD. hi. po (libgnomeui HEAD) #-#-#-#-#कापी,_ Copy
तेरह,Thirteen
ब्रेकपाइंट समायोजित करें,Add Breakpoint...
बुकमार्क्स,Books
चिड़ी का नहला,the nine of clubs
पसंद (_ P)... ,_ Preferences...
दिखाएं,Show
ताश थीमः,Card themes:
ढूंढ रहे हैं... ,Searching...
लाल जोकर,the red joker
सारांशः,Summary:
चिड़ी का नहला,Move ~ a onto the nine of clubs.
शिशु,Children
स्तंभ,Columns
ईंट का अट्ठा के बगल में ईंट का सत्ता को रखें. ,Place the eight of diamonds next to the seven of diamonds.
अज्ञात,Unknown
#-#-#-#-#balsa. HEAD. hi. po (Balsa 2. x) #-#-#-#-#पासवर्ड #-#-#-#-#eel. HEAD. hi. po (eel VERSION) #-#-#-#-#पासवर्डः (_ P) #-#-#-#-#file-roller. gnome-2-2. hi. po (File Roller hindi) #-#-#-#-#गुपत अक्षर (_ P): ,_ Tasks
ईंट का नहला,the nine of diamonds
हुकुम का बादशाह,king of spades
फुलस्क्रीन (_ F) ,_ Fullscreen
हुकुम का अट्ठा,the eight of spades
प्रोजेक्ट लोड करने में असमर्थ,Unable to find any project template in% s
चिड़ी की बेगम,the queen of clubs
प्रतियां,Co _ mpile File
दाएं बाजू के खाली स्थान पर कुछ ले जाएँ,Move something onto an empty right - hand tableau slot
सुरक्षित खाँचा पर बेकार को ले जाएँ,Move waste on to a reserve slot
प्रोजेक्ट से सोर्स हटाएं,Add a source file to project
फोकस करने पर चयन करें,Select _ Code Block
चिड़ी का दहला,the ten of clubs
बाज पंख,Eagle Wing
ईंट का बादशाह,king of diamonds
छक्का मिटाएँ,Remove the sixes
चिड़ी की बेगम,queen of clubs
मौजूदा मान,Current value
हाल में खेला गया (_ R) ,_ Recently Played
% s का कोई पाठ अंतराफलक नहीं है,% s has no text interface
चिड़ी का नहला,nine of clubs
प्लग-इन दृश्य (% d) ,Plugin View (% d)
प्लगिन अंतरफलक लागू करें,Implement plugin interfaces
वस्तु का संपादन करें,Edit Item
~ a को एक खाली बाएं स्लॉट में ले जाएँ. ,Move ~ a onto an empty left slot.
फ़ाइलनाम,Filename
हटाएं (_ R) ,_ Remove…
~ a को एक ईंट का सत्ता पर ले जाएँ,Move ~ a onto the seven of diamonds.
डेस्कटोप,Des _ ktop
2number,2
स्रोत,Source
एक सूट,One Suit
चिड़ी का बादशाह,Remove the king of clubs.
लोड किया सत्र... ,Loaded Session...
गुणधर्म,Property
त्रुटि में शामिल है,Error contains
the search expression,Replace With:
~ a को एक खाली आधार में ले जाएँ,Move ~ a onto an empty foundation slot.
सॉफ्ट,Soft
पंक्ति ~ a में श्रृंखला में जोड़ें. ,Add to the sequence in row ~ a.
~ a को एक हुकुम का दुक्का पर ले जाएँ,Move ~ a onto the two of spades.
वर्णन,Description
इस समय चुने गए एक्सेसेबेल से काम लेने के लिए अंतर्क्रियात्मक कन्सोल,Interactive console for manipulating currently selected accessible
बचा मालः,Stock left:
~ a को एक हुकुम का पंजा पर ले जाएँ,Move ~ a onto the five of spades.
न्यूनतम वृद्धि,Minimum increment
ईंट का दहला हटाएँ. ,Remove the five of diamonds.
एक से अधिक विडजेट फोकस में है,more than one focused widget
#-#-#-#-#gedit. gnome-2-2. hi. po (gedit VERSION) #-#-#-#-#कापी #-#-#-#-#gnome-utils. gnome-2-2. hi. po (gnome-utils 2.0) #-#-#-#-#प्रतिलिपि #-#-#-#-#gtkhtml. HEAD. hi. po (GtkHTML 2. x) #-#-#-#-#प्रतिलिपि,Copyright
दस आरपार,Ten Across
नाम (_ N): ,_ Name:
लाल पान का चव्वा,the four of hearts
चिपकाएं,Path:
मिलाएं,Merge
हुकुम का सत्ता,the seven of spades
परिवर्तनीय,Variable
पोकर हाथ तैयार करने हेतु ताश के पत्तों को जमाएँ,Place cards on to the Tableau to form poker hands
लिपि प्रकार,Script Type
श्रेणी,Category
#-#-#-#-#file-roller. gnome-2-2. hi. po (File Roller hindi) #-#-#-#-#फ़ाइलें #-#-#-#-#gtk +. gtk-2-2. hi. po (gtk22 VERSION) #-#-#-#-#फाइलें,Files
ताशों को फेंट कर देखें,Try dealing a row of cards
सोना खदान,Gold Mine
छपाई,_ Print…
आउटपुट छोड़ें,Discard output
हुकुम की सत्ता के बगल में हुकुम के छक्का को रखें. ,Place the seven of spades next to the six of spades.
थाई,Thai
ईस्टहैवन,Easthaven
टेम्पलेट,Template
भारी भरकम,Jumbo
सत्यापन,V _ alidate
चिड़ी का सत्ता,the seven of clubs
प्रोजेक्ट प्लान,Project Name:
चिड़ी का बादशाह,king of clubs
एस्लेरियॉट के बारे में,About AisleRiot
विएतनामी,Vietnamese
2number,2
कठोर,Cruel
छैतिज पैमाना,Editor code commenting
ताश प्रसंग इंस्टाल करें... ,Install card themes…
विकल्प,Options
संघीय चौराहा,Union Square
एक इक्का को आप ढूंढ रहे हैं. ,You are searching for an ace.
Anjuta,Anjuta
जारी,Release
बदलें कि कौन से अनुप्रयोगों को मुख्य मेन्यू में दिखाया गया है,Change which applications are shown on the main menu
श्रीमान् टॉमी,Sir Tommy
एक पत्ता या पत्तों के समूह खाली खाँचा पर ले जाएँ,Move a card or build of cards on to the empty slot
सेः,From:
इनेबल,Enable _ all
~ a को एक ईंट की तिक्की पर ले जाएँ,Move ~ a onto the three of diamonds.
चिड़ी का अट्ठा,eight of clubs
स्वचालित हाशिया,Auto Indent
डिफोल्टों को शामिल करें,Include defaults
हुकुम का बादशाह हटाएँ. ,Remove the nine of spades.
मछली पकड़ने के तांत से अपने दांत साफ मत करिए,Fishing wire makes bad dental floss
ग्लेड योजना,Whole project
लाल पान की तिक्की,the three of hearts
प्रोग्रामः,Program:
संदेश अनुवाद करें,Translate messages
प्लगिन के लिए प्रतीक फाइल,Icon file for the plugin
फिर बांटने के लिये किसी कार्ड को दो बार क्लिक करें,Double click any card to redeal.
लीक चेकः,Leak check:
% d%% Not ApplicableNot Applicable,% d%%
6number,6
#-#-#-#-#balsa. HEAD. hi. po (Balsa 2. x) #-#-#-#-#पासवर्ड #-#-#-#-#eel. HEAD. hi. po (eel VERSION) #-#-#-#-#पासवर्डः (_ P) #-#-#-#-#file-roller. gnome-2-2. hi. po (File Roller hindi) #-#-#-#-#गुपत अक्षर (_ P): ,_ Pass:
विस्तारः,Extents:
एक सूट,One Suit
चलाने के लिए प्रोग्राम चुनेंः,Select Package to add:
सार्वत्रिक फटाफट कुंजियां,Global Hotkeys
केनफील्ड,Canfield
परियोजना,Project
सत्रें,Use revision:
अवधि को हाइलाइट रकें,Highlight duration
उपकरण-पट्टी दिखाएँ या नहीं,Whether or not to show the toolbar
पिछला दस्तावेज़,Previous Document
आधार पत्ताः रानी,Base Card: Queen
कैनसास,Kansas
स्थिति,Position
ताश बांटना बाकीः ~ a,Redeals left: ~ a
फ्रेम,Frame
प्रारंभ,Start
युकान,Yukon
राजा अलबर्ट,King Albert
एक बेगम को आप ढूंढ रहे हैं. ,You are searching for a queen.
साफ़ करें (_ C) ,_ Clear
कार्ड चालों में एनीमेशन उपयोग करें या नहीं. ,Whether or not to animate card moves.
Pixbuf वस्तु,Pixbuf Object
छोटि की फ़ाइल मे जोडे (_ t): ,Add Watch...
मोड्यूल,Module
विक्रेता,Vendor
पंक्तियां,Rows
जायंट,Giant
ईंट का अट्ठा के बगल में ईंट का सत्ता को रखें. ,Place the eight of diamonds next to the seven of diamonds.
प्लगइंस,Plugins
5number,5
एक्सेर्साइसर पसंद,accerciser Preferences
बायीँ डीलः ~ a,Deals left: ~ a
सेल्टिक,Celtic
खेल सांख्यिकी दिखायें,Show gameplay statistics
अंतिम प्रविष्ट घटना को हाइलाइट करो,Highlight last event entry
पसंद (_ B) menu,_ Bookmarks
डाउनलोड,Downloads
अवधि को हाइलाइट रकें,Highlight duration
#-#-#-#-#gnome-media. HEAD. hi. po (gnome-media 2.0) #-#-#-#-#स्वर #-#-#-#-#nautilus. HEAD. hi. po (nautilus 2. x) #-#-#-#-#मौखिक,Octal
अनियत चौड़ाई,Manipulate plugins
खेलें “% s”,Play “% s”
चिड़ी का बादशाह,the king of clubs
जोड़ें (_ A) ,_ Add
को भेजें,Vendor
प्रोफ़ाइल नाम,Profile Name
बच्चों के बिना अनुप्रयोग छिपाएँ/दिखाएँ (_ H) ,_ Hide / Show Applications without children
अंतिम बार फोकस किए गए एक्सेसेबल को जांचें,Inspect last focused accessible
संगतता ही कुंजी है,Consistency is key
स्तर,Level
अनुप्रयोगः,Application:
चुनें एक फ़ोल्डर,Select Mailbox File
एक पत्ता बांटें,Deal a card
चेतावनियां,Warnings:
हाइपरकड़ी,Hyperlink
वर्णनः,Description:
चिड़ी का पंजा,the five of clubs
वर्गों का संपादन,Edit Categories
आप पहले एक खंड को चयन करें,You need to select a todo item before you can remove it
हाथापाई,Scuffle
तारीख़,Date
शीर्षकः,Title:
वस्तु,Item
अज्ञात सूट,Unknown suit
डिफ,Diff
#-#-#-#-#gtkhtml. HEAD. hi. po (GtkHTML 2. x) #-#-#-#-#ढूंढो (F) #-#-#-#-#libgnomeui. HEAD. hi. po (libgnomeui HEAD) #-#-#-#-#खोजें,_ Find...
make (\\ [\\d + \\])?: \\s + Leaving\\s + directory\\s + '(. +)' ,make (\\ [\\d +\\])?: \\s + Leaving\\s + directory\\s + '(. +)'
चुने गए अनुप्रयोग,Selected application
ऊपरी पटल के लिए खाका,The layout for the top panel
अनुपस्थित,Missing
प्लग-इन त्रुटियांviewport,Plugin Errors
पूर्ण स्क्रीन छोड़ें (_ L) ,_ Leave Fullscreen
घटना रोजनामचा मिटाओ,Clear event log
क्लिक करके ताश ले या छोड़ें,Pick up and drop cards by clicking
जेम्सटाउन,Jamestown
हेलसिंकी,Helsinki
लाल पान का दहला,ten of hearts
"रीसेट करें (_ R) _ Restart ""is the menu item 'Game-> Restart', implies"" Restart Game",_ Reset
अंजुता प्लगिन,Anjuta JS Debugger Plugin
फुलस्क्रीन (_ F) ,_ Fullscreen
प्रोग्राम का नाम,Program terminated
दाखिल हो रहा हैः% s,Entering:% s
"एक्सेर्साइसर सर्वाधिकार © 2006,2007 आईबीएम निगम (बीएसडी) ","accerciser Copyright © 2006, 2007 IBM Corporation (BSD)"
मदद (_ H) ,_ Help
विविध रंग,Alternating colors
डिफोल्टों को शामिल करें,Include defaults
~ a को एक लाल पान का गुलाम पर ले जाएँ,Move ~ a onto the jack of hearts.
डैरक्टरी चुनो,Select file to remove:
श्रेणी,Statements
श्रीमती ज़ेन,Lady Jane
#-#-#-#-#balsa. HEAD. hi. po (Balsa 2. x) #-#-#-#-#हटाओ #-#-#-#-#gnome-desktop. HEAD. hi. po (gnome-desktop VERSION) #-#-#-#-#हटाएं #-#-#-#-#gnome-session. HEAD. hi. po (gnome-session VERSION) #-#-#-#-#हटाएं #-#-#-#-#gnome-utils. gnome-2-2. hi. po (gnome-utils 2.0) #-#-#-#-#हटाओ #-#-#-#-#nautilus. HEAD. hi. po (nautilus 2. x) #-#-#-#-#हटाएँ,/ Item / _ Remove
पत्तों हेतु ग्राफ़िक्स सहित फ़ाइल का नाम. ,The name of the file with the graphics for the cards.
आर्गुमेंट्सः,Arguments:
चिड़ी की छक्का के बगल में चिड़ी के पंजा को रखें. ,Place the six of clubs next to the five of clubs.
ईंट का छक्का के बगल में ईंट का पंजा को रखें. ,Place the six of diamonds next to the five of diamonds.
क्वातोर्जे,Quatorze
असीमित पुनः सौदों,Unlimited redeals
वुड,Wood
ईंट की तिक्की,three of diamonds
प्रतीक,Symbol
चिड़ी का सत्ता,seven of clubs
हुकुम का पंजा,five of spades
"फोकस योग्य% s में सारणी अंतराफलक है, कोई चयनीय अंतराफलक नहीं हैbutton has focused state without focusable state","focusable% s has a table interface, but not a selection interface"
टूटते तारे,Falling Stars
% s मुफ़्त सॉफ़्टवेयर है; इसे आप मुफ़्त सॉफ़्टवेयर फाउण्डेशन द्वारा प्रकाशित ग्नू जनरल पब्लिक लाइसेंस के तहत वितरित कर सकते हैं या परिवर्धित कर सकते हैं; लाइसेंस के% d संस्करण या इसके (अपने विकल्प अनुसार) बाद के संस्करण के तहत. ,"% s is free software; you can redistribute it and / or modify it under the terms of the GNU General Public License as published by the Free Software Foundation; either version% d of the License, or (at your option) any later version."
लागू नहीं,N / A
संस्थापित,Install
संघीय चौराहा,Union Square
लोगो चित्र,Log message:
घटनाओं हेतु ध्वनि बजाएँ या नहीं. ,Whether or not to play event sounds.
नया त्वरक... ,New accelerator…
ईंट का तिक्की के बगल में ईंट का दुक्का को रखें. ,Place the three of diamonds next to the two of diamonds.
कुलः,Total:
हुकुम का बादशाह,king of spades
स्मार्ट हाशिया,Parenthese indentation
पंक्ति ~ a के सबसे बायें के स्लॉट में दो को रखें. ,Place a two in the leftmost slot of row ~ a.
दबाएँ,Suppress
फ़ाइल,File
सौभाग्य,Fortunes
डेस्कटोप,Des _ ktop
उपकरण-पट्टी छुपाएँ या दिखाएँ,Show or hide the toolbar
ग्लेनवुड,Glenwood
ईंट का बेगम के बगल में ईंट का गुलाम को रखें. ,Place the queen of diamonds next to the jack of diamonds.
चिड़ी की अट्ठा के बगल में चिड़ी के सत्ता को रखें. ,Place the eight of clubs next to the seven of clubs.
खाली तस्वीर खाँचा पर पत्तों को ले जाएँ,Move a build of cards on to the empty Tableau slot
हुकुम का बादशाह,king of spades
बनाएँ,Create
खाली तस्वीर खाँचा पर,on to the empty tableau slot
एस्लेरियॉट के बारे में,About Aisleriot
स्तर,Level
चिड़ी का दहला हटाएँ. ,Remove the two of clubs.
गोल्फ,Golf
चोर,Thieves
चालीस चोर,Forty Thieves
लाल पान की तिक्की के बगल में लाल पान के दुक्का को रखें. ,Place the three of hearts next to the two of hearts.
~ a को एक लाल पान की बेगम पर ले जाएँ,Move ~ a onto the queen of hearts.
फ़ाइल प्रबंधक,File Manager
काला जोकर,black joker
ईंट का सत्ता,the seven of diamonds
~ a को चिड़ी का चौवा पर ले जाएँ,Move ~ a onto the four of clubs.
आवरण,Cover
हुकुम का इक्का,Move ~ a onto the ace of spades.
प्रोग्राम का संस्करण,Pauses the execution of the program
रूपांतरित करें (_ T) ,_ Transform
चुनाव को हटाएं (C _) ,C _ lear Selection
एक सूट,One Suit
प्लगइन्स,Plugins
चलाएँ,Execute
लाल पान की बेगम,Move ~ a onto the queen of hearts.
चयन (_ S) ,_ Selection
Icon:% s,Anjuta status to use in loading and unloading of plugins
ढूंढा जा रहा है,Searching
प्लग-इन दृश्य (% d) ,Plugin View (% d)
% (rolename) s सूची% (num) d पंक्ति और स्तंभ से मेल नहीं खातेparent indexrow and column index,% (rolename) s index% (num) d does not match row and column
न्यूनतम मान,Minimum value
श्रेणी,Declarations
प्राथमिकताः,Priority:
"संकेत (_ H) _ New ""is for the menu item 'Game-> New', implies"" New Game",_ Hint
चलाएँ (_ R) ,_ Run
Xlib,Xlib
हुकुम की बेगम,the queen of spades
अपवाद,EXCEPT
मेमोरी,Memory
बिल्ड (_ B) ,Build
हाइपरपाठ,H _ ypertext
एक छक्का को आप ढूंढ रहे हैं. ,You are searching for a six.
ऐसे सहेजें... (_ A) ,Save _ As...
जीताः,Wins:
नया पृथक्कारक (_ S) ,New _ Separator
न्यासslot type,foundation
विषय वस्तु के चारों ओर के उठाव का प्रकार,Show CPU register contents
सौभाग्य,Fortunes
संशोधनः,Bad revision:
बुकमार्क्स,Bookmar _ k
मेक्रोज़,Macros…
Anjuta के लिए नमूना प्लगिन. ,Symbol Database Plugin for Anjuta.
ईंट का अट्ठा,eight of diamonds
एक और पत्ता बाँटें,Deal another card
ताश के खेलः,Card games:
मेक्रोज़,Macro details:
अज्ञात पत्ता,Remove the unknown card.
लाल पान का बादशाह,king of hearts
शॉर्टकट्स,Shortcuts
स्टेटसबार को अपने अनुसार बदलें,C _ ustomize Shortcuts
% d:% 02d,% d:% 02d
लपेट,Plait
फ़ाइल खोलें,Open file
तस्वीर में एक खाली खाँचा,an empty slot on the tableau
फंक्शन,Function
सेः,From:
एक नहला को आप ढूंढ रहे हैं. ,You are searching for a nine.
हुकुम का दहला हटाएँ. ,Remove the ten of spades.
प्रविष्ट करें,_ Install (% s)
#-#-#-#-#balsa. HEAD. hi. po (Balsa 2. x) #-#-#-#-#छापें #-#-#-#-#gedit. gnome-2-2. hi. po (gedit VERSION) #-#-#-#-#प्रिंट #-#-#-#-#libgnomeprintui. gnome-2-2. hi. po (libgnomeprintui) #-#-#-#-#प्रिंट #-#-#-#-#nautilus. HEAD. hi. po (nautilus 2. x) #-#-#-#-#छापें,Print:
तीन पत्ते बांटें,Three card deals
कोई संकेत उपलब्ध नहीं है,No hint available
% s नियमित फाइल नहीं है,"The type ""% s"" is not a valid type."
विस्तारः,Extents:
% s संबंध के लिए अन्योन्य गायब है,Missing reciprocal for% s relation
घटना मानिटर,Event monitor
कठोर,Cruel
स्तर,Layer
~ a को एक लाल पान का नहला पर ले जाएँ,Move ~ a onto the nine of hearts.
पियर से प्रमाण पत्र लेने में असमर्थ,Unable to build user interface for tool variable
उपकरण-पट्टी (_ T) ,_ Toolbar
कोई फिल्टर का नाम निर्धारित नहीं है,No type attribute specified.
गलियां और चौबारा,Streets And Alleys
नहीं पढ़ा,No read
प्रिंट पूर्व दर्शन,Print Preview
Anjuta वर्ग जनक प्लगिन,Anjuta Class Generator Plugin
#-#-#-#-#file-roller. gnome-2-2. hi. po (File Roller hindi) #-#-#-#-#जोडे #-#-#-#-#gnome-utils. gnome-2-2. hi. po (gnome-utils 2.0) #-#-#-#-#जोड़ना,_ Add...
लाल पान की पंजा के बगल में लाल पान के चव्वा को रखें. ,Place the five of hearts next to the four of hearts.
खेल चुनें,Select Game
जारी रखें,Run / _ Continue
~ a को एक हुकुम का नहला पर ले जाएँ,Move ~ a onto the nine of spades.
वर्तमान शब्द,_ Toggle Current Fold
स्मार्ट हाशिया,Smart Indentation
यूनिकोड,Unicode
नहला,nine
मैं सुनिश्चित नहीं हूं,I 'm not sure
बचा मालः,Stock left:
मूलभूत मेनू लेआउट फिर भंडारित करें,Restore the default menu layout
नमूना प्लगिन,Sample Plugin
प्रसंग फाइल नाम,Theme file name
पूरा प्रोजेक्ट संस्थापित करें,Install whole project
विक्रेता,Vendor
स्मृति रिसाव,Memory leaks
% s तस्वीर परwasteslot hint,% s on tableau
मौजूदा चयन,Current selection
"संकेत (_ H) _ New ""is for the menu item 'Game-> New', implies"" New Game",_ Hint
पंक्ति,Row
ताश प्रसंग इंस्टाल करें... ,Install card themes…
C + +/GObject Class,C + + / GObject Class
संपादित करेंmenu,_ Edit
अंतिम पूर्ववत् किए क्रिया को दोहराएँ,Redo the last undone action
ज़ूम आउट,Zoom Out
% s रिजर्व परstockslot hint,% s on reserve
छवि,_ Image editor:
बेकार को भण्डार में ले जाएँ,Move waste to stock
गुण,Properties
सुरक्षित खाँचा पर बेकार को ले जाएँ,Move ~ a onto the reserve.
सार्वत्रिक फटाफट कुंजियां,Global Hotkeys
#-#-#-#-#file-roller. gnome-2-2. hi. po (File Roller hindi) #-#-#-#-#नामः #-#-#-#-#gnome-desktop. HEAD. hi. po (gnome-desktop VERSION) #-#-#-#-#नाम: ,Value Name:
चिड़ी का चौवा,four of clubs
मूल,Basic
नियंत्रण (_ C) ,_ Control
कमांडः,Command:
विशेषताएँ,Project properties
निर्देश चलाएं,Build command:
हाल में खेले गए खेल के नाम. ,A list of recently played games.
यह खेल कोई संकेत उपलब्ध कराने में असमर्थ है. ,This game is unable to provide a hint.
हाइलाइटन,Highlighting
चिड़ी का बादशाह हटाएँ. ,Remove the jack of clubs.
इंडेन्टेशन की पिक्सेल संख्या,Use tabs for indentation
दाखिल हो रहा हैः% s,Executing:% s
क्या पंक्ति संख्याएं दिखाना है,Whether to display line numbers
एक खाली खाँचा,an empty reserve
दोषमुक्त करें,DEBUG
स्टाकslot type,stock
हिब्रू दृश्य,Hebrew Visual
लाल पान का गुलाम,jack of hearts
गे गोरडोन्स,Gay Gordons
ओडेसा,Odessa
~ a को एक खाली फील्ड में ले जाएँ,Move ~ a onto an empty right slot.
अग्रभूमि का रंगः,Foreground color:
लाल पान का नहला,Move ~ a onto the nine of hearts.
मध्यम,Medium
डिबगिंग सूचनाओं को प्रिंट करें,Getting ready to start debugging session...
बढ़ने के लिये क्लिक करें (_ C) ,_ Click to Move
पूर्ण,Completed
लाल पान की तिक्की के बगल में लाल पान के दुक्का को रखें. ,Place the three of hearts next to the two of hearts.
मकड़ी,Spider
कोई तारीख़ नहीं,No Date
निर्देशिका बिल्ड करेंः,Build Directory:
स्वतः पूर्ण (_ A) ,_ Auto - Complete
महत्वपूर्ण,Important
परियोजना बन्द करें,Import project
मेमोरी,Memory
तारीख़,Date
इक्का,ace
भराई का रंगः,Fill color:
अरबी,Arabic
लाल पान की बेगम के बगल में लाल पान के गुलाम को रखें. ,Place the queen of hearts next to the jack of hearts.
"जब तक अत्यधिक आपात् स्थिति न हो, रक्त-बन्ध की सिफारिश नहीं की जाती",Tourniquets are not recommended unless in the direst emergency
लाइसेंस,License
GtkSourceView Editor,GtkSourceView Editor
हुकुम का सत्ता,seven of spades
तिहरी चोटी,Triple Peaks
पंजी ताजा करें (_ R) ,_ Refresh Registry
एक से अधिक विडजेट फोकस में है,more than one focused widget
गाढ़ा,Bold
भराई के रंग को हाइलाइट करें,Highlight fill color
लाल पान की छक्का के बगल में लाल पान के पंजा को रखें. ,Place the six of hearts next to the five of hearts.
कालटिप्स दिखाएँ,Show calltips
फाइल% s संग्रहित नहीं की जा सकी,Could not save intermediate file% s:% s.
चिड़ी का दहला,the ten of clubs
ईंट का सत्ता,seven of diamonds
स्रोत,Source
क्रिया,Manage associations
उपकरण-पट्टी छुपाएँ या दिखाएँ,Show or hide statusbar
उपकरण पर लिखने में असमर्थ% s,Currently activated plugins
टैग,Run Target...
मुख्य मेन्यू,Main Menu
ईंट की बेगम के बगल में ईंट के वादशाह को रखें. ,Place the king of diamonds next to the queen of diamonds.
प्रथम आधार ढेर हेतु अतिरिक्त में से एक ताश का पत्ता चुनें,Select a card from the reserve for first foundation pile
भराई का रंगः,Fill color:
प्लगइन्स,Plugins
प्रोजेक्ट इंपोर्ट सहायक,Project Import Assistant
कोई डील फिर नहीं,No redeals
#-#-#-#-#gtk +. gtk-2-2. hi. po (gtk22 VERSION) #-#-#-#-#सूचना #-#-#-#-#gtkhtml. HEAD. hi. po (GtkHTML 2. x) #-#-#-#-#जानकारी #-#-#-#-#libgnomeui. HEAD. hi. po (libgnomeui HEAD) #-#-#-#-#सूचना,Information
बदलाव,Edit Item
हुकुम का बादशाह,king of spades
स्थानीय,Local
हुकुम का गुलाम,the jack of spades
लाल पान की सत्ता के बगल में लाल पान के छक्का को रखें. ,Place the seven of hearts next to the six of hearts.
कार्ड चालों में एनीमेशन उपयोग करें या नहीं. ,Whether or not to animate card moves.
बीयर रिवर,Bear River
#-#-#-#-#gedit. gnome-2-2. hi. po (gedit VERSION) #-#-#-#-#फोन्ट नाम #-#-#-#-#gtk +. gtk-2-2. hi. po (gtk22 VERSION) #-#-#-#-#फोन्ड नाम #-#-#-#-#libgnomeui. HEAD. hi. po (libgnomeui HEAD) #-#-#-#-#फोन्ट नाम,Interface:
Pixmap डायरेक्टरी,_ Pixmap editor:
अधिकतम मान,Maximum value
दस्तावेज़,Documents
अंगूठा और पॉकेट,Thumb And Pouch
चिड़ी का दहला,ten of clubs
स्टार्टअप,start
फ्रीसेल सॉलिटेयर,FreeCell Solitaire
उपज,Yield
को,Top
तेज चुनाव,Quick Select
स्मार्ट हाशिया सक्रिय करें,Enable smart indentation
ताश को फिर से जमाने की कोशिश करें,Try rearranging the cards
प्रविष्ट,INS
तस्वीर में एक खाली खाँचा,an empty slot on the tableau
उत्तमः,Best:
आईपाइथन कन्सोल,IPython Console
चुने गए एक्सेसेबेल,Selected accessible
हाथापाई,Scuffle
खोज का तरीका,Search Toolbar
ओडेसा,Odessa
कंट्रोल,Ctrl
अद्यतन,Up - to - date
परियोजना विकल्प,Import options
बाल्टिक,Baltic
"चुने गए प्रकारों और स्रोतों से घटनाएं जैसे-जैसे घटित होती हैं, उन्हें दर्शाता है",Shows events as they occur from selected types and sources
व्यवसाय,Business
प्रवेश सहायक,Lo _ gin Helper
हुकुम का अट्ठा,the eight of spades
पाँच मूलाधार,Five Foundations
Memcheck Addrcheck Helgrind,Memcheck Addrcheck Helgrind
खेल (_ G) ,_ Game
रिसेट करें (_ R) ,_ Reset
Qcard symbol,Q
9,9
एक नया खेल प्रारंभ करें,Start a new game
हुकुम की तिक्की,Move ~ a onto the three of spades.
लॉग देखिए,_ View log…
भूल भुलैया,Maze
लाल पान की सत्ता के बगल में लाल पान के छक्का को रखें. ,Place the seven of hearts next to the six of hearts.
निजी गुणों को छिपाएं,Hide private attributes
"जब आप सड़क पार करें, तो दोनों तरफ देखें",Look both ways before you cross the street
~ a को एक लाल पान का दहला पर ले जाएँ,Move ~ a onto the ten of hearts.
कैनसास,Kansas
कोई चाल नहीं. ,No moves.
"सूर्य किरणें आपको विटामिन डी देती हैं, कम्प्यूटरों के मॉनीटर्स नहीं... ",Monitors won 't give you Vitamin D - - but sunlight will...
ईंट का बेगम के बगल में ईंट का गुलाम को रखें. ,Place the queen of diamonds next to the jack of diamonds.
अनुप्रयोग की पहुंचनीयता का सत्यापन करता है,Validates application accessibility
कचरा (T) ,_ Transform
कोई सीमा नहीं,No Limit
नई pluginviews उपलब्ध है,Available new pluginviews
प्लग-इन त्रुटियांviewport,Plugin Errors
ताश शैली (_ C) ,_ Card Style
अंतिम बार फोकस किए गए एक्सेसेबल को जांचें,Inspect last focused accessible
सूचना दिखाने वाली लकीर,Confim the following information:
प्रोजेक्ट लोड करने में असमर्थ,Failed to read '% s':% s
एक खाली तस्वीर,an empty tableau
ऊपरी पटल,Top panel
हाइलाइटन,Highlighting
चिड़ी का दहला,ten of clubs
पीछे,Backward
पंजी ताजा करें (_ R) ,_ Refresh Registry
प्रवाहित करनेयोग्य विषयवस्तु,St _ reamable Content
शीर्षकः,Header:
चिड़ी का अट्ठा,the eight of clubs
सत्ता मिटाएँ,Remove the sevens
आधार पत्ताः बादशाह,Base Card: King
ध्वनि,Sound
अग्रभूमि का रंगः,Foreground color:
स्तंभ,Columns
श्रेणी,Create API tags:
ओडेसा,Odessa
नया फ़ाइल,New File
~ a को ईंट का अट्ठा पर घुमाएँ. ,Move ~ a onto the eight of diamonds.
पूरा प्रोजेक्ट साफ करें,Clean whole project
कार्य डायरेक्टरी,CVS: Log file / directory
नमूना फाइल आपरेशन,Sample file operations
जोकर मिटाएँ,Remove the jacks
पाश्व रंग,Back color:
एडीटर,_ Add Editor View
क्रिया,Actions
दरी,Carpet
ईंट की बेगम,queen of diamonds
आवाज चालू करें,Enable Debugging
हुकुम का सत्ता,Move ~ a onto the seven of spades.
अंतिम बार फोकस किए गए एक्सेसेबल को जांचें,Inspect last focused accessible
स्थान (_ L): ,_ Location:
चिड़ी का अट्ठा,the eight of clubs
श्रीमती ज़ेन,Lady Jane
सताने वाला किला,Beleaguered Castle
प्रतीक,Icons
परिभाषा खिड़की दिखाएं/छिपाएं... (_ S) ,Brace indentation size in spaces:
एकल प्लग-इन दृश्य,Single layout view
चौदह,Fourteen
वर्तमान फाइल को प्रिंट करें,Print the current file
अंजूटा दस्तावेज मैनेजर,Todo Manager
ईंट का छक्का,six of diamonds
जानकारी,General Project Infromation
एक और पत्ता बाँटें,Deal another card
कार्ड थीम “% s” के साथ कार्ड दिखाएं,Display cards with “% s” card theme
हाइपरकड़ी,Hyperlink
एथेना,Athena
प्रोजेक्ट विन्यस्त करें,Configure Project
Anjut के लिए टूडू प्लगिन,Todo Plugin for Anjuta.
नया (_ N) _ New Game,_ New
भारी भरकम,Jumbo
ईंट का बादशाह,king of diamonds
~ a को चिड़ी का बादशाह पर घुमाएँ. ,Move ~ a onto the king of clubs.
घटना मानिटर,Event Monitor
चलाने लायक टेक्स्ट फाइल,Options
लायब्रेरी,Libraries
सारणी सूचना,Table Information
दक्षिण यूरोपीय,South European
% u फाइल्स,* Output Source File:
बचा मालः 0,Stock left: 0
सीहैवन,Seahaven
पत्तों के ढेर को आसपास ले जाने की कोशिश करें,Try moving card piles around
उन प्लग-इनों की सूची जिन्हें डिफोल्ट रूप से निष्क्रिय किया गया है,A list of plugins that are disabled by default
दुक्की मिटाएँ,Remove the twos
पुस्तक-चिह्न जोड़ें... ,Add Bookmark...
सत्यापन,V _ alidate
"% s में% s स्थिति है, पर उसके साथ% s स्थिति नहीं है",% s has% s state without% s state
प्रोफ़ाइल,Profiles
एक दौर और चलें,Deal another round
पोकर हाथ तैयार करने हेतु ताश के पत्तों को जमाएँ,Place cards on to the Tableau to form poker hands
~ a को चिड़ी का इक्का पर घुमाएँ. ,Move ~ a onto the ace of clubs.
हुकुम का बादशाह हटाएँ. ,Remove the eight of spades.
कृपया खाली ढेर को पहले भरें. ,Please fill in empty pile first.
ईंट की तिक्की,Move ~ a onto the three of diamonds.
लाल जोकर,red joker
आकार,Size
ईंट का दहला,ten of diamonds
नियम संपादित करें,Edit Rules
किला,Fortress
"You should have received a copy of the GNU General Public License along with% s; if not, write to the Free Software Foundation, Inc., 51 Franklin Street, Fifth Floor, Boston, MA 02110-1301 USA","You should have received a copy of the GNU General Public License along with% s; if not, write to the Free Software Foundation, Inc., 51 Franklin Street, Fifth Floor, Boston, MA 02110 - 1301 USA"
पता,Address:
बाल्सा को कान्फिगर करो,Configure external tools
प्रोग्राम पैरामीटर,Program Parameters
संवेदनशील,Sensitive
लाल पान का अट्ठा,the eight of hearts
"% d% d ""in this string this to""% Id% d% d%%%%% ""(U + 0025 PERCENT SIGN) you do NOT need to escape it with another""% ",% d
सोना खदान,Gold Mine
औजार (_ T) ,_ Tools
0 फाइल्स,Diff files
एक पत्ता बांटें,Deal a card
कोई संकेत अभी उपलब्ध नहीं है,No hint available right now
वरीयताएं (_ P) ,_ Preferences
जावा सोर्स कोड,Java source files
आइकन फाइलः,Icon File:
लॉग देखिए,View Log
~ a को एक लाल पान का बादशाह पर ले जाएँ,Move ~ a onto the king of hearts.
फिल्टर का मिलान हुआ है,File / Directory to patch
चौदह,Fourteen
ईंट का पंजा,the five of diamonds
पथ,Path
ध्वनि फाईल बचाएँ,Space after Cast
न्यूनतम मान,Minimum value
एक% s को आप ढूंढ रहे हैं. ,You are searching for an eight.
हुकुम की बेगम,queen of spades
टैग लिस्ट प्लगइन,SamplePlugin
खाली खाँचा में कुछ ले जाने के बारे में विचार करें,Consider moving something into an empty slot
कोई चाल बाकी नहीं,There are no more moves
दस्ताबेज के प्रकार की परिभाषा,Goto symbol definition
अज्ञात पत्ता,face - down card
स्थिति,Condition
अंतिम पूर्ववत् किए क्रिया को दोहराएँ,Redo the last undone action
नया खेल (_ N) ,_ New Game
त्यागें (_ A) ,_ Abort
रंग का नाम,Class Name:
सीमांत रंगः,Border color:
चाल वापस लें (_ U) ,_ Undo Move
हटाएं (_ R) ,_ Remove
शीर्ष,Head
चुने गए एक्सेसेबेल,Selected accessible
पूर्ण,Completed
फिर बांटने के लिये किसी कार्ड को दो बार क्लिक करें,Double click any card to redeal.
नया पृथक्कारक (_ S) ,New _ Separator
संवेदनशील,Sensitive
काला जोकर,black joker
अरबी,Arabic
यह चयन याद रखें,Remember this selection
टैग,% sTarget:% s
गैर संस्करण,Unversioned
सारणी (_ T) ,_ Table
लाल पान का दहला,Move ~ a onto the ten of hearts.
#-#-#-#-#gedit. gnome-2-2. hi. po (gedit VERSION) #-#-#-#-#वरीयता #-#-#-#-#gnome-applets. gnome-2-2. hi. po (gnome-applets 2. x) #-#-#-#-#वरीयता #-#-#-#-#gnome-media. HEAD. hi. po (gnome-media 2.0) #-#-#-#-#वरियताएँ #-#-#-#-#nautilus. HEAD. hi. po (nautilus 2. x) #-#-#-#-#प्राथमिकताएँ,Preferred plugins
~ a को एक ईंट की बेगम पर ले जाएँ,Move ~ a onto the queen of diamonds.
"सिर्फ इसलिए कि हापस्काच बोर्ड पारपथ जैसे दिखता है, इसका मतलब यह नहीं कि वह यही है",Just because a crosswalk looks like a hopscotch board doesn 't mean it is one
इक्का मिटाएँ,Remove the aces
स्वचालित,Automatic
परिभाषा खिड़की दिखाएं/छिपाएं... (_ S) ,View indentation whitespaces
आधार पत्ताः,Base Card:
चिड़ी का नहला,the nine of clubs
ताश शैली (_ C) ,_ Card Style
लाल पान का बादशाह,king of hearts
~ a को एक लाल पान का पंजा पर ले जाएँ,Move ~ a onto the five of hearts.
मेकफाइल आधारित परियोजना,Makefile - based project
पीछे,Backward
क्या आप निश्चित है कि आप ट्रेश की सभी आयटम्स हमेशा के लिए डिलीट करना चाहते हैं,Are you sure you want to delete all the breakpoints?
पुस्तक-चिह्न जोड़ें... ,Add Bookmark...
हुकुम का दुक्का,two of spades
"संकेत (_ H) _ New ""is for the menu item 'Game-> New', implies"" New Game",_ Hint
प्रतीक,Icon
चुनें कि कार्ड खींचना है या गंतव्य के बजाय श्रोत पर क्लिक करना है. ,Select whether to drag the cards or to click on the source then the destination.
रीढ़,Backbone
असीमित पुनः सौदों,Unlimited redeals
स्तर छोडें (_ l) ,Called
"रीसेट करें (_ R) _ Restart ""is the menu item 'Game-> Restart', implies"" Restart Game",_ Reset
दस्तावेज़ (_ D) ,_ Documents
विकल्प,Options
पोकर,Poker
हुकुम की सत्ता के बगल में हुकुम के छक्का को रखें. ,Place the seven of spades next to the six of spades.
लाल पान का दहला,ten of hearts
एक खाली तस्वीर,an empty tableau
एक नया प्रोजेक्ट बनाएं,Save as glade project
प्रयोक्ता,User
बेसिक सूचना,Basic information
फ्रीसेल सॉलिटेयर के बारे में,About FreeCell Solitaire
औजार बक्सा,Toolkit
"संकेत (_ H) _ New ""is for the menu item 'Game-> New', implies"" New Game",_ Hint
कार्य,Tasks
डाक,Mail
चोर,Thieves
भारी भरकम,Jumbo
सभी मिटाएँ,Remove bookmark
~ a को लाल पान का चव्वा पर घुमाएँ. ,Move ~ a onto the four of hearts.
राज्य,States
% s अपशिष्ट पर,% s on waste
आक्टेल अनुमतियां,No permission to read the file.
#-#-#-#-#file-roller. gnome-2-2. hi. po (File Roller hindi) #-#-#-#-#नामः #-#-#-#-#gnome-desktop. HEAD. hi. po (gnome-desktop VERSION) #-#-#-#-#नाम: ,_ Name
चिड़ी का इक्का,the ace of clubs
खेल सांख्यिकी दिखायें,Show gameplay statistics
वेलेंटाइन,Valentine
अट्ठा मिटाएँ,Remove the eights
वृश्चिक,Scorpion
न्यूनतम मान,Minimum value
हुकुम का छक्का,six of spades
विकल्प,Build
बाज पंख,Eagle Wing
जैंगो परियोजना सूचना,Django Project information
हुकुम की बेगम के बगल में हुकुम के वादशाह को रखें,Place the king of spades next to the queen of spades.
पत्तों को फिर फेंटें,Reshuffle cards
लाल पान का चव्वा,four of hearts
7number,7
फाइल्स डिलीट कर दी,All breakpoints enabled.
लाल जोकर,the red joker
- Integrated Development Environment,- Integrated Development Environment
श्रोत दिखाएं,View Source
ब्रेकपाइंट को समायोजित करें,Enable Breakpoint
प्रारंभ,Start: 0
प्रोफ़ाइल नाम,Profile Name
Anjuta फाइल सहायक प्लगिन,Anjuta File Assistant Plugin
पिछला हिस्सा,Previous _ History
फोन्ट स्टाइल,Autoformat style
ईंट का दुक्का,the two of diamonds
वुड,Wood
ढूंढने के लिए फाइल का नाम दो,Enter the line number to jump and press enter
मान,Value
ताश के खेलः,Card games:
~ a को एक लाल पान का दुक्का पर ले जाएँ,Move ~ a onto the two of hearts.
ईंट की बेगम,the queen of diamonds
शॉर्टकट,Shortcut
काल्स,Calltips
खेल चुनें... (_ S) ,_ Select Game…
खेल के पास कोई हल नहीं है. वापस ले या फिर शुरू करें. ,The game has no solution. Undo or start again.
मैनेजर प्लगिन डिबग करें,Debug Manager plugin.
% s भण्डार परtableauslot hint,% s on stock
नहला मिटाएँ,Remove the nines
प्रोजेक्ट साफ करें (_ C) ,Recent Projects
व्यंजक पर सहायता,Single step into function
ईंट का नहला,the nine of diamonds
प्रारंभ,Start: 0
चिड़ी का सत्ता,the seven of clubs
तिहरी चोटी,Triple Peaks
आधार पत्ताः इक्का,Base Card: Ace
श्रीमती ज़ेन,Lady Jane
परियोजना विकल्प,Project options
एक खाली खाँचाstockslot hint,% s on reserve
"% d% d ""in this string this to""% Id% d% d%%%%% ""(U + 0025 PERCENT SIGN) you do NOT need to escape it with another""% ",% d
कंट्रोल,Ctrl
प्रोफ़ाइल,Profiles
शीर्षक,Title
एक दुक्की को आप ढूंढ रहे हैं. ,You are searching for a two.
लाल पान का इक्का,ace of hearts
इस विंडो को बन्द करें,Close this window
डिफ,Diff
यह एक डायरेक्टरी है,Ignore files and directories
#-#-#-#-#gedit. gnome-2-2. hi. po (gedit VERSION) #-#-#-#-#बदलें/परिवर्तित करें #-#-#-#-#gtkhtml. HEAD. hi. po (GtkHTML 2. x) #-#-#-#-#बदलो #-#-#-#-#nautilus. HEAD. hi. po (nautilus 2. x) #-#-#-#-#बदलना,Replace With:
8number,8
~ a को एक हुकुम का छक्का पर ले जाएँ,Move ~ a onto the six of spades.
कोई सीमा नहीं,No Limit
परियोजना नामः,_ Group name:
एनीमेशन,Animations
बढ़ें,Grow
चिड़ी की दुक्की,two of clubs
हुकुम का अट्ठा,eight of spades
चिड़ी का सत्ता,Move ~ a onto the seven of clubs.
सभी बंद करें,Close All
"चुने गए प्रकारों और स्रोतों से घटनाएं जैसे-जैसे घटित होती हैं, उन्हें दर्शाता है",Shows events as they occur from selected types and sources
प्रविष्ट,Insert
लाल पान की सत्ता के बगल में लाल पान के छक्का को रखें. ,Place the seven of hearts next to the six of hearts.
ईंट का नहला के बगल में ईंट का अट्ठा को रखें. ,Place the nine of diamonds next to the eight of diamonds.
पंक्ति ~ a में श्रृंखला में जोड़ें. ,Add to the sequence in row ~ a.
कुत्ते के कान में कभी सीटी नहीं बजाएँ,Never blow in a dog 's ear
चिड़ी का दहला हटाएँ. ,Remove the five of clubs.
नया प्रोजेक्ट बनाएं,Project Wizard
ईंट का बादशाह हटाएँ. ,Remove the king of diamonds.
हॉपस्कॉच,Hopscotch
एग्नेस,Agnes
चिड़ी का बादशाह हटाएँ. ,Remove the eight of clubs.
आधार पत्ताः ~ a,Base Card: ~ a
नाम,Name
वर्तमान खेल पुनःप्रारंभ करें,Restart the game
चुनें कि कार्ड खींचना है या गंतव्य के बजाय श्रोत पर क्लिक करना है. ,Select whether to drag the cards or to click on the source then the destination.
जेनेरिक C + + प्रोजेक्ट,A generic GTKmm (C + +) project
ताश के पत्तों को ढेर में वापस करें,Return cards to stock
हुकुम की तिक्की,three of spades
एक नयी फाइल का निर्माण करें,Create a Task List
मत रिपोर्ट करें (_ D) ,_ Don 't report
ईंट की बेगम,the queen of diamonds
पत्ते बाँटें,Deal the cards
आधार पत्ताः,Base Card:
प्रोजेक्ट संस्थापित करें (_ I) ,Initializing Project...
फाइल% s संग्रहित करें,Save glade file as...
पिछला दस्तावेज़,Previous Document
#-#-#-#-#gtk +. gtk-2-2. hi. po (gtk22 VERSION) #-#-#-#-#मोड (रूप) #-#-#-#-#libgnomeui. HEAD. hi. po (libgnomeui HEAD) #-#-#-#-#मोड,Modules
स्थिति पट्टी (_ S) ,_ Statusbar
दस्तावेज़ (_ D) ,_ Documents
make (\\ [\\d + \\])?: \\s + Leaving\\s + directory\\s + `(. +) ',make (\\ [\\d +\\])?: \\s + Leaving\\s + directory\\s + `(. +) '
अनुप्रयोग की पहुंचनीयता का सत्यापन करता है,Validates application accessibility
डिफोल्टों को शामिल करें,Include defaults
ईंट की बेगम,the queen of diamonds
क्षैतिज विभाजन,Horizontal split
लाल पान की दहला के बगल में लाल पान के नहला को रखें. ,Place the ten of hearts next to the nine of hearts.
हाइलाइट किया गया भराई का रंग और पारदर्शिता। ,The color and opacity of the highlight fill.
अंतिम प्रविष्ट घटना को हाइलाइट करो,Highlight last event entry
~ a को चिड़ी की बेगम पर ले जाएँ,Move ~ a onto the queen of clubs.
ताश बांटना बाकीः,Redeals left:
चिड़ी का छक्का,the six of clubs
सभी,Everything
% s आरक्षितstockslot hint,% s on reserve
"% s जिस पर कार्रवाई हो सकती है, वह न तो फोकस करने योग्य है न ही चयनीय",actionable% s is not focusable or selectable
माॅड्यूल फाइल नाम,Help module Makefile. am
फ़ाइल को जोडे... (_ F) ,Fin _ d in Files...
लाल पान का छक्का,the six of hearts
हुकुम का नहला,nine of spades
हुकुम की बेगम,the queen of spades
विधि,Method
तेज चुनाव,Quick Select
नमूना SDL प्रोजेक्ट,A sample SDL project
~ a को एक खाली तस्वीर खाँचा पर ले जाएँ. ,Move ~ a onto an empty tableau slot.
फिर बांटें,Redeal.
~ a को एक हुकुम का दुक्का पर ले जाएँ,Move ~ a onto the two of spades.
पत्ते बाँटें,Deal the cards
छवि (_ I) ,_ Image
त्रुटि,Errors:
पीछे,Backward
स्तर छोडें (_ l) ,File Filter
फ़ॉन्ट,Font
ईंट का सत्ता,the seven of diamonds
परियोजना बन्द करें,Close project
लाल पान की चव्वा के बगल में लाल पान के तिक्की को रखें. ,Place the four of hearts next to the three of hearts.
बायीँ डीलः ~ a,Deals left: ~ a
परियोजना प्रबंधक,Project Manager
~ a को एक लाल पान की तिक्की पर ले जाएँ,Move ~ a onto the three of hearts.
निर्देश पुस्तिका,Main Class:
अपारिभाषित,undefined
एक% s को आप ढूंढ रहे हैं. ,You are searching for a jack.
इस खेल के लिये सहायता दिखायें,View help for this game
अनियत चौड़ाई,Available plugins
हुकुम की बेगम,queen of spades
मेक्रोज़,Macros
हाइलाइट मोड (_ H) ,_ Highlight Mode
सहेजें (_ S) ,_ Save
जेनेरिक C + + प्रोजेक्ट,A generic C + + project
काल्स,Calltips
ग्लेनवुड,Glenwood
चिड़ी का दहला हटाएँ. ,Remove the two of clubs.
कठोर,Cruel
पहला नियम,First Law
वितरण पैकेज रिपोसिटरीज़ से नए कार्ड गेम प्रसंग संस्थापित करें,Install new card themes from the distribution packages repositories
शतरंज,Chessboard
हुकुम का चव्वा,four of spades
हाइलाइट बक्से का सीमांत रंग,The border color of the highlight box
पुनः लोड करें (_ R) ,_ Reload
एक खाली शीर्ष खाँचा,an empty top slot
एक्सेर्साइसर पहुंचनीयता अन्वेषक,Accerciser Accessibility Explorer
कानफिगर (_ n) ,Run Configure Script
स्तंभ,Col
कुछ,something
फ्लैग की स्थिति,Tag _ Definition
ईंट का बादशाह हटाएँ. ,Remove the eight of diamonds.
ईंट का इक्का,the ace of diamonds
प्रोजेक्ट बंद करें,_ Install Project
सापेक्ष स्थिति,Relative position
~ a को एक ईंट का दुक्का पर ले जाएँ,Move ~ a onto the two of diamonds.
एमडीआई-जेड-क्रम,MDI - Z - order
प्रवाहित करनेयोग्य विषयवस्तु,St _ reamable Content
औज़ार,Tools
तयशुदा विंडो ऊंचाई,Default window height
बिल्ड% d:% s,Build% d:% s
हुकुम का दुक्का,two of spades
~ a को चिड़ी का नहला पर ले जाएँ,Move ~ a onto the nine of clubs.
चव्वा मिटाएँ,Remove the fours
दिखाएँ,Show
खाली तस्वीर खाँचा पर,on to the empty tableau slot
"% s is distributed in the hope that it will be useful, but WITHOUT ANY WARRANTY; without even the implied warranty of MERCHANTABILITY or FITNESS FOR A PARTICULAR PURPOSE. See the GNU General Public License for more details. ","% s is distributed in the hope that it will be useful, but WITHOUT ANY WARRANTY; without even the implied warranty of MERCHANTABILITY or FITNESS FOR A PARTICULAR PURPOSE. See the GNU General Public License for more details."
Generic python (automake) ,Generic python (automake)
अनुप्रयोग से बाहर जाएं,_ Execute program
% s झांकी परwasteslot hint,% s on tableau
फाइल को खोलने में असमर्थ,Unable to open the file:% s
टिप्पणीः परिवर्तन सत्रांत (लोगआउट) के बाद ही प्रभाव में आएंगे। ,Note: Changes only take effect after logout.
प्रोजेक्ट नाम,No project loaded
क़िस्मः,Type:
सिन्योर,Signora
ईंट का अट्ठा,Move ~ a onto the eight of diamonds.
चयनित,Paste selection
डेवलेपर ईमेल पताः,Developer email address:
सहायता,/ _ Help
पुष्टि कर रहे हैं,Validating
नया दृश्य... ,New View...
बचा मालः,Stock left:
इस समय चुने गए एक्सेसेबेल से काम लेने के लिए अंतर्क्रियात्मक कन्सोल,Interactive console for manipulating currently selected accessible
पाठ,Text
स्थिर घोषणाओं को छोड़ दें,Tag Declaration
फाइल% s नहीं मिली,Not local file:% s
सीमांत (बोर्डर) के रंग को हाइलाइट करें,Highlight border color
प्ले प्रगति पर,Creating% s (using AutoGen)...% s
लाल पान का दहला,the ten of hearts
~ a को एक खाली दाएँ स्लॉट में ले जाएँ. ,Move ~ a onto an empty right slot.
तालिकाslot type,tableau
ध्वनि,Sound
"% d% d ""in this string this to""% Id% d% d%%%%% ""(U + 0025 PERCENT SIGN) you do NOT need to escape it with another""% ",% d
~ a को एक चिड़ी की तिक्की पर ले जाएँ,Move ~ a onto the three of clubs.
सीमांत (बोर्डर) के रंग को हाइलाइट करें,Highlight border color
कुंजी,Key
लाल पान का सत्ता,the seven of hearts
दस्तावेज़,Man Documentation
अंजूटा,Anjuta Plugin
मेकफाइल परियोजना,Makefile project
~ a को एक चिड़ी की तिक्की पर ले जाएँ,Move ~ a onto the three of clubs.
प्लगइन्स,Plugins
अभी सक्रिय प्लगिन,Currently activated plugins
संकेत,Symbols
घटनाओं हेतु ध्वनि बजाएँ या नहीं. ,Whether or not to play event sounds
चिड़ी की चौवा के बगल में चिड़ी के पंजा को रखें. ,Place the five of clubs next to the four of clubs.
चुनें एक फ़ोल्डर,Select a Folder
कोई चाल संभव नहीं. वापस लें या फिर शुरू करें,No moves are possible. Undo or start again.
पसंद (_ P)... ,_ Preferences...
आधार पर खाली स्लॉट,an empty slot on the foundation
तिहरी चोटी,Triple Peaks
जोड़ा,Doublets
~ a को लाल पान का सत्ता पर घुमाएँ. ,Move ~ a onto the seven of hearts.
#-#-#-#-#anjuta2. HEAD. hi. po (anjuta2 VERSION) #-#-#-#-#प्रविष्ट करें #-#-#-#-#gnome-utils. gnome-2-2. hi. po (gnome-utils 2.0) #-#-#-#-#भरो #-#-#-#-#gtkhtml. HEAD. hi. po (GtkHTML 2. x) #-#-#-#-#डालो (I) ,_ Insert text
UI कानफिगर करें,Run C _ onfigure...
ईंट का दुक्का,the two of diamonds
सान्स,Basic
लाइसेंस,No License
चिपकाएँ (_ P) ,_ Paste
एक खाली फाउन्डेशन स्लाट,an empty foundation slot
खेल पुनः प्रारंभ करें,Statistics of games played
एक हाथ और बांटें,Deal another hand
दहला मिटाएँ,Remove the tens
"% s में% s स्थिति है, पर उसके साथ% s स्थिति नहीं है",% s has% s state without% s state
दुक्की मिटाएँ,Remove the twos
नीचे पैनल pluginview के लिए लेआउट. ,The layout for the bottom panel pluginview.
हुकुम का गुलाम,jack of spades
चुनाव को हटाएं (C _) ,C _ lear Selection
एक खाली फाउण्डेशन जगह,an empty foundation place
फाइल कापी करें,Choose Files:
देखें (_ V) ,_ View
हुकुम की बेगम,the queen of spades
लाल पान का दहला हटाएँ. ,Remove the four of hearts.
% (rolename) s अभिभावक सूची% (num1) d पंक्ति और स्तंभ सूची% (num2) d से मेल नहीं खाते,% (rolename) s parent index% (num1) d does not match row and column index% (num2) d
सारणी,Enable line wrap
खोलें (_ O)... ,_ Open...
वितरण पैकेज रिपोसिटरीज़ से नए कार्ड गेम प्रसंग संस्थापित करें,Install new card themes from the distribution packages repositories
सारणी सूचना,Table Information
अंजूटा symbol ब्राउजर फैक्ट्री,Symbol Browser
प्रतिशतः,Percentage:
सबवर्सन,Subversion
खाली खाँचा पर कुछ रखें,Place something on empty slot
बाल्सा सूचना,Basic information
चिड़ी का बादशाह,king of clubs
हुकुम का दहला हटाएँ. ,Remove the four of spades.
चिड़ी का बादशाह हटाएँ. ,Remove the king of clubs.
सार्वत्रिक फटाफट कुंजियां,Global Hotkeys
नियम संपादित करें,Edit Rules
घटना रोजनामचा मिटाओ,Clear event log
अज्ञात मान,Unknown value
ताश के पत्तों को ढेर में वापस करें,Return cards to stock
लाल पान का छक्का,the six of hearts
1number,1
फाइल% d लोड हो रही है,Loaded Session...
सुधारें,Modify
श्रीमती ज़ेन,Lady Jane
कैरेक्टर,Char
ज़ूम,Zoom
~ a को चिड़ी का गुलाम पर घुमाएँ. ,Move ~ a onto the jack of clubs.
लाल पान की तिक्की,the three of hearts
लाल पान का अट्ठा,eight of hearts
ताज़ा करें,Refresh
आधार पत्ताः जोकर,Base Card: Jack
शीर्षकः,Caption:
अज्ञात पत्ता,Remove the unknown card.
~ a को एक लाल पान का इक्का पर ले जाएँ,Move ~ a onto the ace of hearts.
चिपकाएँ (_ P) ,_ Paste
विल औ द विस्प,Will O The Wisp
एसलिरियोट एक नियम आधारित सॉलिटेयर कार्ड इंजन देता है जो कई भिन्न खेल खेलने के लिए अनुमति देता है. ,Aisleriot provides a rule - based solitaire card engine that allows many different games to be played.
लाल पान का दुक्का,the two of hearts
सभी ढेर भरने लायक पत्ते होते तक पहले जैसा करें,Undo until there are enough cards to fill all tableau piles
~ a को एक लाल पान की तिक्की पर ले जाएँ,Move ~ a onto the three of hearts.
एक गुलाम को आप ढूंढ रहे हैं. ,You are searching for a jack.
भिन्न प्रकार के सॉलिटेयर खेल खेलें,Play many different solitaire games
प्लगिन के लिए प्रतीक फाइल,Icon file for the plugin
मौजूद प्लगिन,Available plugins
मान,Val _ ue
हाल में खेले खेल के नाम,Recently played games
अंजूटा IDE,Anjuta IDE
प्रविष्ट,Insert
दृष्टिगोचर,Visible
पैचेस,Patches
चिड़ी की दुक्की,the two of clubs
ऑस्मोसिस,Osmosis
स्तंभ,Column
उपकरण-पट्टी छुपाएँ या दिखाएँ,Show or hide the toolbar
नामः,Name:
अल्फा,Alpha
रिपोर्ट करें (_ R) ,_ Report
बचा भंडारः ~ a,Stock remaining: ~ a
चिड़ी का नहला,the nine of clubs
कोई चाल संभव नहीं. वापस लें या फिर शुरू करें,No moves are possible. Undo or start again.
लगता है मुझे तुरंत अपनी पीठ खुजानी पड़ेगी... ,I could sure use a backrub right about now...
मौजूदा पंक्ति को उभारें,Highlight current line
(क्रियान्वित नहीं हुआ है) ,(not implemented)
~ a को एक क्लब का इक्का पर ले जाएँ,Move ~ a onto the ace of clubs.
सभी बदलें,Replace All
हेलसिंकी,Helsinki
सत्र प्रबंधन विकल्प दिखाएं,Show session management options
ऊपरी पटल,Top panel
छापें... (_ P) ,_ Print...
खेल के पास कोई हल नहीं है. वापस ले या फिर शुरू करें. ,The game has no solution. Undo or start again.
घटना मानिटर,Event Monitor
हुकुम की तिक्की,three of spades
रैण्डर करने के लिए पाठ,Text to render
डेस्कटॉप,Desktop
ईंट का तिक्की के बगल में ईंट का दुक्का को रखें. ,Place the three of diamonds next to the two of diamonds.
निजी गुणों को छिपाएं,Hide private attributes
क्रमबद्ध करें,Suppress
संगतता ही कुंजी है,Consistency is key
Anjuta घर पेज (_ H) ,Anjuta _ Home Page
फ़ाइल,Files
पुस्तक-चिह्न जोड़ें... ,Add Bookmark...
कार्ड चालों में एनीमेशन उपयोग करें या नहीं,Whether or not to animate card moves
साइरिलिक/रूसी,Cyrillic / Russian
शीर्षक,Title
CVS changeLog,Changelog
औजार चुनेंः,Select Tool:
क्वातोर्जे,Quatorze
सीमांत (बोर्डर) के रंग को हाइलाइट करें,Highlight border color
ब्रेकपाइंट को समायोजित करें,Delete all breakpoints
चिड़ी का छक्का,six of clubs
अल्ड लेंग स्याने,Auld Lang Syne
खाली तस्वीर खाँचा पर बादशाह को ले जाएँ,Move ~ a onto the tableau.
हाल में ही प्रयोग की गई फाइलें,Icon File:
कोई सीमा नहीं,No Limit
ऑस्मोसिस,Osmosis
लाल पान का बादशाह,king of hearts
संस्करणः,Version
सफलतापूर्वक पूर्ण,Completed successfully
गलियां और चौबारा,Streets And Alleys
लाल पान की बेगम,the queen of hearts
बदलाव,Edit...
बदलें,Replace
अधिकतम मान,Maximum value
डायरेक्टरी का निर्माण करें,Choose file or directory to diff:
~ a को एक लाल पान का बादशाह पर ले जाएँ,Move ~ a onto the king of hearts.
नमूना क्रिया (_ S) ,_ Sample action
तस्वीर में एक खाली खाँचा,an empty slot on tableau
पथः,Path:
पुनः लोड करें (_ R) ,_ Reload
हुकुम का दहला हटाएँ. ,Remove the seven of spades.
लाल पान का पंजा,the five of hearts
आईडी,ID
शतरंज,Chessboard
डेक में से नया पत्ता चलें,Deal new cards from the deck
एस्केलेटर,Escalator
Anjuta वर्ग जनक प्लगिन,Anjuta Class Generator Plugin
पंक्ति संख्याएं दिखाएं,Show Line Numbers
जेनेरिक wx विजेट प्रोजेक्ट,A generic wx Widgets project
चिड़ी का बादशाह हटाएँ. ,Remove the nine of clubs.
नाम,NAME
रेखांकित,Underline - Plain
प्रोजेक्ट नाम,No project loaded
संक्षिप्त विवरण,Project Description
फाइल कापी करें,_ Compile
% s आरक्षितstockslot hint,% s on reserve
#-#-#-#-#gedit. gnome-2-2. hi. po (gedit VERSION) #-#-#-#-#टूलबार #-#-#-#-#nautilus. HEAD. hi. po (nautilus 2. x) #-#-#-#-#टूलबार (T) ,_ Toolbars
अंजूटा,Activated plugins
ईंट का चव्वा,four of diamonds
टर्मिनल,Terminal
सापेक्ष स्थिति,Relative position
कंट्रोल,Ctrl
बनाएँ,Create
ईंट का दहला को हटायें. ,Remove the ten of diamonds.
वर्णन,Description
परियोजना विकल्प,Print options
एमडीआई-जेड-क्रम,MDI - Z - order
Anjuta advanced tutorial,Anjuta advanced tutorial
सहेज रहे हैं,Saving
हुकुम का सत्ता,the seven of spades
रेखांकित,Online
मौजूद प्लगिन,Available Plugins
टिप्पणीः परिवर्तन सत्रांत (लोगआउट) के बाद ही प्रभाव में आएंगे। ,Note: Changes only take effect after logout.
~ a को एक खाली दाएँ स्लॉट में ले जाएँ. ,Move ~ a onto an empty right slot.
घटक,Component
दृष्टिगोचर,Visible
विशेषताएँ,Properties
हुकुम का इक्का,ace of spades
~ a को एक लाल पान का छक्का पर ले जाएँ,Move ~ a onto the six of hearts.
पिछली चाल पूर्ववत करें,Redo the undone move
Copyright (c) Naba Kumar,Copyright (c) Naba Kumar
प्रोजेक्ट उपलब्ध नहीं है,"The property ""% s"" does not exist"
~ a को एक लाल पान का छक्का पर ले जाएँ,Move ~ a onto the six of hearts.
(संशोधनीय) Start,(Editable)
सभी खुली फाइलों को बंद करें,Close all files
पैकेज,Package
#-#-#-#-#gnome-media. HEAD. hi. po (gnome-media 2.0) #-#-#-#-#स्वर #-#-#-#-#nautilus. HEAD. hi. po (nautilus 2. x) #-#-#-#-#मौखिक,Locals
नाम बदलें (_ R) ,_ Rename
Jcard symbol,J
ज़ूम आउट,Zoom Out
होस्ट नाम वैध नहीं है,Class Inheritance
हुकुम का छक्का,the six of spades
मैनेजर प्लगिन डिबग करें,GNU Debugger Plugin
नया त्वरक... ,New accelerator...
खेल चुनें,Select Game
फ़ाइलों को जोडे,Item
एक खाली चित्र जगह,an empty tableau place
पाइलेअन,Pileon
प्रारंभ,_ Start…
बहुल स्कोरिंग,Multiplier Scoring
केनफील्ड,Canfield
चिड़ी का गुलाम,jack of clubs
नियत तारीख़,Due date
एक% s को आप ढूंढ रहे हैं. ,You are searching for a% s.
ज्यॉर्जियाई,Georgian
बेकार को भण्डार में ले जाएँtableauslot hint,% s on stock
भूमिका,Role
पाठ,Text
कॉपी करें (_ C) ,_ Copy
हिब्रू,Hebrew
एक खाली आधार,an empty foundation
चुने हुए टेक्स्ट को क्लिपबोर्ड पर कापी करें,Copy the selected text to the clipboard
एक खाली संस्थापन के ढेर,an empty foundation pile
बेगम मिटाएँ,Remove the queens
प्रारंभ,Start
चुनें (_ S) ,_ Select
चोर,Thieves
त्रुटि में शामिल है,Error:% s
"चुने गए प्रकारों और स्रोतों से घटनाएं जैसे-जैसे घटित होती हैं, उन्हें दर्शाता है",Shows events as they occur from selected types and sources
स्वचालित हाशिया,Auto - Indent
API मद,API Help
कोरियाई,Korean
उपकरण-पट्टी छुपाएँ या दिखाएँ,Show or hide statusbar
प्लग-इन दृश्य,Plugin View
औजार बक्सा,Toolkit
स्थान,Location
डिबग करें (_ D) ,_ Debug
जाल स्थल,Web site
चिड़ी के पत्ते,clubs
शतरंज,Chessboard
कार्य (_ T) ,_ Tasks
ओडेसा एक बढ़िया खेल है. सच में. ,Odessa is a better game. Really.
हिब्रू दृश्य,Hebrew Visual
एक फाइल खोलें,Unfiled
तुर्की,Turkish
पंक्तियां,Rows
वर्णन,Description
अपवाद,EXCEPT
प्ले प्रगति पर,"Location:% s, line% d"
#-#-#-#-#gedit. gnome-2-2. hi. po (gedit VERSION) #-#-#-#-#वरीयता #-#-#-#-#gnome-applets. gnome-2-2. hi. po (gnome-applets 2. x) #-#-#-#-#वरीयता #-#-#-#-#gnome-media. HEAD. hi. po (gnome-media 2.0) #-#-#-#-#वरियताएँ #-#-#-#-#nautilus. HEAD. hi. po (nautilus 2. x) #-#-#-#-#प्राथमिकताएँ,Subversion Preferences
कार्ड थीम “% s” के साथ कार्ड दिखाएं,Display cards with “% s” card theme
लेखक,_ Author
न्यूनतम मान,Minimum value
सिग्नल,Signal
अंजूटा प्रोजेक्ट मैनेजर,Anjuta tags files
मौजूदा चयन,Currently selected text in editor
पिछला दस्तावेज़,Previous Document
~ a को एक सुरक्षित खाँचा पर ले जाएँ. ,Move ~ a onto the reserve.
चिड़ी का बादशाह,the king of clubs
अभिभावक में% s सूची शिशु सूची सेमेल नहीं खाती,% s index in parent does not match child index
ट्रेज,Treize
#-#-#-#-#gedit. gnome-2-2. hi. po (gedit VERSION) #-#-#-#-#वरीयता #-#-#-#-#gnome-applets. gnome-2-2. hi. po (gnome-applets 2. x) #-#-#-#-#वरीयता #-#-#-#-#gnome-media. HEAD. hi. po (gnome-media 2.0) #-#-#-#-#वरियताएँ #-#-#-#-#nautilus. HEAD. hi. po (nautilus 2. x) #-#-#-#-#प्राथमिकताएँ,Preferences
खेल के पास कोई हल नहीं है. वापस ले या फिर शुरू करें. ,The game has no solution. Undo or start again.
चुनें (_ S) ,_ Select
श्रीमान् टॉमी,Sir Tommy
हाल में खेला गया (_ R) ,_ Recently Played
% s खिसकाएँ% s पर. ,Move% s onto% s.
~ a को एक हुकुम का बादशाह पर ले जाएँ,Move ~ a onto the king of spades.
आसंधि (नोड) को ताजा करें (_ N) ,Refresh _ Node
चुने गए एक्सेसेबेल,Selected accessible
लाल पान का नहला,nine of hearts
टेम्पलेट,Template
ईंट का दहला हटाएँ. ,Remove the seven of diamonds.
ईंट का इक्का,ace of diamonds
अगला संदेश (_ N) ,_ Next Message
यहां शुरू करें (S) ,_ Start Debugger
साराटोगा,Saratoga
मदद फ़ाइल “% s.% s” नहीं मिली,Help file “% s.% s” not found
डेक में से नया पत्ता चलें,Deal new cards from the deck
एक फाइल प्रविष्ट करें,Insert a for template
भिन्न प्रकार के सॉलिटेयर खेल खेलें,Play many different solitaire games
ईंट का दहला हटाएँ. ,Remove the ten of diamonds.
अगला मिलान बदलें,Replace next match
विघटित लायब्रेरी,Add shared library support:
बिल्ड,Build
परियोजना नामः,Project Type:% s
मैं सुनिश्चित नहीं हूं,I 'm not sure
हुकुम का अट्ठा,eight of spades
फाइल% s संग्रहित नहीं की जा सकीThis file is too big. Unable to allocate memory. ,Could not get file info
टारबाल बिल्ड करें (_ T) ,Build _ Tarball
"सूर्य किरणें आपको विटामिन डी देती हैं, कम्प्यूटरों के मॉनीटर्स नहीं... ",Monitors won 't give you Vitamin D - - but sunlight will...
कुलः,Total:
लोड,Load
हुकुम का छक्का,the six of spades
डेवलेपर ईमेल पताः,Developer email address:
विस्तारः,Extents:
परियोजना,Project
हाइलाइट किया गया भराई का रंग और पारदर्शिता। ,The color and opacity of the highlight fill.
#-#-#-#-#gnome-utils. gnome-2-2. hi. po (gnome-utils 2.0) #-#-#-#-#विवरण #-#-#-#-#gtkhtml. HEAD. hi. po (GtkHTML 2. x) #-#-#-#-#विवरणः,Description:
बाल्टिक,Baltic
0 फाइल्स,Profiler
अनुप्रयोग,Ap _ plication
#-#-#-#-#gedit. gnome-2-2. hi. po (gedit VERSION) #-#-#-#-#निरस्त की गई क्रिया को पुनः करें #-#-#-#-#libgnomeui. HEAD. hi. po (libgnomeui HEAD) #-#-#-#-#निरस्त प्रक्रिया को पुन करें,Redo last undone action
% s किसी समुच्चय का सदस्य नहीं है,% s does not belong to a set
चिड़ी की बेगम के बगल में चिड़ी के वादशाह को रखें. ,Place the king of clubs next to the queen of clubs.
चुने गए एक्सेसेबलों को पुस्तक-चिह्नित करें,Bookmark selected accessible.
ग्नोम खेल वेबसाइट,GNOME Games web site
विविध,Misc
जारी,Release
परिवर्तनीय,Variable
ईंट का दहला हटाएँ. ,Remove the five of diamonds.
निरपेक्ष स्थिति,Absolute position
चिड़ी का बादशाह हटाएँ. ,Remove the eight of clubs.
वालग्रिंड प्लगिन,Valgrind Plugin
अंजूटा विकास स्ट्डियो,Integrated Development Environment
#-#-#-#-#balsa. HEAD. hi. po (Balsa 2. x) #-#-#-#-#हटाओ #-#-#-#-#gnome-desktop. HEAD. hi. po (gnome-desktop VERSION) #-#-#-#-#हटाएं #-#-#-#-#gnome-session. HEAD. hi. po (gnome-session VERSION) #-#-#-#-#हटाएं #-#-#-#-#gnome-utils. gnome-2-2. hi. po (gnome-utils 2.0) #-#-#-#-#हटाओ #-#-#-#-#nautilus. HEAD. hi. po (nautilus 2. x) #-#-#-#-#हटाएँ,gtk - remove
इक्का मिटाएँ,Remove the aces
प्रथम आधार ढेर हेतु अतिरिक्त में से एक ताश का पत्ता चुनें,Select a card from the reserve for first foundation pile
खोलें (_ O) ,_ Open
चिड़ी का नहला,nine of clubs
चिड़ी का दहला हटाएँ. ,Remove the ten of clubs.
एक तिक्की को आप ढूंढ रहे हैं. ,You are searching for a three.
निर्देशिका,Directory
कोः,To:
अल्ड लेंग स्याने,Auld Lang Syne
पूर्व संदेश (_ P) ,_ Previous Message
रंग का नाम,Plugin Class Name:
अंजुता प्लगिन,Anjuta Plugin
गनोम गनू प्रोजेक्ट का भाग है,Show the status of a file / directory
ढूंढो और बदलो,Find and R _ eplace...
रूपांतरित करें (_ T) ,_ Transform
डाउनलोड,Downloads
"0, 0","0, 0"
एक खाली तस्वीरwasteslot hint,% s on tableau
"फोकस योग्य% s में सारणी अंतराफलक है, कोई चयनीय अंतराफलक नहीं हैbutton has focused state without focusable state","focusable% s has table interface, no selection interface"
नहला मिटाएँ,Remove the nines
प्रोजेक्ट संस्थापित करें (_ I) ,_ Install Project
वस्तु,Item
#-#-#-#-#gedit. gnome-2-2. hi. po (gedit VERSION) #-#-#-#-#वरीयता #-#-#-#-#gnome-applets. gnome-2-2. hi. po (gnome-applets 2. x) #-#-#-#-#वरीयता #-#-#-#-#gnome-media. HEAD. hi. po (gnome-media 2.0) #-#-#-#-#वरियताएँ #-#-#-#-#nautilus. HEAD. hi. po (nautilus 2. x) #-#-#-#-#प्राथमिकताएँ,CVS Preferences
ईंट की तिक्की,three of diamonds
एक फाइल खोलें,Open Valgrind log file
पंक्ति ~ a में श्रृंखला में जोड़ें. ,Add to the sequence in row ~ a.
% s झांकी परwasteslot hint,% s on tableau
हाइलाइट बक्से का सीमांत रंग,The border color of the highlight box
ताशों को फेंट कर देखें,Try dealing a row of cards
पियर से प्रमाण पत्र लेने में असमर्थ,Unable to get text buffer for printing
फ्रीसेल सॉलिटेयर,Freecell Solitaire
फाइल% s खोली नहीं जा सकी,Do not open last project and files on startup
सभी बंद करें,Close All
के साथ खोलेंः,Open With
चिड़ी का अट्ठा,eight of clubs
स्कोप,Scope
किला,Fortress
पाठ (_ x) ,Te _ xt
शीर्षक,Title
आर्गुमेंट्स,Arguments
त्रुटि,ERROR
~ a को एक हुकुम का अट्ठा पर ले जाएँ,Move ~ a onto the eight of spades.
सूचना,INFO
स्तंभ,Columns
API मद,API Help
चिड़ी का नहला,nine of clubs
अंजूटा,Anjuta File Wizard Plugin
ब्रेकपाइन्ट टॉगल करें,Toggle Breakpoint
प्लगइन प्रबंधक,Plugin Manager
भारी भरकम,Jumbo
लाल पान का बादशाह,the king of hearts
तारीख़,Date
जेनेरिक Xlib प्रोजेक्ट,A generic Xlib project
चिड़ी का अट्ठा,the eight of clubs
उत्तमः,Best:
अंत,End
दृश्य _ (V) ,_ View
एक नया प्रोजेक्ट बनाएं,Open existing Project.
एक फाइल खोलें,Open recent files
सामान्य नाम,C + + / GObject Class
ईंट का तिक्की के बगल में ईंट का दुक्का को रखें. ,Place the three of diamonds next to the two of diamonds.
~ a को एक सुरक्षित खाँचा पर ले जाएँ,Move ~ a onto an empty reserve slot.
अज्ञात मान,Unknown value
सीधा ऊपर,Straight Up
हुकुम का अट्ठा,the eight of spades
वर्तमान विन्यास अति प्राकृतिक रूप से ताश के रंग के योग्य हो इस हेतु ध्येय कीजिए. ,Aim to place the suits in the order which fits the current layout most naturally.
प्रकारः,Mode:
परियोजना बन्द करें,Close project
#-#-#-#-#balsa. HEAD. hi. po (Balsa 2. x) #-#-#-#-#बन्द करें #-#-#-#-#gedit. gnome-2-2. hi. po (gedit VERSION) #-#-#-#-#बंद करें,Clos _ e
अंतः 0,End: 0
हुकुम का बादशाह हटाएँ. ,Remove the jack of spades.
~ a को चिड़ी का गुलाम पर ले जाएँ,Move ~ a onto the jack of clubs.
~ a को एक ईंट का गुलाम पर ले जाएँ,Move ~ a onto the jack of diamonds.
क्या आपने मदद फ़ाइल पढ़ ली है? ,Have you read the help file?
"Author ""means search for commits whose author matches the given grep expression."" Grep",Grep:
पूरी लाइन फेंटें,Deal a row
को,To
लाल पान की तिक्की,three of hearts
फाइल% s नहीं मिली,Could not find application pixmap file:% s
मूलभूत प्रोजेक्ट निर्देशिकाः,Default project directory:
फ़ॉन्टः,Font:
चिड़ी का छक्का,six of clubs
लाल पान का छक्का,six of hearts
अपडेट (अद्यतन) ,Update all
#-#-#-#-#balsa. HEAD. hi. po (Balsa 2. x) #-#-#-#-#छापें #-#-#-#-#gedit. gnome-2-2. hi. po (gedit VERSION) #-#-#-#-#प्रिंट #-#-#-#-#libgnomeprintui. gnome-2-2. hi. po (libgnomeprintui) #-#-#-#-#प्रिंट #-#-#-#-#nautilus. HEAD. hi. po (nautilus 2. x) #-#-#-#-#छापें,Priority
यूआरआई,URI
परियोजना नामः,Target _ name:
निर्देश चलाएं,Build% d:% s
हाल का खोलें (_ R) ,Open _ Recent
खेल चुनें,_ Select Game…
फिर बांटें,Redeal.
~ a को एक लाल पान का चव्वा पर ले जाएँ,Move ~ a onto the four of hearts.
नियम नामः,Tag name:
हाइलाइट किया गया भराई का रंग और पारदर्शिता। ,The color and opacity of the highlight fill.
#-#-#-#-#gnome-applets. gnome-2-2. hi. po (gnome-applets 2. x) #-#-#-#-#आइकन #-#-#-#-#gnome-utils. gnome-2-2. hi. po (gnome-utils 2.0) #-#-#-#-#पोर्ट (_ P): ,Font:
डेक में से पत्ता निकालें,Deal a card from the deck
एक फाइल प्रविष्ट करें,Ignore Binary Files
पंजी ताजा करें (_ R) ,_ Refresh Registry
"छैतिज पैमानाActionGroupEditorInsert "", N _ ("" Editor text insertions",Editor text selection
पड़ोसी,Neighbor
मदद (_ H) ,_ Help
ऊपरी पटल के लिए खाका,The layout for the top panel
~ a को चिड़ी का गुलाम पर ले जाएँ,Move ~ a onto the jack of clubs.
स्थिति-पट्टी दिखाएँ या नहीं,Whether or not to show the status bar
लाल पान का बादशाह,the king of hearts
फाइल्स डिलीट कर दी,All breakpoints disabled.
छोड़ रहा हैः% s,Leaving:% s
हाल का खोलें (_ R) ,Open _ Recent
त्रुटि रिपोर्ट जमा करें,"Submit a bug report, patch or feature request for Anjuta"
फाइल% s,File:% s
समयः,Time:
लाल पान की गुलाम के बगल में लाल पान के दहला को रखें. ,Place the jack of hearts next to the ten of hearts.
पाठ्य संसाधक,Tool Editor
शीर्षकः,Header:
/ बुकमार्क संशोधन,Editor bookmarks
इसाबेल,Isabel
निजी गुणों को छिपाएं,Hide private attributes
~ a को एक लाल पान का चव्वा पर ले जाएँ,Move ~ a onto the four of hearts.
चुने गए अनुप्रयोग,Selected application
खेल चुनें... (_ S) ,_ Select Game…
टिप्पणी,_ Commit
हुकुम का इक्का,the ace of spades
जेनेरिक प्रोजेक्ट,A generic project
हुकुम की तिक्की,three of spades
चलाना खत्म करें (_ K) ,_ Kill Execution
केनफील्ड,Canfield
रेग्युलर एक्सप्रेशन खोजना,Modify Watch Expression
अभिभावक में% s सूची शिशु सूची सेमेल नहीं खाती,% s index in parent does not match child index
चिड़ी की दहला के बगल में चिड़ी के नहला को रखें. ,Place the ten of clubs next to the nine of clubs.
चिड़ी का छक्का,the six of clubs
वर्ग,Summary
मौजूदा मान,Current value
सहेजें,Save
मदद फ़ाइल “% s.% s” नहीं मिली,Help file “% s.% s” not found
दिशा,Leak resolution:
विधि,Method
संग्रह,Col _ lection
सभी ढेर भरने लायक पत्ते होते तक पहले जैसा करें,Undo until there are enough cards to fill all tableau piles
चिड़ी का दहला हटाएँ. ,Remove the ace of clubs.
वेलग्रिंड,Valgrind
2number,2
My tools (error) ,(output)
परियोजना विकल्प,Print options
3number,3
डायरेक्ट्री,Directory filter:
गैप,Gaps
गनोम,GNOME
सत्ता,seven
गैर संस्करण,Unversioned
~ a को ईंट का पंजा पर घुमाएँ. ,Move ~ a onto the five of diamonds.
सोना खदान,Gold Mine
को,To
पत्तों को फिर फेंटें,Reshuffle cards
ईंट की बेगम,the queen of diamonds
ब्लॉड और बर्नेट,Blondes and Brunettes
अनुपस्थित,Missing
चिड़ी का सत्ता,the seven of clubs
कोई संकेत उपलब्ध नहीं है,No hint available
एक सूट,One Suit
प्रोफाइलिंग,Profiling
सामान्य,General
पसंदीदा,Favorite
श्रेणी,Edit Categories
श्वानपुच्छ शैली की लिपियां निर्मित करता है,Creates dogtail style scripts
निम्न,Low
इंडेन्टेशन,Indent Setting
बाल्सा को कान्फिगर करो,Parameters:
प्रोग्राम,Program
सांख्यिकी,Statistics
गुणधर्म,Attributes
कार्रवाई संपन्न करें,Perform action
जारी रखें (_ C) ,_ Continue
ईंट का बादशाह,king of diamonds
फ्रीसेल सॉलिटेयर,FreeCell Solitaire
कार्य,Task
पाठ,Text only
मूल,Basic
हाइपरकड़ी,Hyperlink
जैंगो परियोजना,Django Project
मोड,Mode
"एक्सेर्साइसर सर्वाधिकार © 2006,2007 आईबीएम निगम (बीएसडी) ","accerciser Copyright © 2006, 2007 IBM Corporation (BSD)"
मादा मकड़ी,Spiderette
डिफ़ॉल्ट,Default
तुर्की,Turkish
विएतनामी,Vietnamese
वर्तमान फाइल संग्रहित करें,Python source files
केमेलॉट,Camelot
लाल पान का दहला,the ten of hearts
पुस्तक चिह्नों को संपादित करें... ,Edit Bookmarks...
टिप्पणीः,Comment:
रिसेट करें (_ R) ,Reset to:
स्थिति,State
Jcard symbol,J
हुकुम की बेगम,queen of spades
फाइल चयन करें,Select the symbol to go
अगला कार्ड या कार्ड्स की डील करें,Deal next card or cards
प्रोजेक्ट (_ P) ,_ Project
जोड़ा,Doublets
जेनेरिक C + + प्रोजेक्ट,A generic C + + project
आसंधि (नोड) को ताजा करें (_ N) ,Refresh _ Node
ईंट का सत्ता,seven of diamonds
अनुप्रयोगः,Application:
त्रुटि में शामिल है,Error contains
ओडेसा,Odessa
स्तर,Layer
पैचेस,Patches
अवैध पैरामीटर से,Command line parameters
पुस्तक-चिह्नों को प्रबंधित करें। ,Manage bookmarks.
विजेट नहीं मिलाः% s,File not found
बाध्य करें,Force
चार सूइट,Four Suits
रेडहेड,Redheads
आपरेशन चलाएँ,Run operations
निजी गुणों को छिपाएं,Hide private attributes
कालटिप्स दिखाएँ,Show calltips
एस्लेरियॉट सॉलिटेयर,AisleRiot Solitaire
लाल पान का दहला हटाएँ. ,Remove the seven of hearts.
एक स्ट्रिंग देनी ही होगी,You must provide a tool name!
एस्लेरियाट के लिये सहायता देखें,View help for Aisleriot
~ a को हुकुम का गुलाम पर घुमाएँ. ,Move ~ a onto the jack of spades.
नीचे जायें,Move Down
बचा मालः ~ a,Stock left: ~ a
प्रोग्राम चुनें,Select Program
लाल पान का दहला हटाएँ. ,Remove the two of hearts.
टिप्पणीः परिवर्तन सत्रांत (लोगआउट) के बाद ही प्रभाव में आएंगे। ,Note: Changes only take effect after logout.
प्राथमिकता,Priority
रॉयल ईस्ट,Royal East
एक से अधिक विडजेट फोकस में है,more than one focused widget
अपने अनुप्रयोग को पहुंचनीयता व्यायाम का लाभ दें,Give your application an accessibility workout
मकड़ी,Spider
कर्नल,Show kernel signals
हीरा खदान,Diamond Mine
क्रिया,Action
दोषमुक्त करें,DEBUG
मौजूदा चयन,Current line in editor
ऊपरी पटल के लिए डिफोल्ट प्लग-इन खाका,The layout for the top panel
प्राथमिकता,Priority
नाम,Name
चेतावनी,WARN
सहेजें,Save
हुकुम की तिक्की,three of spades
% s नियमित फाइल नहीं है,% s is not a '. h' file!
हाइपरकड़ी,Hyperlink
#-#-#-#-#gtk +. gtk-2-2. hi. po (gtk22 VERSION) #-#-#-#-#व = द्धि (ऊंचाई) #-#-#-#-#libgnomecanvas. HEAD. hi. po (PACKAGE VERSION) #-#-#-#-#बढ़ाए,Registers
एग्नेस,Agnes
एक सूट,One Suit
~ a को लाल पान का नहला पर घुमाएँ. ,Move ~ a onto the nine of hearts.
पहुंचनीय,_ Accessible
लाल पान का बादशाह हटाएँ. ,Remove the jack of hearts.
नया दृश्य... ,_ New view...
चलाने लायक टेक्स्ट फाइल,File Information
सक्रिय,Active
पहला नियम,First Law
5number,5
नियंत्रण (_ C) ,_ Control
एक्सेर्साइसर पहुंचनीयता अन्वेषक,Accerciser Accessibility Explorer
चिड़ी की दहला के बगल में चिड़ी के नहला को रखें. ,Place the ten of clubs next to the nine of clubs.
प्लग-इन दृश्य,Plugin View
सबको कमिट करें,Commit added
एक नया प्रोजेक्ट बनाएं,Created project view...
% s भण्डार परtableauslot hint,% s on stock
प्रोजेक्ट फिर जेनरेट करें,Regenerate project
बीयर रिवर,Bear River
लाल पान का दहला हटाएँ. ,Remove the three of hearts.
अगला संदेश (_ N) ,_ Next Message
“% s” के लिए मदद नहीं दिखा सका,Could not show help for “% s”
प्रलेख,_ Document
विकल्प... ,Options...
~ a को एक हुकुम का दहला पर ले जाएँ,Move ~ a onto the ten of spades.
ईंट का पंजा,the five of diamonds
ताज़ा करें (_ R) ,_ Refresh
सभी को संग्रहित करें,Save _ As...
कड़ी की विशेषताएँ,Target properties
पसंद जोड़ें... (_ A) ,_ Add Bookmark...
संदेश के रंग,Message colors
ईंट का दुक्का के बगल में ईंट का इक्का को रखें. ,Place the two of diamonds next to the ace of diamonds.
~ a को ईंट का दुक्का पर घुमाएँ. ,Move ~ a onto the two of diamonds.
पंक्ति ~ a में श्रृंखला में जोड़ें. ,Add to the sequence in row ~ a.
बच्चों के बिना अनुप्रयोग छिपाएँ/दिखाएँ (_ H) ,_ Hide / Show Applications without children
लाल पान की बेगम,queen of hearts
नाम,NAME
वुड,Wood
ऊपरी पटल के लिए डिफोल्ट प्लग-इन खाका. ,The default plugin layout for the top panel.
अंतराफलक दर्शक,Interface Viewer
लाल पान की बेगम,queen of hearts
शिशु,Children
एमडीआई-जेड-क्रम,MDI - Z - order
दृष्टिगोचर,Visible
सभी बदलें,Replace All
चुनें (_ S) ,_ Select
सुरक्षित खाँचा पर बेकार को ले जाएँ,Move waste on to a reserve slot
#-#-#-#-#gnome-media. HEAD. hi. po (gnome-media 2.0) #-#-#-#-#साल #-#-#-#-#nautilus. HEAD. hi. po (nautilus 2. x) #-#-#-#-#आत्मा,Symbol
"% s "","" This file is too big. Unable to allocate memory. ",Could not get file info
पसंद (_ P)... ,_ Preferences...
मध्यम,Medium
अद्यतन,Up to date
मेकफाइल आधारित परियोजना,Makefile - based project
रेखांकित,Underline - TT
अंजूटा हैल्प ब्राउजर,Anjuta help search
निजी,Personal
उच्च,High
हुकुम का चव्वा,four of spades
कार्यकारी डायरेक्टरी,make [% d]: Entering directory '% s'
~ a को एक लाल पान का छक्का पर ले जाएँ,Move ~ a onto the six of hearts.
ऊपरी पटल के लिए डिफोल्ट प्लग-इन खाका. ,The default plugin layout for the top panel.
अद्यतन,Update
किला,Fortress
पीआईडी,Pid
नया (_ N) _ New Game,_ New
हुकुम का दुक्का,the two of spades
कोः,To:
चयन (_ S) ,_ Selection
फ़ाइल सहेजा जा रहा है... ,Saving file...
जैंगो परियोजना,Django Project
लाल पान का नहला,nine of hearts
पुस्तक-चिह्न संपादित करें (_ E)... ,_ Bookmarks
टेरेस,Terrace
इस खेल के लिये सहायता दिखायें,View help for this game
माॅड्यूल फाइल नाम,Data module Makefile. am
~ a को एक ईंट का इक्का पर ले जाएँ,Move ~ a onto the ace of diamonds.
~ a को एक ईंट का गुलाम पर ले जाएँ,Move ~ a onto the jack of diamonds.
पथ,Path
अज्ञात रंग,Unknown color
प्रक्रिया में जोड़ें,Attach to process
पंजा मिटाएँ,Remove the fives
प्रक्रिया में जोड़ें,Attach to process
संशोधनः,Revision:
घटना मानिटर,Event monitor
एक बेगम को आप ढूंढ रहे हैं. ,You are searching for a queen.
प्लगिन चुनें,Select a plugin
पंक्तियाँ,Lines
~ a को एक ईंट का दुक्का पर ले जाएँ,Move ~ a onto the two of diamonds.
के लिए खोज,Search Help:
कोड समाप्ति सक्रिय करें,Enable code completion
ईंट का दहला,ten of diamonds
तस्वीर में एक खाली खाँचा,an empty slot on the tableau
नई pluginviews उपलब्ध है,Available new pluginviews
स्वयं से,itself
अल्फा,Alpha
पंक्ति (या) ,Indent opening braces
पंक्ति,Line
~ a को एक लाल पान का पंजा पर ले जाएँ,Move ~ a onto the five of hearts.
फाइल (F) ,_ File
स्थिति,Position
पत्तों के ढेर को आसपास ले जाने की कोशिश करें,Try moving card piles around
एक्सेर्साइसर पहुंचनीयता अन्वेषक,Accerciser Accessibility Explorer
प्रोफ़ाइल नाम,Profile Name
"ActionGroupEditorInsert "", N _ ("" Editor text insertions",Editor text selection
प्लगइन प्रबंधक,Plugin Manager
अनुप्रयोग,Ap _ plication
लाल पान का छक्का,the six of hearts
कोई संकेत उपलब्ध नहीं है,No hint available.
डिफाल्ट किया गया,Use default
विषय सूची (_ C) ,_ Contents
Generic java (automake) ,Generic java (automake)
खोलें '% s' ,Open '% s'
बिल्ड% d:% s,Build% d:% s
छोड़ें (_ S) ,_ Skip
स्थिर घोषणाओं को छोड़ दें,Tool operations
इक्का मिटाएँ,Remove the aces
ऊपरी पटल के लिए डिफोल्ट प्लग-इन खाका,The default plugin layout for the top panel
"0, 0","0, 0"
साइरिलिक/यूक्रेनी,Cyrillic / Ukrainian
ग्लेड अतंरफलक डिजायनर,Glade interface designer
n/a,n / a
वेस्ट हैवन,Westhaven
तिक्की मिटाएँ,Remove the threes
चिड़ी की दहला के बगल में चिड़ी के नहला को रखें. ,Place the ten of clubs next to the nine of clubs.
हुकुम की दुक्का के बगल में हुकुम के तिक्की को रखें. ,Place the four of spades next to the three of spades.
जेनेरिक Xlib डाक एप्लेट,A generic Xlib dock applet
वर्तमान शब्द,Toggle fullscreen mode
आधार पत्ताः रानी,Base Card: Queen
रिपोर्ट करें (_ R) ,_ Report
एग्नेस,Agnes
प्रोफाइल प्लगिन,Profile Plugins
हटाएं,_ Delete
प्रतीक,Symbol
Berkeley Software Distribution License (BSD) ,Berkeley Software Distribution License (BSD)
(संशोधनीय) ,(Editable)
सफलतापूर्वक पूर्ण,Completed unsuccessfully with status code% d
हाइपरकड़ी,Hyperlink
प्रोग्राम का नाम,Program detached
एक सत्ता को आप ढूंढ रहे हैं. ,You are searching for a seven.
सीमांत रंगः,Border color:
प्रोजेक्ट संस्थापित करें (_ I) ,_ Install Project
कार्रवाई संपन्न करें,Perform action
गनोम,GNOME
निर्देशिका,Directory
चिड़ी का छक्का,Move ~ a onto the six of clubs.
खेल (_ G) ,_ Game
चिड़ी की गुलाम के बगल में चिड़ी के दहला को रखें. ,Place the queen of clubs next to the jack of clubs.
पैरामीटर्सः,ParamSpec
रिसेट करें (_ R) ,Reset to:
प्रोजेक्ट में सोर्स जोड़ें,Auto generating the Project:
सॉफ्ट,Soft
~ a को एक हुकुम का गुलाम पर ले जाएँ,Move ~ a onto the jack of spades.
लगता है मुझे तुरंत अपनी पीठ खुजानी पड़ेगी... ,I could sure use a backrub right about now...
चयनित पाठ को क्लिपबोर्ड पर कॉपी करें,Copy the selected text to the clipboard
कार्य,Task
~ a को एक ईंट का गुलाम पर ले जाएँ,Move ~ a onto the jack of diamonds.
बीयर रिवर,Bear River
विंडो की ऊंचाई का मान. ,Window height value.
स्थिति-पट्टी दिखाएँ या नहीं,Whether or not to show the status bar
स्रोतः,Source:
सिस्टम कालः,System call:
अंजूटा,Anjuta macros
टर्मिनल में चलाएं,_ User 's Manual
(संशोधनीय) Start,(Editable)
अछम,_ Disable all
जोड़ा,Doublets
समय,Time
ईंट का गुलाम के बगल में ईंट का दहला को रखें. ,Place the jack of diamonds next to the ten of diamonds.
हुकुम का दुक्का,the two of spades
उन प्लग-इनों की सूची जिन्हें डिफोल्ट रूप से निष्क्रिय किया गया है,A list of plugins that are disabled by default
बायीँ डीलः ~ a,Deals left: ~ a
एक्सेरसाइसर आपके डेस्कटोप में मौजूद अनुप्रयोग नहीं देख पाया। इस समस्या के समाधान के लिए आपको डेस्कटोप पहुंचनीयता को सक्रिय करना होगा। क्या आप इसे सक्रिय करना चाहते हैं? ,Accerciser could not see the applications on your desktop. You must enable desktop accessibility to fix this problem. Do you want to enable it now?
~ a को ईंट का छक्का पर घुमाएँ. ,Move ~ a onto the six of diamonds.
परोग्राम के बारे मे जानकारि,Detach from an attached program
आधार से पत्तों को नीचे की ले जाने की कोशिश करें,Try moving cards down from the foundation
मुख्य वर्ग,Main class
नमूना प्लगिन,Sample Plugin
कार्रवाई (_ o) ,Acti _ on
आटोमेक बिल्ड,Automake Build
नया कार्ड डील करें,Deal a new card
Git संस्करण नियंत्रण,Git version control
तस्वीर में खाली जगह,empty space on tableau
आधार पर एक पत्ता ले जाएँ,Move a card to the Foundation
"% s जिस पर कार्रवाई हो सकती है, वह न तो फोकस करने योग्य है न ही चयनीय",actionable% s is not focusable or selectable
आपरेशन चलाएँ,Signal operations
चौदह,Fourteen
किला,Fortress
प्रोजेक्ट संस्थापित करें (_ I) ,_ Install Project
लाॅग-इन पर स्प्लेश स्क्रीन प्रदर्शित करें,Do not show the splashscreen
एस्लेरियॉट,AisleRiot
रविशंकर श्रीवास्तव (raviratlami @yahoo. com) राजेश रंजन (rajeshkajha @yahoo. com) ल. बालसुब्रमण्यम (l. balasubramaniam @gmail. com) ,translator - credits
अज्ञात पत्ता,the unknown card
ग्लेनवुड,Glenwood
फाइल को बदलने में असमर्थ,Unable to create file:% s.
ईंट का बादशाह,the king of diamonds
रीढ़,Backbone
आधार पर खाली स्लॉट,an empty slot on the foundation
कार्य प्रबंधक,Task manager view
जेनेरिक,Generic
% s अपशिष्ट पर,% s on waste
घटना रोजनामचा मिटाओ,Clear event log
लॉग देखिए,_ View Log…
अंगूठा और पॉकेट,Thumb And Pouch
ईंट का सत्ता,seven of diamonds
लाल पान की बेगम,the queen of hearts
सीमांत (बोर्डर) के रंग को हाइलाइट करें,Highlight border color
वितरण पैकेज रिपोसिटरीज़ से नए कार्ड गेम प्रसंग संस्थापित करें,Install new card themes from the distribution packages repositories
Xlib,Xlib
फ़ाइल (_ F) ,_ File
यहाँ से,From
अनियत चौड़ाई,Variable list
रविशंकर श्रीवास्तव (raviratlami @yahoo. com) राजेश रंजन (rajeshkajha @yahoo. com) ,translator - credits
फाइल चुनें,Ignore files
% s झांकी परwasteslot hint,% s on tableau
ढूंढने के लिए फाइल का नाम दो,Enter the name for the class you want to add.
बदलें,Change Watch
हुकुम की बेगम के बगल में हुकुम के गुलाम को रखें. ,Place the queen of spades next to the jack of spades.
जीता,Wins
पियर से प्रमाण पत्र लेने में असमर्थ,Create glade interface file
पिछला संदेश,Next / Prev Message
हुकुम का बादशाह,the king of spades
अंत,End
अपवाद,EXCEPT
प्रारंभEnd,Start:% d
पथ,Path
शॉर्टकट,Shortcut
शीर्ष,_ Header
"फोकस योग्य% s में सारणी अंतराफलक है, लेकिन कोई चयनीय अंतराफलक नहीं हैbutton has focused state without focusable state","focusable% s has a table interface, but not a selection interface"
मोन्ते कार्लो,Monte Carlo
प्रोजेक्ट संस्थापित करें (_ I) ,Install directories:
हुकुम का दहला,the ten of spades
अगली चाल हेतु संकेत प्राप्त करें,Get a hint for your next move
"चुने गए प्रकारों और स्रोतों से घटनाएं जैसे-जैसे घटित होती हैं, उन्हें दर्शाता है",Shows events as they occur from selected types and sources
स्वतःपूर्ण,Autocomplete
क्या विंडो पूर्ण स्क्रीन है,Whether the window is fullscreen
अतिरिक्त में से एक ताश के पत्ते को खाली तस्वीर खाँचा पर ले जाएँ,Move a card from the reserve onto the empty tableau slot
स्तंभ,Col
जोकर मिटाएँ,Remove the jacks
पिछली चाल पूर्ववत करें,Redo the undone move
विल औ द विस्प,Will O The Wisp
नीचे का एक खाली खाँचा,Move ~ a onto an empty bottom slot.
"जब तक अत्यधिक आपात् स्थिति न हो, रक्त-बन्ध की सिफारिश नहीं की जाती",Tourniquets are not recommended unless in the direst emergency
संशोधन,Revision
चयनित पाठ को क्लिपबोर्ड पर कॉपी करें,Copy the selected text to the clipboard
खाली बची अतिरिक्त जगह पर कुछ ले जाएँslot type,Move something on to an empty reserve
#-#-#-#-#balsa. HEAD. hi. po (Balsa 2. x) #-#-#-#-#बन्द करें #-#-#-#-#gedit. gnome-2-2. hi. po (gedit VERSION) #-#-#-#-#बंद करें,Close
हुकुम की तिक्की,the three of spades
#-#-#-#-#balsa. HEAD. hi. po (Balsa 2. x) #-#-#-#-#हटाओ #-#-#-#-#gnome-desktop. HEAD. hi. po (gnome-desktop VERSION) #-#-#-#-#हटाएं #-#-#-#-#gnome-session. HEAD. hi. po (gnome-session VERSION) #-#-#-#-#हटाएं #-#-#-#-#gnome-utils. gnome-2-2. hi. po (gnome-utils 2.0) #-#-#-#-#हटाओ #-#-#-#-#nautilus. HEAD. hi. po (nautilus 2. x) #-#-#-#-#हटाएँ,Re _ move
पहुंचनीय आसंधि नोड को चुनते समय हाइलाइट बक्से की अवधि. ,The duration of the highlight box when selecting accessible nodes.
मछली पकड़ने के तांत से अपने दांत साफ मत करिए,Fishing wire makes bad dental floss
लाइसेंस,License
हाइपरकड़ी,Hyperlink
डेक में से नया पत्ता चलें,Deal a new card from the deck
सीमांत (बोर्डर) के रंग को हाइलाइट करें,Highlight border color
एक खाली पठारी ढेर,an empty tableau pile
#-#-#-#-#balsa. HEAD. hi. po (Balsa 2. x) #-#-#-#-#छापें #-#-#-#-#gedit. gnome-2-2. hi. po (gedit VERSION) #-#-#-#-#प्रिंट #-#-#-#-#libgnomeprintui. gnome-2-2. hi. po (libgnomeprintui) #-#-#-#-#प्रिंट #-#-#-#-#nautilus. HEAD. hi. po (nautilus 2. x) #-#-#-#-#छापें,Print
~ a को चिड़ी का नहला पर घुमाएँ. ,Move ~ a onto the nine of clubs.
मेमोरी,Memory leaks
ब्राउज,Browse...
फाइल जोड़ें,Attaching to process:% d...
मकड़ी,Spider
ईंट का बादशाह हटाएँ. ,Remove the six of diamonds.
एस्लेरियाट के लिये सहायता देखें,View help for Aisleriot
सहेज रहे हैं,Saving
हुकुम की बेगम,queen of spades
सारांशः,Summary:
2number,2
संस्करण,Version
एक खाली तस्वीर,an open tableau
मूलभूत जीयूआई अनुप्रयोग पहुंचनीयता का परीक्षण करता है,Tests fundamental GUI application accessibility
लाल पान का इक्का,ace of hearts
~ a को हुकुम की बेगम पर घुमाएँ. ,Move ~ a onto the queen of spades.
भूल भुलैया,Maze
हाइलाइट अवधिः,Highlight duration:
ईंट का दुक्का,the two of diamonds
प्रोजेक्ट बंद करें,Install as root:
अगला खोजें,Find _ Next
"संकेत (_ H) _ New ""is for the menu item 'Game-> New', implies"" New Game",_ Hint
#-#-#-#-#gedit. gnome-2-2. hi. po (gedit VERSION) #-#-#-#-#पुनः करें #-#-#-#-#gtk +. gtk-2-2. hi. po (gtk22 VERSION) #-#-#-#-#पुनः करें #-#-#-#-#gtkhtml. HEAD. hi. po (GtkHTML 2. x) #-#-#-#-#फिर से करो (R) #-#-#-#-#libgnomeui. HEAD. hi. po (libgnomeui HEAD) #-#-#-#-#पुन करें,_ Redo:% s
नहीं,No
दहला मिटाएँ,Remove the tens
प्रतीक,Find Symbol
#-#-#-#-#balsa. HEAD. hi. po (Balsa 2. x) #-#-#-#-#दिनांक #-#-#-#-#gnome-utils. gnome-2-2. hi. po (gnome-utils 2.0) #-#-#-#-#तारीख,No Date
अपरिचित डेस्कटाप फाइल संस्करण `% s ',Unrecognized desktop file Version '% s'
लाल पान का पंजा,five of hearts
पहुंचनीय,_ Accessible
लाल पान का अट्ठा,eight of hearts
घटक,Co _ mponent
क्रिया,Manage associations
गुणधर्म,Attributes
पंक्ति संख्या,Toggle Line numbers
पंजा मिटाएँ,Remove the fives
ध्वनि (_ S) ,_ Sound
लाल पान की अट्ठा के बगल में लाल पान के सत्ता को रखें. ,Place the eight of hearts next to the seven of hearts.
विविध,Misc
फोटो,Photos
हिब्रू दृश्य,Hebrew Visual
स्थान,Location
सबको कमिट करें,Commit modified
डेक में से पत्ता निकालें,Deal a card from the deck
घटनाओं हेतु ध्वनि बजाएँ या नहीं. ,Whether or not to play event sounds.
पंक्ति,Row
खेलने के लिये खेल चुनें,Select the game type to play
~ a को एक लाल पान का गुलाम पर ले जाएँ,Move ~ a onto the jack of hearts.
कालटिप्स,Calltips
#-#-#-#-#gnome-utils. gnome-2-2. hi. po (gnome-utils 2.0) #-#-#-#-#विवरण #-#-#-#-#gtkhtml. HEAD. hi. po (GtkHTML 2. x) #-#-#-#-#विवरणः,Plugin Description:
_ Valgrind,_ Valgrind
मेक्रो,Macros
विएतनामी,Vietnamese
एसलिरियोट एक नियम आधारित सॉलिटेयर कार्ड इंजन देता है जो कई भिन्न खेल खेलने के लिए अनुमति देता है. ,AisleRiot provides a rule - based solitaire card engine that allows many different games to be played.
यूआरआई,URI
सेः,From:
फ़ाइल,File
पथः,Path:
पुष्टिकरण,Confirmation
कार्य (_ T) ,_ Tasks
सब से बुराः,Worst:
प्रारंभः 0,Start: 0
मदद,Help
सत्यापन,V _ alidate
ढूंढो और बदलो,Find & Replace
घटक,Co _ mponent
चिड़ी की बेगम,queen of clubs
इस खेल में अब तक कोई संकेत समर्थन उपलब्ध नहीं है. ,This game does not have hint support yet.
तस्वीर में एक खाली खाँचा,an empty slot on tableau
अज्ञात पत्ता,the unknown card
जेबिल्डर प्रोजेक्ट,_ Build Project
चिड़ी का दहला,ten of clubs
चिड़ी का छक्का,six of clubs
जावा सोर्स कोड,Swap c header and source file
पैकेज,Package
#-#-#-#-#gnome-desktop. HEAD. hi. po (gnome-desktop VERSION) #-#-#-#-#टिप्पणी: #-#-#-#-#libgnomeprintui. gnome-2-2. hi. po (libgnomeprintui) #-#-#-#-#टिप्पणीः,Font:
~ a को एक चिड़ी का पंजा पर ले जाएँ,Move ~ a onto the five of clubs.
ऊपरी पटल,Top panel
केमेलॉट,Camelot
गनोम,GNOME
परिवर्धित,Modified
चुने गए एक्सेसेबलों को पुस्तक-चिह्नित करें,Bookmark selected accessible.
बाज पंख,Eagle Wing
~ a को एक हुकुम का दहला पर ले जाएँ,Move ~ a onto the ten of spades.
चुने गए एक्सेसेबेल,Selected accessible
कठिन,Hard
मद (_ e): ,It _ ems:
विकल्प समायोजित करें,Set _ Default Preferences
बेकार में से पत्ते ले जाएँ,Move card from waste
स्टेटस बार प्रदर्शित करें,_ Show Status
अधिकतम मान,Maximum value
संस्करणः,Version
डिबगर,Debugger
खेल सांख्यिकी दिखायें,Show gameplay statistics
परियोजना में जोड़ें,Add to Project
कालम के बीच की दूरी,Compact folding
सिन्योर,Signora
7number,7
ईंट का चव्वा के बगल में ईंट का तिक्की को रखें. ,Place the four of diamonds next to the three of diamonds.
पसंद जोड़ें... (_ A) ,_ Add Bookmark...
हस्ताछर शामिल करो,_ Hide paths
Xlib dock,Xlib dock
पाठ,Text
क्लिक करके ताश ले या छोड़ें,Pick up and drop cards by clicking
चिड़ी का सत्ता,seven of clubs
रविशंकर श्रीवास्तव (raviratlami @yahoo. com) राजेश रंजन (rajeshkajha @yahoo. com) ,translator - credits
खाली,Idle
और ताश बांटें,Deal more cards
टेरेस,Terrace
नया पृथक्कारक (_ S) ,New _ Separator
सारांश,Summary
अंजूटा IDE,Anjuta IDE
पंक्ति,Row
पहुंचनीय आसंधि (नोड) को चुनते समय हाइलाइट बक्से की अवधि,The duration of the highlight box when selecting accessible nodes
बहुत अधिक चयनीय शिशु हैं,Too many selectable children
डाक,Mail
कार्य,Task
पूरा प्रोजेक्ट साफ करें,Clean whole project
"Author ""means search for commits whose author matches the given grep expression."" Grep",Grep:
WIDTHxHEIGHT + XOFF + YOFF,WIDTHxHEIGHT + XOFF + YOFF
प्रोग्राम पैरामीटर... ,Program Parameters...
Gdb प्लगिन. ,Gdb plugin.
वर्तमान विन्यास अति प्राकृतिक रूप से ताश के रंग के योग्य हो इस हेतु ध्येय कीजिए. ,Aim to place the suits in the order which fits the current layout most naturally.
कोई संकेत अभी उपलब्ध नहीं है,No hint available right now
(कोई विवरण नहीं) ,(no description)
विकल्प,Symbols
टूटते तारे,Falling Stars
दो सूट,Two Suits
(क्रियान्वित नहीं हुआ है) ,(not implemented)
बाल्सा को कान्फिगर करो,Configure external packages
ट्रेज,Treize
यह संदेश भेजें,Save message
स्मार्ट हाशिया,Parenthesis indentation
पुस्तक-चिह्नों को प्रबंधित करें। ,Manage bookmarks.
स्टेटसबार को अपने अनुसार बदलें,C _ ustomize shortcuts
#-#-#-#-#balsa. HEAD. hi. po (Balsa 2. x) #-#-#-#-#अपडेट #-#-#-#-#gedit. gnome-2-2. hi. po (gedit VERSION) #-#-#-#-#अपडेट (अद्यतन) #-#-#-#-#gnome-applets. gnome-2-2. hi. po (gnome-applets 2. x) #-#-#-#-#अपडेट (अद्यतन) ,_ Update...
make (\\ [\\d + \\])?: \\s + Leaving\\s + directory\\s + `(. +) ',make (\\ [\\d +\\])?: \\s + Leaving\\s + directory\\s + `(. +) '
प्रोफाइलिंग,Profiling
अंजुता के लिए टर्मिनल प्लगिन,Terminal Plugin for Anjuta.
मछली पकड़ने के तांत से अपने दांत साफ मत करिए,Fishing wire makes bad dental floss
चुनें कि कार्ड खींचना है या गंतव्य के बजाय श्रोत पर क्लिक करना है. ,Select whether to drag the cards or to click on the source then the destination.
संबंध,Relations
बच्चों के बिना अनुप्रयोग छिपाएँ/दिखाएँ (_ H) ,_ Hide / Show Applications without children
~ a को एक खाली नीचे स्लॉट में ले जाएँ. ,Move ~ a onto an empty bottom slot.
शॉर्टकट्स,Shortcuts
प्रोग्राम चुनें,Select Program
इस खेल के बारे में,About this game
नई pluginviews उपलब्ध है,Available new pluginviews
चलाने के लिए प्रोग्राम चुनेंः,Select Program to run:
लाल पान का पंजा,the five of hearts
दो सूट,Two Suits
किंग ऑडियंस,Kings Audience
अट्ठा मिटाएँ,Remove the eights
जारी,Release
#-#-#-#-#gedit. gnome-2-2. hi. po (gedit VERSION) #-#-#-#-#दांया #-#-#-#-#gtkhtml. HEAD. hi. po (GtkHTML 2. x) #-#-#-#-#दांया #-#-#-#-#libgnomeprintui. gnome-2-2. hi. po (libgnomeprintui) #-#-#-#-#दायें,High
टूटते तारे,Falling Stars
Default Text below icons Text beside icons Icons only Text only,Default Text below icons Text beside icons Icons only Text only
हाइलाइट बक्से का सीमांत रंग,The border color of the highlight box
रीढ़,Backbone
पूरा प्रोजेक्ट संस्थापित करें,Unable to update project
Icon:% s,Anjuta status to use in loading and unloading of plugins
~ a को चिड़ी का चौवा पर ले जाएँ,Move ~ a onto the four of clubs.
हुकुम का बादशाह,the king of spades
वर्णन,Description
~ a को एक हुकुम का सत्ता पर ले जाएँ,Move ~ a onto the seven of spades.
नया,New
अपने अनुप्रयोग को पहुंचनीयता व्यायाम का लाभ दें,Give your application an accessibility workout
चिड़ी का दहला हटाएँ. ,Remove the seven of clubs.
~ a को एक खाली शीर्ष स्लॉट में ले जाएँ. ,Move ~ a onto an empty top slot.
क्या आपने मदद फ़ाइल पढ़ ली है? ,Have you read the help file?
फाइल का नाम ढूंढो,Tasks manager view
भिन्न प्रकार खेल खेलें,Play a different game
प्रतीक पसंद,Icon choice
सभी बंद करें,Close All
मिटाएँ,Delete
चिड़ी का दहला हटाएँ. ,Remove the four of clubs.
रॉयल ईस्ट,Royal East
वर्णन,Description
आधार से पत्तों को नीचे की ले जाने की कोशिश करें,Try moving cards down from the foundation
विविध रंग,Alternating colors
ईंट का दहला हटाएँ. ,Remove the two of diamonds.
जर्मन,Georgian
चिड़ी की बेगम के बगल में चिड़ी के वादशाह को रखें. ,Place the king of clubs next to the queen of clubs.
कोई चाल संभव नहीं. वापस लें या फिर शुरू करें,No moves are possible. Undo or start again.
खेलने के लिये खेल चुनें,Select the game type to play
हटाएं (_ m) ,Re _ move
विजेट्स,Widget name
लाल पान की तिक्की,the three of hearts
गंतव्यः,Source / Destination Paths:
शीर्षकः,Title:
हुकुम का दहला हटाएँ. ,Remove the five of spades.
इस प्रोग्राम के साथ आपको ग्नू-जनरल पब्लिक लाइसेंस की प्रतिलिपि मिलनी चाहिए. यदि नहीं तो देखें. slot type,"You should have received a copy of the GNU General Public License along with this program. If not, see."
चलाने के लिए प्रोग्राम चुनेंः,Select Program to run:
रूपांतरित करें (_ T) ,_ Transform
एलीवेटर,Eliminator
सभी चुनें,Select All
पड़ोसी,Neighbor
#-#-#-#-#gedit. gnome-2-2. hi. po (gedit VERSION) #-#-#-#-#वरीयता #-#-#-#-#gnome-applets. gnome-2-2. hi. po (gnome-applets 2. x) #-#-#-#-#वरीयता #-#-#-#-#gnome-media. HEAD. hi. po (gnome-media 2.0) #-#-#-#-#वरियताएँ #-#-#-#-#nautilus. HEAD. hi. po (nautilus 2. x) #-#-#-#-#प्राथमिकताएँ,_ API Reference
आधार पत्ताः रानी,Base Card: Queen
हुकुम का अट्ठा,the eight of spades
~ a को एक लाल पान का दहला पर ले जाएँ,Move ~ a onto the ten of hearts.
हुकुम का इक्का,the ace of spades
कोई विवरण नहीं,(no description)
मूल,Basic
गे गोरडोन्स,Gay Gordons
"सिर्फ इसलिए कि हापस्काच बोर्ड पारपथ जैसे दिखता है, इसका मतलब यह नहीं कि वह यही है",Just because a crosswalk looks like a hopscotch board doesn 't mean it is one
साइरिलिक,Cyrillic
ऊपर जायें,Move Up
सभी चुनें (_ A) ,Select _ All
खेल चुनें,Select Game
भारी भरकम,Jumbo
हुकुम का नहला,the nine of spades
आधार पत्ताः बादशाह,Base Card: King
नया (_ N) _ New Game,_ New
लाइसेंसः,License:
उपयोक्ता नामः,Username:
~ a को एक ईंट का दहला पर ले जाएँ,Move ~ a onto the ten of diamonds.
अतिरिक्त में से एक ताश के पत्ते को खाली खाँचा पर ले जाएँ,Move a card from the reserve onto the empty tableau slot
ताश प्रसंग इंस्टाल करें... ,Install card themes…
न्यास,the foundation
कुछ न करें (h) ,_ Do not show again
अपवाद,EXCEPT
Pixbuf वस्तु,Pixbuf Object
लाल पान का दुक्का,two of hearts
चिड़ी की अट्ठा के बगल में चिड़ी के सत्ता को रखें. ,Place the eight of clubs next to the seven of clubs.
“% s” खेल आरंभ नहीं कर सका,Cannot start the game “% s”
इस खेल में अब तक कोई संकेत समर्थन उपलब्ध नहीं है. ,This game does not have hint support yet.
एसलिरियोट एक नियम आधारित सॉलिटेयर कार्ड इंजन देता है जो कई भिन्न खेल खेलने के लिए अनुमति देता है. ,AisleRiot provides a rule - based solitaire card engine that allows many different games to be played.
प्रोजेक्ट में सोर्स जोड़ें,Configure project
सभी चुनें,Select Tool:
बेकर्स दर्जन,Bakers Dozen
सारांशः,Summary:
सभी ढेर भरने लायक पत्ते होते तक पहले जैसा करें,Undo until there are enough cards to fill all tableau piles
Generic C + + ,Generic C + +
~ a को चिड़ी का गुलाम पर ले जाएँ,Move ~ a onto the jack of clubs.
हुकुम का छक्का,six of spades
लाल पान की नहला के बगल में लाल पान के अट्ठा को रखें. ,Place the nine of hearts next to the eight of hearts.
बनाएँ,Create a tag
बाल्टिक,Baltic
मान,Value
आधार पत्ताः रानी,Base Card: Queen
एक% s को आप ढूंढ रहे हैं. ,You are searching for a three.
#-#-#-#-#gtk +. gtk-2-2. hi. po (gtk22 VERSION) #-#-#-#-#मोड (रूप) #-#-#-#-#libgnomeui. HEAD. hi. po (libgnomeui HEAD) #-#-#-#-#मोड,Model
छह मूलाधार,Six Foundations
Anjuta स्थिति,Anjuta Status
पियर से प्रमाण पत्र लेने में असमर्थ,Unable to build project wizard user interface
वर्तमान फाइल संग्रहित करें,Search complete
आधार पत्ताः इक्का,Base Card: Ace
पंक्ति मार्कर्स दिखाएं,Show Line Markers
मौजूद प्लगिन,Available Plugins
#-#-#-#-#gtk +. gtk-2-2. hi. po (gtk22 VERSION) #-#-#-#-#अण्डरलाइन (रेखांकन) #-#-#-#-#libgnomecanvas. HEAD. hi. po (PACKAGE VERSION) #-#-#-#-#अन्डरलाइन,undefined
हस्ताछर शामिल करो,Include paths
चुने गए स्तंभ,Selected columns
घटना रोजनामचा मिटाओ,Clear event log
हीरा खदान,Diamond Mine
ओफसेट,Offset
रंग,Hour
वर्तमान खेल पुनःप्रारंभ करें,Restart the game
शॉर्टकटः,Shortcut:
अनुलंब विभाजित,Vertical split
पूर्वनिर्धारित तरीका,Auto purge completed items
सोर्सफोर्ज,C Source File
8number,8
सताने वाला किला,Beleaguered Castle
“% s” के लिए मदद नहीं दिखा सका,Could not show help for “% s”
9,9
परियोजना नामः,_ Group name:
हाइलाइटन,Highlighting
कोड समाप्ति सक्रिय करें,Min character for completion
हाँ,Yes
"""% s"" को खोल रहे. ",Opening% s
डैरक्टरी चुनो,Select directory
नया दृश्य... ,New View...
चिड़ी की बेगम,queen of clubs
सामान्य नाम,Generic C + + Class
हुकुम की पंजा के बगल में हुकुम के चव्वा को रखें. ,Place the five of spades next to the four of spades.
त्रुटि,ERROR
अंजुटा के लिए डेव वहेल्प प्लगिन,Devhelp Plugin for Anjuta.
"""% s"" को खोल रहे. ",Opening% s
प्रोग्रामः,Program:
निर्देश पंक्ति की प्रविष्टि,Command Line Parameters:
हुकुम का पंजा,five of spades
Xlib,Xlib
हाइलाइट किया गया भराई का रंग और पारदर्शिता। ,The color and opacity of the highlight fill.
सीहैवन,Seahaven
संस्थापित करें (_ I) ,_ Install
ईंट का छक्का,the six of diamonds
एक खाली संस्थापन के ढेर,an empty foundation pile
एक% s को आप ढूंढ रहे हैं. ,You are searching for a two.
सभी चुनें,Select All
चिड़ी की तिक्की,three of clubs
जेनेरिक wx विजेट प्रोजेक्ट,A generic wx Widgets project
हुकुम का दहला,the ten of spades
चीनी (सरल) ,Chinese Simplified
हाइलाइट बक्से का सीमांत रंग,The border color of the highlight box
संस्करणः,Version:
चलाने के लिए लक्ष्य लोड करें,Load Target to run
वरीय प्लगिन,Preferred plugins
सार्वत्रिक फटाफट कुंजियां,Global Hotkeys
दरी,Carpet
लाल पान का सत्ता,the seven of hearts
~ a को एक ईंट की बेगम पर ले जाएँ,Move ~ a onto the queen of diamonds.
Scratchbox,Scratchbox
चिड़ी की सत्ता के बगल में चिड़ी के छक्का को रखें. ,Place the seven of clubs next to the six of clubs.
फ़ाइल प्रबंधक,File Manager
अभी सक्रिय प्लगिन,Currently edited file name
दोषमुक्त करें,DEBUG
निजी गुणों को छिपाएं,Hide private attributes
मध्य यूरोपीय,Central European
संशोधन,Revision
हाल में खेले खेल के नाम,Recently played games
कोई विवरण नहीं,No description
सामान्य प्रोजेक्ट सूचना,General Project Information
चिड़ी की गुलाम के बगल में चिड़ी के दहला को रखें. ,Place the queen of clubs next to the jack of clubs.
उपकरण-पट्टी छुपाएँ या दिखाएँ,Show or hide the toolbar
सभी मिलानों को बदलें,Replace all matches
चाल फिर चलें (_ R) Reset,_ Redo Move
प्रोग्राम का नाम,Program parameters
दस्तावेज/,Document module Makefile. am
बदलें कि कौन से अनुप्रयोगों को मुख्य मेन्यू में दिखाया गया है,Add or remove applications from the main menu
मोड्यूल,Module
विकल्प,Options
प्रोजेक्ट बंद करें,Build whole project
हुकुम की दहला के बगल में हुकुम के नहला को रखें. ,Place the ten of spades next to the nine of spades.
सौभाग्य,Fortunes
लाल पान का दुक्का,two of hearts
#-#-#-#-#gedit. gnome-2-2. hi. po (gedit VERSION) #-#-#-#-#पिछली क्रिया निरस्त करें #-#-#-#-#libgnomeui. HEAD. hi. po (libgnomeui HEAD) #-#-#-#-#अंतिम प्रक्रिया को निरस्त करें,Undo the last action
टूटते तारे,Falling Stars
पूर्व संदेश (_ P) ,Use previous message
स्पेसर का आकार,View Whitespaces
"संकेत (_ H) _ New ""is for the menu item 'Game-> New', implies"" New Game",_ Hint
वेस्ट हैवन,Westhaven
न्यास,Six Foundations
दृश्य _ (V) ,_ View
सॉलिटेयर के बारे में,About Solitaire
~ a को एक खाली शीर्ष स्लॉट में ले जाएँ. ,Move ~ a onto an empty top slot.
न्यूनतम मान,Minimum value
मूल,Basic
क्लॉन्डिके तीन डेक,Klondike Three Decks
~ a को एक ईंट का इक्का पर ले जाएँ,Move ~ a onto the ace of diamonds.
एक दुक्की को आप ढूंढ रहे हैं. ,You are searching for a two.
"माउस के अधीन जो एक्सेसेबल है, उसे जांचें",Inspect accessible under mouse
#-#-#-#-#gnome-applets. gnome-2-2. hi. po (gnome-applets 2. x) #-#-#-#-#आइकन #-#-#-#-#gnome-utils. gnome-2-2. hi. po (gnome-utils 2.0) #-#-#-#-#पोर्ट (_ P): ,Font:
सारणी सूचना,Table Information
बदलाव,Edit Rules
कार्ड चालों में एनीमेशन उपयोग करें या नहीं. ,Whether or not to animate card moves.
~ a को एक खाली तस्वीर खाँचा पर ले जाएँ. ,Move ~ a onto the tableau.
% s किसी समुच्चय का सदस्य नहीं है,% s does not belong to a set
Generic java (automake) ,Generic java (automake)
हुकुम का नहला,nine of spades
चालीस चोर,Forty Thieves
डेवलेपर नामः,Developer name:
चिड़ी का सत्ता,seven of clubs
नयों को टागल करें,Toggle View
विन्यास,Setting
पूरी लाइन फेंटें,Deal a row
~ a को एक खाली नीचे स्लॉट में ले जाएँ. ,Move ~ a onto an empty bottom slot.
कार्य डायरेक्टरी,CVS: Remove file / directory
एक सत्ता को आप ढूंढ रहे हैं. ,You are searching for a seven.
जायंट,Giant
श्रेणी,Actions
मोन्ते कार्लो,Monte Carlo
ध्वनि (_ S) ,_ Sound
खास,Signal
खोजें,Search In:
आर्मेनियाई,Armenian
छैतिज पैमाना,Editor navigations
गनोम सॉलिटेयर,GNOME Solitaire
क्लॉन्डिके,Klondike
हाल में खेला गया (_ R) ,_ Recently Played
सापेक्ष स्थिति,Relative position
पिछली चाल पूर्ववत करें,Redo the undone move
ईंट का गुलाम,jack of diamonds
प्रवेश सहायक,Lo _ gin Helper
छैतिज पैमाना,Profiling Options
उपयोक्ता द्वारा कमांड रद्द,Command canceled by user
घटनाओं को मानिटर करें (_ M) ,_ Monitor Events
स्थितिः,Position:
अंश व्यू,Context Help
ताश थीमः,Card themes:
कॉपी करें (_ C) ,Copy…
त्रुटि पर जारी रखें,Continue on errors
बाल गणना,Child count
जीएनयू डाक संदेश,No message details
~ a को पट्ट से बाहर ले जाएँ,Move ~ a onto the black joker.
सक्षम,Enabled
एक चव्वा को आप ढूंढ रहे हैं. ,You are searching for a four.
ईंट का पंजा,the five of diamonds
लाल पान का चव्वा,four of hearts
क्लिक करके ताश ले या छोड़ें,Pick up and drop cards by clicking
मिलान,Watches
संपादन,Edit
वस्तु जोड़ें,Add Item
पुस्तक चिह्नों को संपादित करें... ,Edit Bookmarks...
जेम्सटाउन,Jamestown
प्रोजेक्ट सहायक,Project Assistant
ईंट की तिक्की,three of diamonds
~ a को एक लाल पान का नहला पर ले जाएँ,Move ~ a onto the nine of hearts.
नमूना क्रिया,Implementation
आईपाइथन कन्सोल,IPython Console
~ a को एक लाल पान की बेगम पर ले जाएँ,Move ~ a onto the queen of hearts.
उपकरण-पट्टी छुपाएँ या दिखाएँ,Show or hide the toolbar
ब्रेकपाइंट समायोजित करें,C _ lear All Breakpoints
रिसेट करें (_ R) ,_ Reset
रेंडर के लिए पिक्सबफ,The pixbuf to render.
टैग,API Tags
लाल पान का बादशाह,the king of hearts
सोर्सफोर्ज,C # Source File
लगता है मुझे तुरंत अपनी पीठ खुजानी पड़ेगी... ,I could sure use a backrub right about now...
केनफील्ड,Canfield
सिस्टम टूल्स,User Tools
चिड़ी की चिड़ी के बगल में चिड़ी के दहला को रखें. ,Place the jack of clubs next to the ten of clubs.
Copyright (c) Naba Kumar,Copyright (c) Naba Kumar
एस्लेरियॉट सॉलिटेयर,AisleRiot Solitaire
एडाप्टिव हाशिया सक्रिय करें,Enable adaptive indentation
हुकुम का दहला,the ten of spades
क्या पंक्ति मार्कर pixbufs प्रदर्शित करें,Whether to display line marker pixbufs
उत्पन्न करें,Anjuta Class Generator Plugin
Anjut के लिए टूडू प्लगिन,Todo Plugin for Anjuta.
बेगम मिटाएँ,Remove the queens
मेकफाइल परियोजना,Makefile project
फ्रेम,Frame
इन्टरनेट,Program Interrupt
जापानी,Japanese
कठोर,Cruel
& lt; bgt; सारणी सूचनाlt;/bgt; ,Table Information
पंक्ति ~ a के सबसे बायें के स्लॉट में दो को रखें. ,Place a two in the leftmost slot of row ~ a.
सौभाग्य,Fortunes
हुकुम की पंजा के बगल में हुकुम के चव्वा को रखें. ,Place the six of spades next to the five of spades.
प्रतिशतः,Percentage:
चिड़ी का बादशाह हटाएँ. ,Remove the eight of clubs.
पैच प्लगिन,Patch Plugin
ईंट का बादशाह,the king of diamonds
हाइलाइट बक्से का भराई रंग,The fill color of the highlight box
कार्य डायरेक्टरी,Default project directory
आइकान लोड हो रहे है,Loading Core:
मौजूदा चयन,Current line in editor
खाली,Circular
आंट मेरी,Aunt Mary
चिड़ी की बेगम,queen of clubs
कार्यकारी डायरेक्टरी,make: Leaving directory '% s'
रैण्डर होने वाला पाठ्य,Ne _ xt Occurrence
सिग्नल,Signal
औजारपट्टी (_ T) ,_ Toolbar
मिटाएँ,_ Delete tag...
संस्थापित करें (_ I) ,_ Install
खाली बची अतिरिक्त जगह पर कुछ ले जाएँ,Move something on to an empty reserve
प्लगइन्स,Plugins
यह एक डायरेक्टरी है,Patch files / directories
हटाएं,Delete Data
हाइलाइटन,Highlighting
चिड़ी का इक्का,ace of clubs
इंटरफेसः,Interface:
C + +/Java Assistance,C + + / Java Assistance
चेतावनीः,warning:
चिड़ी का दहला हटाएँ. ,Remove the ace of clubs.
मदद फ़ाइल “% s.% s” नहीं मिली,Help file “% s.% s” not found
- Integrated Development Environment,- Integrated Development Environment
एक अंतर्क्रियात्मक पाइथन पहुंचनीयता अन्वेषक,An interactive Python accessibility explorer
पत्तों हेतु ग्राफ़िक्स सहित फ़ाइल का नाम. ,The name of the file with the graphics for the cards.
लाल पान का इक्का,ace of hearts
गलियां और चौबारा,Streets And Alleys
आधार पत्ताः,Base Card:
कार्यकारी डायरेक्टरी,make [% d]: Leaving directory '% s'
मिटाकर लिखें,OVR
पंक्तियां,Lines
#-#-#-#-#gnome-media. HEAD. hi. po (gnome-media 2.0) #-#-#-#-#बेस #-#-#-#-#nautilus. HEAD. hi. po (nautilus 2. x) #-#-#-#-#बास,Pass
CVS प्लगिन,CVS Plugin
नियत तारीख़,Due date
~ a को अज्ञात पत्ता से बाहर ले जाएँ,Move ~ a onto the unknown card.
हुकुम की नहला के बगल में हुकुम के अट्ठा को रखें. ,Place the nine of spades next to the eight of spades.
पहुंचनीय,_ Accessible
make (\\ [\\d + \\])?: \\s + Leaving\\s + directory\\s + '(. +)' ,make (\\ [\\d +\\])?: \\s + Leaving\\s + directory\\s + '(. +)'
पुस्तक-चिह्न जोड़ें... ,Add Bookmark...
री-लोड,Reload
एकल प्लग-इन दृश्य,Available new pluginviews
परियोजना नामः,Branch name:
पाइलेअन,Pileon
फिर बांटें,Redeal.
फिल्टर लगाने में त्रुटि,Error in writing files
बेकर्स खेल,Bakers Game
~ a को एक लाल पान की तिक्की पर ले जाएँ,Move ~ a onto the three of hearts.
आधार पत्ताः जोकर,Base Card: Jack
जेब्रा,Zebra
लाल पान का दुक्का,the two of hearts
सुधार,Modify
कड़ी की विशेषताएँ,Breakpoint operations
ईंट का पंजा के बगल में ईंट का छक्का को रखें. ,Place the five of diamonds next to the four of diamonds.
हुकुम की तिक्की,the three of spades
प्रोग्राम पैरामीटर,Program Parameters
प्रोजेक्ट लोड करने में असमर्थ,Failed to create pipe to '% s':% s
एक% s को आप ढूंढ रहे हैं. ,You are searching for a queen.
विकल्प,Options:
हुकुम का बादशाह,king of spades
रिपोर्ट करें (_ R) ,_ Report
चिड़ी का गुलाम,the jack of clubs
जेनेरिक GTK + प्रोजेक्ट,A generic GTK + project
चुनी गई आसंधियों (नोड) के शिशुओं को ताजा करें,Refresh selected node 's children
लाल पान का इक्का,ace of hearts
कोई डील फिर नहीं,No redeals
अगला कार्ड या कार्ड्स की डील करें,Deal next card or cards
लाल पान का अट्ठा,the eight of hearts
प्रोजेक्ट सहायक,Project Assistant
चीनी (सरल) ,Chinese Simplified
ब्रेकपाइन्ट टॉगल करें,Toggle Breakpoint
अगला दस्तावेज़,Next Document
चिड़ी की बेगम,the queen of clubs
कुलः,Total:
हुकुम की बेगम,queen of spades
पूरा प्रोजेक्ट बिल्ड करें,Build whole project
हुकुम की तिक्की के बगल में हुकुम के दुक्का को रखें. ,Place the three of spades next to the two of spades.
इधर को जाएँ,_ Goto
प्लग-इन दृश्य,Plugin View
नाम,Name
प्रयोक्ता,Use
संपादन (_ E) ,_ Edit
ब्रेकपाइंट समायोजित करें,Edit Breakpoint
शिशु,Children
खाली तस्वीर खाँचा पर बादशाह को ले जाएँ,Move a King on to the empty tableau slot
रूकें,Stop
पाठ,Text only
फाइल सहायक,File Assistant
input widget,Git: Pull complete.
ईंट का इक्का,the ace of diamonds
बादशाह मिटाएँ,Remove the kings
ईंट का चव्वा के बगल में ईंट का तिक्की को रखें. ,Place the four of diamonds next to the three of diamonds.
प्रथम आधार ढेर हेतु अतिरिक्त में से एक ताश का पत्ता चुनें,Select a card from the reserve for first foundation pile
मौजूदा चयन,Currently selected text in editor
पंक्तियाँ,Lines
नया दृश्य... ,New View...
रैण्डर करने के लिए पाठ,Text to render
डिबग (खराबी दूर करें) ,Debugger Log
चिड़ी की दुक्की,the two of clubs
उन प्लग-इनों की सूची जिन्हें डिफोल्ट रूप से निष्क्रिय किया गया है,A list of plugins that are disabled by default.
गनोम,GNOME
सिन्योर,Signora
स्तंभ,Columns
सभी को ताजा करें,Refresh all
ईंट का चव्वा,four of diamonds
एक हाथ और बांटें,Deal another hand
सांख्यिकी (_ t) ,S _ tatistics
रैण्डर करने के लिए पाठ,Marked up text to render
अन्वेषण और प्रतिस्थापन,Find and R _ eplace…
कोरियाई,Korean
छपाई नमूना,Print Preview
पहुंचनीय,_ Accessible
प्रोफाइल प्लगिन,Profile Plugins
ताश के खेलः,Card games:
क़िस्म,Type
एक% s को आप ढूंढ रहे हैं. ,You are searching for a seven.
~ a को ईंट की बेगम पर घुमाएँ. ,Move ~ a onto the queen of diamonds.
जानकारी,Info Documentation
आधार पर एक पत्ता ले जाएँ,Play a card to foundation.
झांकें,Peek
ईंट का बादशाह,Move ~ a onto the king of diamonds.
चल रहा है... ,Running...
नियंत्रण की शैली का चयन करें,Select the style of control
Berkeley Software Distribution License (BSD) ,Berkeley Software Distribution License (BSD)
उपकरण-पट्टी (_ T) ,_ Toolbar
विविध रंग,Alternating colors
संस्करण नियंत्रण सिस्टम प्लगिन,Import from version control system
आधार पत्ताः जोकर,Base Card: Jack
शिफ्ट,Shift
खेलें “% s”,Play “% s”
देखें (_ V) ,_ View
बनाएँ,Create
सभी फ़ाइल का चयन करे,Select Profiling Target
अगला ढूंढें (_ N) ,Find _ Next
उन प्लग-इनों की सूची जिन्हें डिफोल्ट रूप से निष्क्रिय किया गया है,A list of plugins that are disabled by default.
#-#-#-#-#balsa. HEAD. hi. po (Balsa 2. x) #-#-#-#-#पूर्व स्थिति में आना #-#-#-#-#gedit. gnome-2-2. hi. po (gedit VERSION) #-#-#-#-#पुरानी स्थिति में लाएं,Rev
लाल जोकर,Remove the red joker.
खाली,Children
~ a को हुकुम का इक्का पर घुमाएँ. ,Move ~ a onto the ace of spades.
ईंट की बेगम,queen of diamonds
चिड़ी की चौवा के बगल में चिड़ी के पंजा को रखें. ,Place the five of clubs next to the four of clubs.
नया,New
चुनी गई पंक्तियां,Selected rows
कार्ड चालों में एनीमेशन उपयोग करें या नहीं. ,Whether or not to animate card moves.
ईंट का नहला,the nine of diamonds
नीचे पैनल pluginview के लिए लेआउट. ,The layout for the bottom panel pluginview.
वर्गों का संपादन,Edit Categories
प्रलेख,_ Document
स्थिर घोषणाओं को छोड़ दें,Goto line
चुने गए एक्सेसेबेल,Selected accessible
निर्देश पंक्ति की प्रविष्टि,Command Line Parameters
~ a को लाल पान का पंजा पर घुमाएँ. ,Move ~ a onto the five of hearts.
खेल चुनें,Select Game
एक पत्ता बांटें,Deal a card
हुकुम का गुलाम,Move ~ a onto the jack of spades.
बाहर,Quit
न्यासslot type,Five Foundations
अनुप्रयोग,Application
खाली दस्तावेज,Arguments:
कोई संकेत अभी उपलब्ध नहीं है,No hint available right now
खाली तस्वीर खाँचा पर बादशाह को ले जाएँ. ,Move a king onto an empty tableau slot.
इंडेन्टेशन,Indentation
चिड़ी का चौवा,the four of clubs
वर्णन,Description
सिन्योर,Signora
Kcard symbol,K
पाठ (_ x) ,Te _ xt
ताश को फिर से जमाने की कोशिश करें,Try rearranging the cards
एक तिक्की को आप ढूंढ रहे हैं. ,You are searching for a three.
ईंट का दहला,the ten of diamonds
परियोजना,Project
4number,4
चिड़ी का गुलाम,Move ~ a onto the jack of clubs.
खेल (_ G) ,_ Game
जोड़ा गया,Added
ईंट का इक्का,ace of diamonds
#-#-#-#-#libgnomeprintui. gnome-2-2. hi. po (libgnomeprintui) #-#-#-#-#स्थान (_ L): #-#-#-#-#nautilus. HEAD. hi. po (nautilus 2. x) #-#-#-#-#स्थान,Location
रिमोट कड़ियों को नहीं चला सकता,"Cannot execute command: ""% s"""
कार्रवाई (_ o) ,Acti _ on
नियमित (रेगुलर) एक्सप्रेशन. ,Regular expression
लाल पान का दहला,ten of hearts
खेल के पास कोई हल नहीं है. वापस ले या फिर शुरू करें. ,The game has no solution. Undo or start again.
क्या आप निश्चित है कि आप ट्रेश की सभी आयटम्स हमेशा के लिए डिलीट करना चाहते हैं,Are you sure you want to remove all the completed todo items?
चव्वा मिटाएँ,Remove the fours
लाल पान का नहला,the nine of hearts
गलियां और चौबारा,Streets And Alleys
विक्रेता,Vendor
न्यूनतम वृद्धि,Minimum increment
पूरे टेक्स्ट को टेक्स्ट फील्ड में में चुनें,Select all text in the editor
चिड़ी की तिक्की के बगल में चिड़ी के दुक्की को रखें. ,Place the three of clubs next to the two of clubs.
मौजूदा पंक्ति को उभारें,Highlight current line
अज्ञात मान,Unknown value
संस्करण,Version
पसंदीदा,Favorite
औजार बक्सा,Toolkit
यह खेल कोई संकेत उपलब्ध कराने में असमर्थ है. ,This game is unable to provide a hint.
काला जोकर,the black joker
प्रविष्ट करें,_ Install Module
नया (_ N) _ New Game,_ New
~ a को चिड़ी का छक्का पर ले जाएँ,Move ~ a onto the six of clubs.
बेकार में से पत्ते ले जाएँ,Move card from waste
लाल पान का छक्का,Move ~ a onto the six of hearts.
मान (_ V): ,_ Value:
क्या विंडो पूर्ण स्क्रीन है,Whether the window is fullscreen
स्रोत,Source
किसी वस्तु को तस्वीर के खाली खाँचे में ले जाएँ,Move something into the empty Tableau slot
नाम,Name
हटाएँ,Remove
विंडो चौड़ाई,Window width
रूकें,Stop
सभी खुली फाइलों को बंद करें,Please fill field:% s
उपयोक्ता नामः,Username:
~ a को चिड़ी का सत्ता पर ले जाएँ,Move ~ a onto the seven of clubs.
पाठ,Text
इटालिक,Italic
चिड़ी का नहला,the nine of clubs
एनीमेशन,Animations
लाल पान का इक्का,ace of hearts
प्रयोक्ता,User
तालिकाslot type,tableau
ईंट का पंजा,five of diamonds
सत्र के परिवर्तन स्वयं में संग्रहित करें,Commit your changes to the Subversion tree
पहुंचनीय,_ Accessible
लाग लोड करें (_ L) ,_ Load Log
दबाएँ,Suppress
पोकर,Poker
फाइल चुनें,Ignore files
वर्तमान खेल पुनःप्रारंभ करें,Restart the game
अंजुटा बार बार पूछे जाने वाले प्रश्न,Anjuta frequently asked questions
कठिन,Hard
साइरिलिक/रूसी,Cyrillic / Russian
Git संस्करण नियंत्रण,Git version control
बचा मालः 0,Stock left: 0
Berkeley Software Distribution License (BSD) ,Berkeley Software Distribution License (BSD)
निर्देश चलाएं,Running command:
घटना मानिटर,Event Monitor
परियोजना नामः,Package name:
ईंट का दहला,ten of diamonds
विंडो की ऊँचाई,Window height
फ्लैग की स्थिति,Tag Definition
नया मद (_ w) ,Ne _ w Item
दस्तावेज़ (_ D) ,_ Documents
एकवर्ण,Monochrome
मान,Value
संग्रह,Col _ lection
एक खाली तस्वीर खाँचा,an empty tableau slot
स्कीमाः,Sche _ ma:
% d%% Not ApplicableNot Applicable,% d%%
ब्रेकपाइंट को समायोजित करें,Disable All Breakpoints
5number,5
अनुप्रयोग की पहुंचनीयता का सत्यापन करता है,Validates application accessibility
फंक्शन नाम,Function Name
Jcard symbol,J
वर्तमान सत्र संग्रहित करें,Current _ Username
अज्ञात रंग,Unknown color
आधार पर एक पत्ता ले जाएँ. ,Play a card to foundation.
विडजेट,WIDGET
भूमिका,Role
काला जोकर,Remove the black joker.
बहुत अधिक चयनीय शिशु हैं,Too many selectable children
वर्ग जनक,Class Generator
प्रोफ़ाइल,Profiles
तालिकाslot type,tableau
भूलभुलैया,Labyrinth
चिड़ी का गुलाम,the jack of clubs
हाइलाइट किए गए सीमांत का रंग और अपारदर्शिता। ,The color and opacity of the highlight border.
आगे,Forward
सारांशः,Summary:
साराटोगा,Saratoga
परिवर्तनीय,Search variable
बढ़ने के लिये क्लिक करें (_ C) ,_ Click to Move
चिड़ी का गुलाम,jack of clubs
मेकफाइल परियोजना,Makefile project
चयनित पाठ्य को हटाएं,Block comment the selected text
Gdb,Gdb
चिड़ी का गुलाम,the jack of clubs
सभी ढेर भरने लायक पत्ते होते तक पहले जैसा करें,Undo until there are enough cards to fill all tableau piles
टैग लिस्ट प्लगइन,Sample Plugin
~ a को एक लाल पान की बेगम पर ले जाएँ,Move ~ a onto the queen of hearts.
आप एक इक्का के लिए खोज रहे हैं. ,You are searching for an ace.
एनीमेशन,Animations
खोलें,Open
कोई संकेत अभी उपलब्ध नहीं है,No hint available right now
% s का कोई पाठ अंतराफलक नहीं है,% s has no text interface
~ a को चिड़ी का छक्का पर ले जाएँ,Move ~ a onto the six of clubs.
फ़ॉन्ट,Font
घटना मानिटर,Event Monitor
~ a को एक हुकुम का पंजा पर ले जाएँ,Move ~ a onto the five of spades.
इंडेन्टेशन,Orientation
बचा मालः ~ a,Stock left: ~ a
अधिकतम मान,Maximum value
चलाएँ,Execute
चयन (_ S) ,_ Selection
ब्रेकपाइंट समायोजित करें,Remove Breakpoint
जिप्सी,Gypsy
परियोजना नामः,GbfProject Object
~ a को एक लाल पान की बेगम पर ले जाएँ,Move ~ a onto the queen of hearts.
सेल्टिक,Celtic
मत रिपोर्ट करें (_ D) ,_ Don 't report
समूह गुण,General Class Properties
सांख्यिकी (_ t) ,S _ tatistics
1number,1
सांख्यिकी (_ t) ,S _ tatistics
पंक्ति ~ a के सबसे बायें के स्लॉट में दो को रखें. ,Place a two in the leftmost slot of row ~ a.
शीर्ष,Headers
तीन पत्ते बांटें,Three card deals
% d:% 02d,% d:% 02d
कुछ,something
Cachegrind,Cachegrind
किसी वस्तु को तस्वीर के खाली खाँचे में ले जाएँ,Move something into the empty Tableau slot
चालीस चोर,Forty Thieves
चुनी गई पंक्तियां,Selected rows
कई कमांड एक साथ चलाएँः,Run several commands at a time:
या,OVR
संपादक,Editor
प्रवाहित करनेयोग्य विषयवस्तु,St _ reamable Content
~ a को एक क्लब का दोनों पर ले जाएँ,Move ~ a onto the two of clubs.
पत्तों के ढेर को आसपास ले जाने की कोशिश करें,Try moving card piles around
अंजूटा वरीयता,Indent Preferences
पिछला संदेश,Go to previous help page
यूआरआई,URI
ओडेसा,Odessa
प्रारंभ,Starter
कार्य के,Add internationalization:
आधार पत्ताः,Base Card:
लाल पान की तिक्की,three of hearts
तेज चुनाव,Quick Select
सारणी,View Line Wrap
Anjuta के लिए नमूना प्लगिन. ,Symbol Database Plugin for Anjuta.
चिड़ी का छक्का,the six of clubs
~ a को लाल पान का गुलाम पर घुमाएँ. ,Move ~ a onto the jack of hearts.
ऊपरी पटल के लिए खाका,The layout for the top panel
अगला कार्ड या कार्ड्स की डील करें,Deal next card or cards
सिग्नल,Signals
नया बीएसडी लाइसेन्स विवरण के लिए देखिए प्रतिलिपीकरण और सूचना फाइलें,The New BSD License See the COPYING and NOTICE files for details.
प्लग-इन त्रुटियां,Plugin Errors
~ a को चिड़ी की बेगम पर ले जाएँ,Move ~ a onto the queen of clubs.
स्थिति,Position
न्यासslot type,foundation
चिड़ी की चौवा के बगल में चिड़ी के तिक्की को रखें. ,Place the four of clubs next to the three of clubs.
गे गोरडोन्स,Gay Gordons
पुष्टि कर रहे हैं,Validating
बिल्ड,Build
नया बीएसडी लाइसेन्स विवरण के लिए देखिए प्रतिलिपीकरण और सूचना फाइलें,The New BSD License See the COPYING and NOTICE files for details.
अक्षम,Disable
औजार,Tool
कोई चाल संभव नहीं. वापस लें या फिर शुरू करें,No moves are possible. Undo or start again.
पश्चिमी,Western
आंट मेरी,Aunt Mary
ताश बांटना बाकीः ~ a,Redeals left: ~ a
विडजेट,WIDGET
भूमिका,Role
एथेना,Athena
श्रेणी,Macros:
प्रोग्राम को रोकें,S _ top Program
चिड़ी का अट्ठा,the eight of clubs
लाल पान का गुलाम,Move ~ a onto the jack of hearts.
प्रोग्राम चलाएं,Run Program
लकीर,License:
शीर्ष,Head
रिसेट करें (_ R) ,_ Reset
प्रोजेक्ट इंपोर्ट सहायक,Project Import Assistant
गुपत अक्षर (_ P): ,Password:
शेष ताशः ~ a,Cards remaining: ~ a
लाल पान का दहला हटाएँ. ,Remove the five of hearts.
हुकुम की सत्ता के बगल में हुकुम के छक्का को रखें. ,Place the seven of spades next to the six of spades.
हुकुम का चव्वा,four of spades
मोड,Mode
प्रविष्ट करें,_ Install
ठहरें (_ P) ,_ Pause
सक्रिय प्लगिन,Activated plugins
विषय सूची (_ C) ,_ Contents
विजेट नहीं मिलाः% s,Widget not found:% s
हाइपरकड़ी,Hyperlink
एक छक्का को आप ढूंढ रहे हैं. ,You are searching for a six.
उपज,Yield
मेकफाइल परियोजना,Makefile project
एक से अधिक विडजेट फोकस में है,more than one focused widget
ताश के पत्तों को ढेर में वापस करें,Return cards to stock
एस्केलेटर,Escalator
जोड़ा,Doublets
फाइल% d लोड हो रही है,Loading file...
शब्द चुनो,Select to _ Brace
शक्तिशाली डिबगिंग औजार,Powerful debugging tool.
चिड़ी की चौवा के बगल में चिड़ी के पंजा को रखें. ,Place the five of clubs next to the four of clubs.
खाली खाँचा में कुछ ले जाने के बारे में विचार करें,Consider moving something into an empty slot
चिड़ी की तिक्की,the three of clubs
क्या विंडो सबसे बड़े आकार का होना चाहिए,Whether the window is maximized
~ a को एक हुकुम का दुक्का पर ले जाएँ,Move ~ a onto the two of spades.
घड़ी,Clock
तेज चुनाव,Quick Select
इस खेल के लिये सहायता दिखायें,View help for this game
खाली तस्वीर खाँचा पर पत्तों को ले जाएँ,Move a build of cards on to the empty Tableau slot
शिफ्ट,Shift
काला जोकर,the black joker
औज़ार,Tools
पीछे,Back
भाषा प्रबंधक,Language Manager
हुकुम की दुक्का के बगल में हुकुम के इक्का को रखें. ,Place the two of spades next to the ace of spades.
पथ,Path
विंडो की ऊंचाई का मान. ,The window height value.
संपादन,Edit
जाल स्थल,Web site
आकार,Size
ताश थीमः,Card themes:
% u फाइल्स,Lua files
बेकार के ऊपर के दो कार्ड का प्रयोग करें,Match the top two cards of the waste.
पुस्तक चिह्न संपादित करें (_ E)... ,_ Edit Bookmarks...
चालीस चोर,Forty Thieves
टागल,toggle
क्वातोर्जे,Quatorze
~ a को एक लाल पान का बादशाह पर ले जाएँ,Move ~ a onto the king of hearts.
पोकर हाथ तैयार करने हेतु ताश के पत्तों को जमाएँ,Place cards on to the Tableau to form poker hands
input widget,Git: Push complete.
एकल प्लग-इन दृश्य,_ Single plugins view
फाइल को खोलने में असमर्थ,Unable to delete file
डैरक्टरी चुनो,Select directory
डेस्कटोप,Des _ ktop
टेम्पलेट,Template
हुकुम का दुक्का,the two of spades
स्वचालित,Autoplay
देखें (_ V) ,_ View
जावा सोर्स कोड,PHP source files
रोमानियाई,Romanian
सॉलिटेयर,Solitaire
विल औ द विस्प,Will O The Wisp
सभी को ताजा करें,Refresh all
चिड़ी का दहला हटाएँ. ,Remove the queen of clubs.
हुकुम का इक्का,the ace of spades
~ a को एक आधार पर ले जाएँ. ,Move ~ a onto the foundation.
खोज का तरीका,Select Target...
अछर,Line% d character% d:% s
ईंट की तिक्की,the three of diamonds
% s का कोई नाम या विवरण नहीं,% s has no name or description
इंडेन्टेशन,Indentation
(क्रियान्वित नहीं हुआ है) ,(not implemented)
"जब आप सड़क पार करें, तो दोनों तरफ देखें",Look both ways before you cross the street
विंडो की चौड़ाई,Window width
अंकः,Score:
त्रुटि,ERROR
मूलभूत जीयूआई अनुप्रयोग पहुंचनीयता का परीक्षण करता है,Tests fundamental GUI application accessibility
Anjuta शेल,Anjuta Shell
दिखाएँ,Show
~ a को एक खाली दाएं खाँचा में ले जाएँ,Move ~ a onto an empty right slot.
वर्ग जनक,Class Generator
डेस्कटोप,Des _ ktop
~ a को काला जोकर पर घुमाएँ. ,Move ~ a onto the black joker.
वेलेंटाइन,Valentine
लाल पान का चव्वा,four of hearts
जीटीके + ,GTK +
ईस्टहैवन,Easthaven
Helgrind,Helgrind
"% s में% s स्थिति है, पर उसके साथ% s स्थिति नहीं है",% s has% s state without% s state
अज्ञात,unknown
दोषमुक्त करें,DEBUG
हुकुम का छक्का,the six of spades
एक खाली तस्वीर,an open tableau
औजार बक्सा,Toolkit
आल्ट,Alt
"सूर्य किरणें आपको विटामिन डी देती हैं, कम्प्यूटरों के मॉनीटर्स नहीं... ",Monitors won 't give you Vitamin D - - but sunlight will...
वर्गों का संपादन,Edit Categories
ग्लेनवुड,Glenwood
मान,Value
सापेक्ष स्थिति,Relative position
केमेलॉट,Camelot
सुधार,Modify Signal
अंश व्यू,_ Context Help
प्रोजेक्ट विन्यस्त करें,Configure project
पूर्णस्क्रीन,Fullscreen
स्थिति,Position
श्रीमान् टॉमी,Sir Tommy
सोलिटेयर; पत्ते; क्लोंडाइक; मकड़ी; FreeCell; धैर्य; ,solitaire; cards; klondike; spider; freecell; patience;
प्रोग्राम का संस्करण,Continue the execution of the program
ईंट का बादशाह हटाएँ. ,Remove the jack of diamonds.
कोई फिल्टर का नाम निर्धारित नहीं है,"New file, project and project components."
अंत,End
प्रोजेक्ट विन्यस्त करें,Configure Project
स्तर,Level
गुण,Properties
चुने गए स्तंभ,Selected columns
स्थिर घोषणाओं को छोड़ दें,Declarations
अंजुटा बार बार पूछे जाने वाले प्रश्न,Anjuta frequently asked questions
सुरक्षित खाँचा पर बेकार को ले जाएँ,Move waste on to a reserve slot
सभी बदलें,Replace All
टर्मिनल,Terminal options
अंतराफलक के विभिन्न गुणों को देखने देता है,Allows viewing of various interface properties
प्रोजेक्ट फिर जेनरेट करें,Regenerate project
विस्तारः,Extents:
सारांश,Summary
पत्ते बाँटें,Deal the cards
कोई दृश्य नहीं है,No view
दोषसुधार,Debug
चिड़ी की बेगम,queen of clubs
एक इक्का को आप ढूंढ रहे हैं. ,You are searching for an ace.
बाहर (_ Q) ,_ Quit
Anjuta के लिए ग्लेड प्लगिन,Glade Plugin for Anjuta.
एग्नेस,Agnes
एक बादशाह को आप ढूंढ रहे हैं. ,You are searching for a king.
दोहराएँ (_ R) ,_ Redo
एटी-एसपीआई सत्यापक,AT - SPI Validator
~ a को एक हुकुम का सत्ता पर ले जाएँ,Move ~ a onto the seven of spades.
फोटो,Photos
चुनी गई कोशिका,Selected Cell
वस्तु,Item
ब्राउज़... ,Browse...
ग्नोम खेल वेबसाइट,GNOME Games web site
1number,1
मैं सुनिश्चित नहीं हूं,I 'm not sure
एक% s को आप ढूंढ रहे हैं. ,You are searching for a nine.
अगली चाल हेतु संकेत प्राप्त करें,Get a hint for your next move
~ a को एक हुकुम का अट्ठा पर ले जाएँ,Move ~ a onto the eight of spades.
लाल पान का दहला,the ten of hearts
~ a को एक कोने का एक खाली खाँचा में ले जाएँ,Move ~ a onto an empty corner slot.
पोकर हाथ तैयार करने हेतु ताश के पत्तों को जमाएँ,Place cards on to the Tableau to form poker hands
#-#-#-#-#gtk +. gtk-2-2. hi. po (gtk22 VERSION) #-#-#-#-#बांया मार्जिन #-#-#-#-#libgnomecanvas. HEAD. hi. po (PACKAGE VERSION) #-#-#-#-#बांयां मार्जिन,_ Marker Margin
recent menu label,Unknown item
सीमांत (बोर्डर) के रंग को हाइलाइट करें,Highlight border color
खोज रहा है घटक के लिए,Component for searching
दाएं बाजू के खाली स्थान पर कुछ ले जाएँ,Move something onto an empty right - hand tableau slot
~ a को एक हुकुम का इक्का पर ले जाएँ,Move ~ a onto the ace of spades.
आल्ट,Alt
कार्रवाई (_ o) ,Acti _ on
इस खेल के बारे में,About this game
बेसिक सूचना,Basic information
विक्रेता,Vendor
लाल पान का दुक्का,two of hearts
हुकुम की बेगम के बगल में हुकुम के गुलाम को रखें. ,Place the queen of spades next to the jack of spades.
विसम्मेलन,Disassembly
सबको कमिट करें,Commit replaced
हटाएँ,Remote
वुड,Wood
घर के दश्य पर जाएं,Do not show hidden directories
एक्सेर्साइसर पसंद,accerciser Preferences
एक जैसे पत्ते,Same suit
% s खिसकाएँ% s पर. ,Move% s onto% s.
केस सेंसिटिव,Case sensitive
इंटरफेस,Interface file
चव्वा मिटाएँ,Remove the fours
Anjuta वरीयता,Anjuta Preferences
~ a को चिड़ी का नहला पर ले जाएँ,Move ~ a onto the nine of clubs.
ईंट का दुक्का,the two of diamonds
ब्रिस्टल,Bristol
बेगम मिटाएँ,Remove the queens
स्थिति,Condition
अद्यतन,Update
संदेश,No Messages
शीर्ष पैनल pluginview के लिए लेआउट. ,The layout for the top panel pluginview.
कैनसास,Kansas
अंतर्क्रियात्मक% s कार्रवाई करने योग्य नहीं है,interactive% s is not actionable
#-#-#-#-#balsa. HEAD. hi. po (Balsa 2. x) #-#-#-#-#बचाएँ #-#-#-#-#gedit. gnome-2-2. hi. po (gedit VERSION) #-#-#-#-#संग्रहित करें #-#-#-#-#nautilus. HEAD. hi. po (nautilus 2. x) #-#-#-#-#बचाओ,S _ ave Log
एक इक्का को आप ढूंढ रहे हैं. ,You are searching for an ace.
ब्रिस्टल,Bristol
पूर्णस्क्रीन,Fullscreen
अंतर्क्रियात्मक% s कार्रवाई करने योग्य नहीं है,interactive% s is not actionable
हल करें (_ v) ,Sol
सूचना,INFO
ग्लेड अतंरफलक डिजायनर,Glade GUI Designer
नमूना प्लगिन,Sample Plugin
पिछला ध्वनि पथ,Pre _ vious Occurrence
राज्य,States
पंक्तियाँ,Lines
आधार पत्ताः ~ a,Base Card: ~ a
सत्रें,Revision:
चल रहा है... ,Running command:% s...
फ्रेम,Frame
सिलेक्शन के लिए हाइलाइट किया,_ Highlight Mode
हुकुम की बेगम के बगल में हुकुम के गुलाम को रखें. ,Place the queen of spades next to the jack of spades.
फ्रीसेल सॉलिटेयर के बारे में,About FreeCell Solitaire
पूर्व संदेश (_ P) ,Previous Commit Messages:
प्रोजेक्ट नाम,project name
एक नयी फाइल का निर्माण करें,Create new directories
एमडीआई-जेड-क्रम,MDI - Z - order
चुने गए एक्सेसेबलों को पुस्तक-चिह्नित करें,Bookmark selected accessible.
#-#-#-#-#balsa. HEAD. hi. po (Balsa 2. x) #-#-#-#-#बन्द करें #-#-#-#-#gedit. gnome-2-2. hi. po (gedit VERSION) #-#-#-#-#बंद करें,Calls
ईंट का इक्का,ace of diamonds
अवधि को हाइलाइट रकें,Highlight duration
सबको कमिट करें,Commit deleted
इसाबेल,Isabel
आधार ढेर,the foundation pile
डायरेक्टरी पाथ,Choose file or directory to update:
अतिरिक्त बाकीः,Reserve left:
आईपाइथन कन्सोल,IPython Console
मेमोरी,Examine _ Memory
खोलें,_ Open...
ईंट की बेगम,the queen of diamonds
बिल्ड (_ B) ,_ Build
जेब्राcard symbol,Zebra
हॉपस्कॉच,Hopscotch
ईंट की बेगम के बगल में ईंट के वादशाह को रखें. ,Place the king of diamonds next to the queen of diamonds.
अगला संदेश (_ N) ,_ Next Message
फाइल चुनें,Choose Icon
~ a को लाल जोकर पर ले जाएँ. ,Move ~ a onto the red joker.
शक्तिशाली डिबगिंग औजार,Powerful debugging tool.
विकल्पों को सन्ग्रहित करे,Macro operations
एस्लेरियॉट के बारे में,About AisleRiot
सिस्टमः,System:
परिवर्धित,Modified
संस्करण,Version
रंग,Colour
हुकुम का पंजा,the five of spades
एक खाली खाँचा,an empty reserve
पियर से प्रमाण पत्र लेने में असमर्थ,Unable to build user interface for Memory
हुकुम का इक्का,ace of spades
संदर्भ मदद (_ C) ,_ Context Help
नया (_ N) ,_ New
संस्थापित,Install
सत्ता मिटाएँ,Remove the sevens
डिस्क के उन्नत विकल्पों को छुपाओ,File manager popup actions
पिछली चाल पूर्ववत करें,Undo the last move
डिफ़ॉल्ट,Default
चुनें (_ S) slot type,_ Select
चिड़ी का सत्ता,the seven of clubs
प्रोजेक्ट इंपोर्ट सहायक,Project Import Assistant
नाम,Name
संदेश,Message
पहुंचनीय,_ Accessible
रविशंकर श्रीवास्तव (raviratlami @yahoo. com) राजेश रंजन (rajeshkajha @yahoo. com) ल. बालसुब्रमण्यम (l. balasubramaniam @gmail. com) ,translator - credits
% s किसी समुच्चय का सदस्य नहीं है,% s does not belong to a set
~ a को एक हुकुम की तिक्की पर ले जाएँ,Move ~ a onto the three of spades.
सॉलिटेयर के बारे में,About Solitaire
टिप्पणीः,Comment:
नया बीएसडी लाइसेन्स विवरण के लिए देखिए प्रतिलिपीकरण और सूचना फाइलें,The New BSD License See the COPYING and NOTICE files for details.
दुक्की मिटाएँ,Remove the twos
स्थान-विशिष्टः,Locale:
चुने गए एक्सेसेबलों को पुस्तक-चिह्नित करें,Bookmark selected accessible.
खेलने के लिये खेल चुनें,Select the game type to play
क्लॉन्डिके,Klondike
दिखाएं,Show
फाइल्स डिलीट कर रहा है,Disable overwriting files
हाइलाइट अवधिः,Highlight duration:
लाल पान का बादशाह हटाएँ. ,Remove the jack of hearts.
नीचे पैनल pluginview के लिए लेआउट. ,The layout for the bottom panel pluginview.
टैब हाशिया दबा रहा है,Pressing tab indents
ईंट की तिक्की,three of diamonds
तुल्यकालन URI,Synchronization file
यह खेल कोई संकेत उपलब्ध कराने में असमर्थ है. ,This game is unable to provide a hint.
मौजूदा मान,Current value
इस खेल के बारे में,About this game
री-लोड,Reload
पंक्ति संख्या प्रदर्शित करें,Show / Hide marker margin
#-#-#-#-#gedit. gnome-2-2. hi. po (gedit VERSION) #-#-#-#-#चिपकाएं #-#-#-#-#gnome-utils. gnome-2-2. hi. po (gnome-utils 2.0) #-#-#-#-#चिपकाओ #-#-#-#-#gtkhtml. HEAD. hi. po (GtkHTML 2. x) #-#-#-#-#चिपकाओ,Paste
यूनिकोड,Unicode
हुकुम की पंजा के बगल में हुकुम के चव्वा को रखें. ,Place the five of spades next to the four of spades.
चिपकाएं,Patch
ईंट का बादशाह,king of diamonds
ईंट की तिक्की,three of diamonds
जोड़ें (_ A) ,_ Add
सभी को ताजा करें,Refresh all
वालग्रिंड प्लगिन,Valgrind Plugin
3number,3
बचा मालः ~ a,Stock left: ~ a
क़िस्म,Type
हाल में खेला गया (_ R) ,_ Recently Played
समय,% Time
पिछला संदेश,Prev mesg
उर्ध्वाधर पैमाना,Subversion operations
~ a को एक खाली तस्वीर खाँचा पर ले जाएँ. ,Move ~ a onto the tableau.
ध्वनि,Sound
मदद (_ H) ,_ Help
संस्करण नियंत्रण सिस्टम प्लगिन,A version control system plugin
पाठ्य संसाधक,Todo List
एक खाली जगह,an empty space
गुपत अक्षर (_ P): ,Password:
सभी,Everything
त्रुटि,ERROR
नहीं लिखें,No write
न्यासslot type,foundation
डेक में से नया पत्ता चलें,Deal new cards from the deck
प्रसंग फ़ाइल का नाम जिसमें खेला जाने वाला सॉलिटेयर खेल है. ,The name of the scheme file containing the solitaire game to play.
हाइलाइटन,Highlighting
गंतव्यः,Destination:
टैग लिस्ट प्लगइन,CVS Plugin
% s नियमित फाइल नहीं है,"The type ""% s"" is not a cell renderer type."
खोलें,Open
फाइल सहायक,File Assistant
काला जोकर,the black joker
~ a को एक हुकुम की तिक्की पर ले जाएँ,Move ~ a onto the three of spades.
बिन्यासः,Configuration:
सत्र,Session
अन्य,Other
ग्लेड अतंरफलक डिजायनर,Glade interface designer
ईंट का दहला,Remove the ten of diamonds.
टेम्पलेट,Template
~ a को लाल पान की बेगम पर घुमाएँ. ,Move ~ a onto the queen of hearts.
एक पत्ते बांट,Single card deals
मैनेजर प्लगिन डिबग करें,Debug Manager plugin.
चिड़ी का इक्का,ace of clubs
कुछ नहीं,None
मिटाएँ,Delete Tags
ब्लाक दस,Block Ten
स्तर,Layer
% (rolename) s अभिभावक सूची% (num1) d पंक्ति और स्तंभ सूची% (num2) d से मेल नहीं खाते,% (rolename) s parent index% (num1) d does not match row and column index% (num2) d
सभी फ़ाइलें,All files
एक प्रोजेक्ट खोलें,Run to the cursor
ईंट का छक्का,Move ~ a onto the six of diamonds.
~ a को हुकुम का चव्वा पर घुमाएँ. ,Move ~ a onto the four of spades.
प्लगिन चुनें,Select a file
जोकर मिटाएँ,Remove the jacks
मूलभूत जीयूआई अनुप्रयोग पहुंचनीयता का परीक्षण करता है,Tests fundamental GUI application accessibility
हुकुम का दहला हटाएँ. ,Remove the ace of spades.
वर्णन,Description
% d%% Not ApplicableNot Applicable,% d%%
एक खाली तस्वीर,an open tableau
टेरेस,Terrace
यूनिकोड,Unicode
जेनेरिक प्रोजेक्ट,A generic project
% u फाइल्स,_ Build Module
सूचना,Notification
जाएँ घर की स्थिति पर,Goto symbol declaration
एस्लेरियॉट के बारे में,About AisleRiot
अज्ञात रंग,Unknown color
लाल पान का दहला हटाएँ. ,Remove the three of hearts.
संपादन (_ E) ,_ Edit
प्लगइन्स,Plugins
उन प्लग-इनों की सूची जिन्हें डिफोल्ट रूप से निष्क्रिय किया गया है,A list of plugins that are disabled by default
~ a को एक ईंट का छक्का पर ले जाएँ,Move ~ a onto the six of diamonds.
प्रिंट पूर्व दर्शन,_ Print Preview
फेंटें मोड,Shuffle mode
जीता,Wins
मोड,Unicode
ईंट का गुलाम के बगल में ईंट का दहला को रखें. ,Place the jack of diamonds next to the ten of diamonds.
लाल पान का सत्ता,the seven of hearts
जिप्सी,Gypsy
आर्मेनियाई,Armenian
% (rolename) s सूची% (num) d पंक्ति और स्तंभ से मेल नहीं खातेparent indexrow and column index,% (rolename) s index% (num) d does not match row and column
चिड़ी का गुलाम,jack of clubs
श्रोत दिखाएं,View Source
लागू नहीं,N / A
पत्ते बाँटें,Deal the cards
रेडहेड,Redheads
सिन्योर,Signora
नहला मिटाएँ,Remove the nines
चार सूइट,Four Suits
पत्तों हेतु ग्राफ़िक्स सहित फ़ाइल का नाम. ,The name of the file with the graphics for the cards.
घटना मानिटर,Event Monitor
लाल पान की चव्वा के बगल में लाल पान के तिक्की को रखें. ,Place the four of hearts next to the three of hearts.
साइरिलिक/यूक्रेनी,Cyrillic / Ukrainian
छोड़ रहा हैः% s,Leaving:% s
एक्सेर्साइसर पहुंचनीयता अन्वेषक,Accerciser Accessibility Explorer
समय,Time
अंजुटा के लिए डेव वहेल्प प्लगिन,Devhelp Plugin for Anjuta.
दक्षिण यूरोपीय,South European
इस खेल के बारे में,About this game
प्रलेख,_ Document
एक तिक्की को आप ढूंढ रहे हैं. ,You are searching for a three.
छापें... (_ P) ,_ Print...
पिछली क्रिया रद्द करें,Redo the last action
जायंट,Giant
जेनेरिक C + + प्रोजेक्ट,A generic GTKmm (C + +) project
Qcard symbol,Q
डायरेक्टरी नहीं है,Project root directory:
बहुत अधिक चयनीय शिशु हैं,Too many selectable children
खेल फ़ाइल उपयोग में,The game file to use
अपने अनुप्रयोग को पहुंचनीयता व्यायाम का लाभ दें,Give your application an accessibility workout
Generic gcj compiled java,Generic gcj compiled java
फ़ॉन्टः,Font:
दृश्य,View
प्रथम आधार ढेर हेतु अतिरिक्त में से एक ताश का पत्ता चुनें,Select a card from the reserve for first foundation pile
चिन्हित किए हुओं को टागल करें,Toggle Fold Margin
ईंट की बेगम,Move ~ a onto the queen of diamonds.
लोड किया सत्र... ,Loaded Session...
लाल पान का गुलाम,the jack of hearts
डेवलेपर को इस बग को रिपोर्ट करें. ,Please report this bug to the developers.
हुकुम का दुक्का,the two of spades
% s संबंध के लिए अन्योन्य गायब है,Missing reciprocal for% s relation
अस्थायी स्पॉट उपयोग स्वीकारें,Allow temporary spots use
गनोम,GNOME
एथेना,Athena
विकल्प,Class Options:
दरी,Carpet
संदेश सहेजें,Copy message
जेनेरिक (Minimal) ,Generic (Minimal)
अन्वेषण और प्रतिस्थापन,Find & Replace
प्रारंभ,Start
क्लॉन्डिके तीन डेक,Klondike Three Decks
तिहरी चोटी,Triple Peaks
बरबादीfoundationslot hint,waste
हुकुम का नहला,the nine of spades
सभी चुनें (_ A) ,Select _ All
एलीवेटर,Elevator
हुकुम की पंजा के बगल में हुकुम के चव्वा को रखें. ,Place the six of spades next to the five of spades.
~ a को ईंट का चव्वा पर घुमाएँ. ,Move ~ a onto the four of diamonds.
कठोर,Cruel
लाल पान की नहला के बगल में लाल पान के अट्ठा को रखें. ,Place the nine of hearts next to the eight of hearts.
Gdb प्लगिन. ,Gdb plugin.
ब्रिस्टल,Bristol
हाइलाइट बक्से का भराई रंग,The fill color of the highlight box
यूजर नाम,UserName
~ a को एक ईंट का चव्वा पर ले जाएँ,Move ~ a onto the four of diamonds.
"स्ट्रिंग की सूची जो पांच गुने रूप में आता हैः name, wins, total games played, best time (सेकेंड में) और worst time (सेकेंड में ही). नहीं खेला गया खेल दिखाया नहीं जा सकता. ","A list of strings that come in the form of a quintuple: name, wins, total games played, best time (in seconds) and worst time (also in seconds). Unplayed games do not need to be represented."
हुकुम की दुक्का के बगल में हुकुम के इक्का को रखें. ,Place the two of spades next to the ace of spades.
पुस्तक-चिह्नों को प्रबंधित करें। ,Manage bookmarks.
~ a को एक हुकुम का गुलाम पर ले जाएँ,Move ~ a onto the jack of spades.
सक्षम,Enabled
लाल पान का दहला हटाएँ. ,Remove the queen of hearts.
"नाम (x, y) ","name (x, y)"
तस्वीर में खाली जगह,empty space on tableau
प्रगतिशील राउंड,Progressive Rounds
काटें (_ t) ,Cu _ t
मुख्य विंडो की क्षैतिज विभाजन की स्थिति. ,Position of the horizontal split of the main window.
प्रोजेक्ट लोड करने में असमर्थ,Unable to edit script
चयनित,Copy selection
संदेश,Messages options
हुकुम का नहला,nine of spades
#-#-#-#-#file-roller. gnome-2-2. hi. po (File Roller hindi) #-#-#-#-#खोलो #-#-#-#-#gedit. gnome-2-2. hi. po (gedit VERSION) #-#-#-#-#खोलें,Open
निगरानी,Watches
प्रलेख,_ Document
इस समय चुने गए एक्सेसेबेल से काम लेने के लिए अंतर्क्रियात्मक कन्सोल,Interactive console for manipulating currently selected accessible
हुकुम की तिक्की,the three of spades
चलाएँ (_ R) ,_ Run
सोर्सफोर्ज,Source File:
मिटाया,Deleted
~ a को एक लाल पान का पंजा पर ले जाएँ,Move ~ a onto the five of hearts.
पूरी लाइन फेंटें,Deal a row
Xlib dock,Xlib dock
निर्देश चलाएं,Debugger Target:
मिलाएं,_ Merge…
#-#-#-#-#gedit. gnome-2-2. hi. po (gedit VERSION) #-#-#-#-#बदलें/परिवर्तित करें #-#-#-#-#gtkhtml. HEAD. hi. po (GtkHTML 2. x) #-#-#-#-#बदलो #-#-#-#-#nautilus. HEAD. hi. po (nautilus 2. x) #-#-#-#-#बदलना,Replace
मुख्य खेलः,Main game:
लाल पान का छक्का,the six of hearts
~ a को एक लाल पान का नहला पर ले जाएँ,Move ~ a onto the nine of hearts.
कोई संकेत उपलब्ध नहीं है,No hint available.
भाषा प्रबंधक,Language Manager
फ्रीसेल सॉलिटेयर,FreeCell Solitaire
लाल पान का अट्ठा,eight of hearts
हाशिया पैरामीटर,Indentation parameters
Anjuta फाइल सहायक प्लगिन,Anjuta File Assistant Plugin
डेक में से पत्ता निकालें,Deal a card from the deck
एकल प्लग-इन दृश्य,_ Single plugins view
सभी,Everything
"स्ट्रिंग की सूची जो पांच गुने रूप में आता हैः name, wins, total games played, best time (सेकेंड में) और worst time (सेकेंड में ही). नहीं खेला गया खेल दिखाया नहीं जा सकता. ","A list of strings that come in the form of a quintuple: name, wins, total games played, best time (in seconds) and worst time (also in seconds). Unplayed games do not need to be represented."
आउटपुट छोड़ें,Discard output
पूर्व संदेश (_ P) ,Use previous message
चिड़ी का पंजा,five of clubs
उपज,Yield
छैतिज पैमाना,Print options
Anjut के लिए टूडू प्लगिन,Todo Plugin for Anjuta.
प्रोफाइल,Profile
निर्देश: ,Command:
एक गुलाम को आप ढूंढ रहे हैं. ,You are searching for a jack.
मौजूदा चयन,Copy the selection
अंजूटा हैल्प ब्राउजर,Incremental search
"माउस के अधीन जो एक्सेसेबल है, उसे जांचें",Inspect accessible under mouse
लाल पान का बादशाह हटाएँ. ,Remove the king of hearts.
बेकार को भण्डार में ले जाएँ,Move waste to stock
स्थिति पट्टी (_ S) ,_ Statusbar
प्लग-इन जिसमें हैं एक्सेसेबेलों को तेजी से चुनने के लिए कई विधियां,Plugin with various methods of selecting accessibles quickly.
दस्तावेज संग्रहित नहीं किया गया,This file has not been saved. Save it first.
स्पेन,Step in
चिड़ी का पंजा,the five of clubs
फाइल को खोलने में असमर्थ,Enable python comments folding
वर्णन,Description
हल करें (_ v) ,Sol
हाइलाइट अवधिः,Highlight duration:
जीताः,Wins:
नया शार्टकट,Short cut:
कुंजी,Key
विकल्प,HTML export options:
भूमिका,Role
अंतराफलक के विभिन्न गुणों को देखने देता है,Allows viewing of various interface properties
चिड़ी का अट्ठा,the eight of clubs
घटनाओं को मानिटर करें (_ M) ,_ Monitor Events
बेकर्स दर्जन,Bakers Dozen
बतौर रूट संस्थापित करेंः,Install as root:
एक खाली फाउन्डेशन स्लाट,an empty foundation slot
रिडील पर बेतरतीब रूप से रखा गैप्स,Randomly Placed Gaps on Redeal
बचा भंडारः ~ a,Stock remaining: ~ a
आधार पत्ताः इक्का,Base Card: Ace
वर्तमान खेल पुनःप्रारंभ करें,Restart the game
प्रोफाईलिंग पुन सेट करें,Profiling Data
इस विंडो को बन्द करें,Close this window
Anjuta फाइल सहायक प्लगिन,Anjuta File Assistant Plugin
"वर्तमान फाइल को प्रिंट करेंActionFormatSettings "", N _ ("" Autoformat _ settingsAutoformat settingsActionFormatIndentationIncrease "", N _ ("" _ Increase IndentIncrease indentation of line/selectionActionFormatIndentationDecrease "", N _ ("" _ Decrease IndentDecrease indentation of line/selection",Autoformat the current source file
make (\\ [\\d + \\])?: \\s + Leaving\\s + directory\\s + '(. +)' ,make (\\ [\\d +\\])?: \\s + Leaving\\s + directory\\s + '(. +)'
चयन (_ S) ,_ Selection
खेल पुनः प्रारंभ करें,Statistics of games played
स्रोतः,Source files:
लान्चर सूचना का सम्पादन करें,Enter the basic Project information
लाल पान का दहला,ten of hearts
विषय सूची (_ C) ,_ Contents
किंग ऑडियंस,Kings Audience
हुकुम का दहला,ten of spades
ईंट का नहला,nine of diamonds
~ a को एक खाली बाएं स्लॉट में ले जाएँ. ,Move ~ a onto an empty left slot.
नाम,NAME
प्रतिशतः,Percentage:
अतिरिक्त में से एक ताश के पत्ते को खाली तस्वीर खाँचा पर ले जाएँ,Move a card from the reserve onto the empty tableau slot
लाल पान का पंजा,five of hearts
सभी मिटाएँ,Remove all
इस खेल में अब तक कोई संकेत समर्थन उपलब्ध नहीं है. ,This game does not have hint support yet.
स्थान (_ L): ,_ Location:
हाथापाई,Scuffle
~ a को एक सुरक्षित खाँचा पर ले जाएँ,Move ~ a onto an empty reserve slot.
एक्सेर्साइसर पहुंचनीयता अन्वेषक,Accerciser Accessibility Explorer
लाल पान का चव्वा,the four of hearts
कैनसास,Kansas
8number,8
प्रोजेक्ट खोलें,Open Project
अपने अनुप्रयोग को पहुंचनीयता व्यायाम का लाभ दें,Give your application an accessibility workout
ईंट का बादशाह हटाएँ. ,Remove the six of diamonds.
लाल पान का दहला हटाएँ. ,Remove the two of hearts.
तीन पत्ते बांटें,Three card deals
नमूना क्रिया (_ S) ,_ Sample action
चिड़ी का दहला हटाएँ. ,Remove the queen of clubs.
तस्वीर में एक खाली खाँचा,an empty slot on tableau
पाठ (_ x) ,Te _ xt
क्लॉन्डिके तीन डेक,Klondike Three Decks
मदद (_ H) ,_ Help
"सूर्य किरणें आपको विटामिन डी देती हैं, कम्प्यूटरों के मॉनीटर्स नहीं... ",Monitors won 't give you Vitamin D - - but sunlight will...
स्ट्रिंग,String
Acard symbol,A
मेक्रो,Macros...
चिड़ी का इक्का,the ace of clubs
यूआरआई,URI
श्रेणी,Summary: \t% s
बेकार में से पत्ते ले जाएँ,Move card from waste
